"PRECIPITATION.mm.","X","Y","PL3"
9.3,-1.09798727801543,1.56285761901597,"M"
0.1,-2.60245214751375,-0.948758567761603,"M"
0,-3.23819990151882,0.1079879521219,"M"
0,1.80798044102177,1.81240357671318,"H"
0,1.48223153978572,1.47346179538679,"M"
0.1,0.195843226440116,2.36189445798442,"M"
0,0.999918946916921,2.32401852393576,"M"
0,1.85774701010377,1.51946571085053,"M"
0.6,2.3665692038584,0.551588799151165,"M"
0.8,-1.3269606684206,1.81705128834185,"M"
0.9,-2.16611485347452,1.22802542382358,"M"
0.1,-1.95561466417879,1.89049498419035,"M"
0.2,-2.02306823173198,1.27251519824199,"M"
0,-2.92355337462033,1.75525942975563,"M"
4.6,0.511070078657611,2.32448002243532,"M"
2.2,-1.18380292899759,1.71026624397979,"M"
0.1,-2.63606107306077,1.93496305367665,"L"
0,-1.7183272240246,2.73500485395838,"M"
0,-4.06731053782755,-0.516705901724524,"M"
0,-3.71901652643701,0.780330747880903,"L"
0,-1.96986830569537,2.11464390813604,"M"
0,-5.91315027325102,-0.661176108122037,"L"
0,-4.95684204180502,-2.36004596832228,"L"
0,-3.79052566985169,-2.60613030107771,"M"
0,-3.4798257784209,-2.94693273622547,"M"
0,-3.6406647467326,-2.30687238526505,"L"
0.2,0.806883406384394,2.54515994949267,"M"
0,-2.99302057310513,0.636732164233484,"M"
0,0.666246968775241,2.60618782450494,"M"
0,1.75867685598487,2.17877390204289,"M"
0,1.75487309494405,1.5928968644082,"M"
1.1,0.810015861877547,2.13126120020676,"M"
5.4,1.38737212418014,2.17522380205989,"M"
0.1,1.89401123860881,1.55409826845779,"M"
0,0.669136527939332,2.31524432986614,"M"
0.7,1.86232480110446,1.13320180691315,"H"
0.1,1.09344048218442,2.54505165211245,"M"
0,1.39293281359517,2.13593964727701,"M"
0.2,-1.24699276970467,2.03889897550229,"M"
0,2.81524033872345,0.504005788879712,"M"
2.6,-1.25230055475983,2.10576430792913,"M"
0,-2.57755255102273,-2.90010738537666,"M"
0,-4.12335759940185,-0.234141212636747,"M"
0,-4.22684760952685,-0.892277583399461,"M"
0,-5.56085939347606,-1.10713269574568,"L"
0.1,-4.85099534859457,-0.691262705426711,"L"
0,1.36305505940641,2.01171093972931,"M"
0,1.25567850308157,1.96269495767907,"M"
3.9,-2.33999227302472,1.53767231950914,"M"
6.6,-0.670792274876492,2.17909103159231,"M"
0,-2.000996663509,2.27528291705138,"M"
0.1,0.382827630769894,2.18674255574796,"M"
0,1.14429270195192,2.07545036371858,"M"
0,1.87813615456931,1.6651440132612,"M"
2.6,-1.13893150486451,1.74046977199464,"M"
0,0.62256641708239,2.5655430334183,"M"
1.1,-2.93545105104437,-0.790396816113608,"M"
0.3,-3.95608842562099,-2.22732224176647,"M"
0,-4.78113614911139,0.526153137081142,"M"
0,1.23017500020334,2.77997652307977,"M"
4.6,0.586096941000966,2.40974902754401,"H"
0,1.30789670843133,2.22391685997352,"M"
0.2,1.08976255163734,2.30541050163498,"M"
1.1,2.06070016677608,1.7600042109748,"M"
0.2,-0.172766291991069,2.66440458796176,"M"
0,0.437141395008682,3.22046695383913,"M"
0.1,-4.13842597461231,-0.114151008117249,"M"
0,-0.952639527786192,2.61168105443588,"M"
0.1,-2.59895312175851,2.43290827424745,"M"
0,-4.0600639615665,-0.859290770338507,"M"
0,-2.90119500298481,-2.63618427934315,"M"
0,-4.20015997897684,2.08680524989785,"L"
0,-2.48769937265431,-3.23384474446368,"M"
0,-4.08662616867453,2.32152677294589,"L"
2.4,-3.68854179971805,-2.81500610864928,"M"
0,-2.74320971265223,1.44388381541261,"H"
0,-4.18179253397672,1.04341324640649,"M"
0.1,2.84724345808991,0.360700277743478,"M"
0,0.446475574125649,3.8944909245894,"M"
0,-1.18904054254967,2.75430255930121,"M"
0.2,-2.7513889657757,-1.19576701702619,"M"
0,1.11420766301634,2.33808496074793,"M"
1.3,-3.53009402993941,-1.03963269465044,"M"
0,-2.70413688420999,-2.26904026219348,"M"
0,-1.31798436135293,3.02537885614829,"M"
0,-6.23347716738391,-0.285240957268601,"L"
0.1,-4.42483956844797,-4.15520093298714,"H"
0,-4.49290352712006,0.652240673365396,"H"
11,-3.39981763080272,-2.69756187645122,"M"
8.2,-2.37886605854792,-1.4577709955575,"M"
3.3,-1.99094560556218,1.56110076410609,"M"
1,0.981859675485828,1.87892298342824,"H"
13.7,1.58873334067142,1.27965869365196,"H"
16.6,0.741827989232721,2.11359675302337,"H"
12.2,1.09128988121253,1.8292037598811,"H"
8.2,0.796981695958978,2.13616951019959,"M"
0,-2.23253167879623,-0.182762969912673,"H"
15.8,1.88608572540845,0.495157183539207,"H"
5,1.67545526809455,1.45645104435893,"M"
1.7,-0.0803243717943751,2.40866103785814,"H"
6.4,-1.2565776893801,2.1958853591552,"H"
2.1,-0.43849445750864,1.73546034548019,"M"
0.2,-0.269596863437419,2.04228243179652,"H"
0,-0.310613116195354,1.85416274691501,"H"
0,0.484089871275704,2.46287575742835,"H"
0,0.309327732955353,2.7023538542583,"M"
0,0.00477521734238052,2.27999499940226,"H"
0,0.058809914065906,2.38927633270151,"H"
0,0.305630705146995,2.29978039648818,"H"
0,-1.17257363488783,1.76620244331332,"H"
0,0.484036457047507,2.27916842472181,"M"
0,-0.3812336964879,2.36952756233435,"H"
5.7,-0.976001097306823,1.75713455889294,"H"
0,0.0377215927790442,2.13966751656378,"M"
0,0.47013154002649,2.61812458356594,"H"
33.1,0.195963004617966,2.51236910123117,"M"
0,0.19157855006857,2.27193698397504,"H"
1.7,0.455531733718888,2.70186802778653,"H"
0,0.877193729040703,2.52179126053916,"H"
0,1.88576933442173,1.62603014035861,"M"
0,-0.157673971657286,2.46496225501767,"H"
0,-2.06260006864473,3.26271067623636,"M"
0,-1.68435642501196,2.17380850893562,"M"
1,0.0219629217951943,2.41990033473823,"H"
19.5,-1.04530085066207,2.0037330489876,"H"
23.4,-1.26488422049477,1.78778295907063,"H"
0,-0.259753516720086,2.73770489836862,"M"
0.1,-1.03388215908296,2.30910971613086,"M"
3.7,-0.219192395399941,2.99198173353362,"M"
5.8,-1.08339702578542,2.64685679335307,"M"
14.1,-1.27261352791714,1.84338135190803,"H"
0,-3.02353801642727,-1.46554353849317,"M"
0,-2.34929214276268,-2.06826652730095,"M"
0,-1.77913029315631,1.56575713313832,"M"
0,-1.26180257322269,1.83868275300787,"M"
0,-0.507806209743359,2.68235584017969,"M"
0,-1.47058713121078,2.25243723320257,"H"
0.9,-0.200628232793789,2.71259070119435,"H"
3.2,-0.207916603678789,2.64183093439279,"M"
0.5,0.0536543478950829,2.51942874694879,"H"
4.1,-0.308582026069299,2.59169387335522,"H"
18.3,-0.965796295769493,1.57789021008368,"M"
0.1,-0.529826830932301,1.81421705681107,"M"
4.3,-0.173406644570834,2.21321714606106,"M"
18.8,-0.598891758653453,2.01279126126307,"M"
5.7,0.686985040377624,2.26824856536874,"M"
0,0.451257605010412,2.03045969522182,"M"
0,1.42319367329184,1.93249056098654,"M"
1,1.0161191578504,2.31698119479839,"M"
5.2,0.529506838008656,2.40233688488981,"M"
0,1.96655709184779,0.868995514662291,"M"
0,1.54464090977303,2.37128329388446,"M"
2.4,0.782669600265744,2.48988519751812,"H"
0.1,0.000441568298513431,2.5299999614659,"M"
2.4,-0.0240502941036722,2.59988876365,"M"
0,-1.97226472793053,1.95922735867002,"M"
0.3,1.14363120546741,2.44583475849885,"M"
4.3,1.01304636758439,2.48115639513596,"M"
13.7,-0.194979663096901,2.52247555607158,"M"
5,0.58885049423496,1.75378308106768,"M"
5.4,-0.124282133243556,1.51491054236098,"M"
0,1.02798092675308,1.71559179708691,"M"
2,0.519988502327009,1.85863174336599,"M"
7.1,0.187431137807962,2.07153797179294,"M"
0.2,0.357228059723885,2.3732652850758,"M"
2.1,-0.53235709710056,2.73873984181898,"M"
0,0.886354137806276,2.04628354398741,"M"
0.5,1.16833115159008,2.43413276552948,"M"
2.2,0.803627668183798,2.58810404947898,"M"
2.7,0.744328056828714,1.67178818748596,"M"
0,-0.821817644325527,1.70037846591143,"M"
40.3,-0.140173594581992,1.29242073775608,"M"
27.1,-0.27714701633948,1.29057720859084,"M"
5.7,-0.161487272351691,1.41078767391426,"M"
16.5,0.137791323373332,1.23232039308088,"M"
16.8,-0.664930114924779,1.16338641141545,"M"
0,1.07087421825098,0.932538690181458,"M"
0,0.765049294864148,1.18439840274625,"M"
0,1.39003531960766,1.38181106170244,"M"
0,0.313598862411584,1.76231545232236,"M"
0.1,1.10483734330125,1.18479299662306,"M"
0,-0.0871932810683679,1.69776244855885,"M"
0,0.438339307602883,1.56995498388018,"M"
1.7,0.871216342520218,1.159086745902,"M"
0,0.653709367851085,1.43842415941326,"M"
0,0.16262255209967,1.89302770860561,"M"
16.1,-0.844900696030751,0.93474211087698,"M"
36.5,-1.1661135181497,0.719082236457362,"M"
26.5,-0.995976923737499,0.651252614107911,"M"
26.5,-0.111053247339675,1.1948502735721,"M"
18.6,-0.783840457541229,0.895373741585912,"M"
6.3,-0.724175225953612,1.11555826477824,"M"
9.7,-0.655230354606489,0.981362920841344,"M"
11.4,-0.426081238491794,1.30205790124913,"M"
25.1,-0.975614522306058,1.19154366427149,"H"
0,-0.737562106377029,1.20170800914227,"H"
3.2,-0.790117077103612,1.34510780403254,"M"
0.7,-0.948799782502482,1.44660947484912,"H"
12.6,-0.949864107174544,1.17382203842895,"M"
10.7,-0.650110754351063,0.862412898255292,"M"
19.3,-1.12669600259862,0.493412725543533,"M"
7.6,-0.821817644325527,1.70037846591143,"M"
8.6,-0.821817644325527,1.70037846591143,"M"
7.5,-0.821817644325527,1.70037846591143,"M"
2,-0.821817644325527,1.70037846591143,"M"
9.9,-0.0227144194171456,1.36981168601766,"M"
15.8,-1.6245247071638,0.565083600730341,"M"
0.1,-0.52420002591407,1.61716243242035,"M"
0.1,-0.549747945743218,1.62977826594636,"M"
0,-0.33895818736882,1.37895153911065,"M"
1.7,-0.949126074245944,1.18724879245526,"M"
0.1,1.36250072440863,1.09822209774979,"M"
4.2,1.26140413460236,-0.147511386706461,"M"
0.1,0.930841983265214,1.51721231282602,"M"
0,-0.282773130006859,1.65603120651337,"M"
0,-0.571793511176558,1.80143059277242,"M"
23.2,-1.08430723122287,0.96269300834575,"M"
20.5,-0.0762367233985795,1.36787717358155,"M"
19.2,-0.550935622658484,1.09971357165669,"M"
2.3,-0.453733381844639,1.63833025309302,"M"
0.6,-0.819439620347845,1.44364770931283,"M"
12.8,-1.14731093915249,1.1437122054525,"M"
2.4,-0.964380324246396,1.17489173552563,"M"
9.9,0.171187269768089,1.57069886314002,"M"
1.3,-1.42751491107144,0.923147430624549,"M"
40,-0.458603219568699,1.23777343928573,"M"
5.4,-0.791255216280436,1.29781169000322,"M"
1,0.707885100587853,1.51254708500784,"M"
0,0.348330661592033,1.40753889828838,"M"
0,-2.60879823397642,-0.519395585658468,"M"
0,-2.3147242838188,0.405649466780795,"M"
9.1,-0.972723926931802,1.38199426987755,"M"
0.3,-1.09619205802544,1.27309189453156,"M"
2.8,-1.26278206718377,0.966168438109571,"M"
10.2,-1.09466821660065,0.560893479694997,"M"
6.8,-0.976275455393123,1.25498455576033,"M"
10.8,-0.199438656190413,1.38572155298854,"M"
0,0.856793012687042,0.854403729749971,"H"
14.9,-0.860794795112981,1.14189855972691,"M"
10.3,-0.890933338557453,0.7112227402487,"M"
9.6,-0.679007641054813,0.787749086568292,"M"
3.2,-0.862801709355497,1.20248626201435,"M"
0,1.6329478180288,0.435409489555495,"M"
0,-1.05339920176481,1.24388509184782,"M"
0,-0.662049081321406,-2.33807421052487,"L"
0.2,0.648652801332811,2.02882959938066,"M"
0,-1.00448037153663,1.34663253458307,"M"
0.2,-1.71542249056043,0.744463349587768,"M"
5.4,-1.36585571543906,0.307307931239093,"M"
0,-1.36982171125443,1.30218603869646,"M"
11.2,-1.07938685652367,1.19458110397074,"M"
2.6,-0.393201668055862,1.37487906676845,"M"
0,0.343794801659351,1.73629062496807,"M"
0.2,-0.987433771098916,1.30941763684982,"M"
13.5,0.298763135011208,1.54131132129699,"M"
3.7,-0.899526073265921,1.08579594929931,"M"
0.7,-0.662645643491606,1.90821926181495,"M"
23.6,-1.19490825712628,-0.110427610005056,"M"
6,-0.631770190240447,0.78801423002605,"M"
14,1.00215706317903,1.15610605946011,"M"
8.6,1.45373670670703,0.277578074733231,"M"
0.1,-0.292402630105995,1.86724414630415,"M"
0.1,0.00910359005045004,1.6299745779147,"M"
0.1,-1.38854251379092,0.451164811787423,"M"
0.1,1.23578657423704,1.15279293150829,"M"
0,0.787371857340348,1.35828773029444,"M"
0,-0.241926985006144,1.16514863168861,"M"
1.7,-1.28696011288589,-0.525198693677669,"M"
0,1.13243834053257,1.20003475153507,"M"
12.1,-1.87554810611434,0.23327944969693,"M"
0,-1.7862931727539,0.730791831490196,"M"
0.5,-0.126586396409251,1.64513704117442,"M"
0,-2.1889785639324,-0.0668793439295121,"L"
17.5,-1.63139932516107,0.605091928440624,"M"
2.5,-0.881348525342903,1.28717705731414,"M"
3.5,0.868143810263091,1.61097061571646,"M"
0.6,-0.86977174998849,1.07139960001951,"M"
2.5,-0.727657386492292,1.12521763578572,"M"
1.3,-1.93341085615237,-0.377918590852801,"M"
0,-1.23594821678527,1.46929643211481,"M"
0,1.67502824007628,0.785353675070644,"M"
0.5,0.587629295703008,1.73308736387742,"M"
0,-0.450519970018221,1.52483827228162,"M"
0,1.18074200217462,1.16681117765501,"M"
0,-0.180397421323969,1.80098772077426,"M"
0,0.0528804740402118,1.4490354224329,"M"
0.1,0.0643434062338932,1.78884318096199,"M"
5.8,-1.29574107757328,0.672796447589629,"M"
0,1.31824255371213,1.04145886600601,"M"
0.3,-0.0359366407726655,1.55958602130501,"M"
0,-1.17459136688695,1.41631039000448,"M"
0,0.424057690518193,1.61526315970878,"M"
0.9,-1.57563105371247,0.417476685069875,"M"
0.1,-2.32299283194686,-0.41629833379862,"M"
0.4,1.30134086263722,1.24358833993835,"M"
2.7,1.37574274254492,1.11365699671622,"M"
0,-2.57990646594237,0.228435170209686,"L"
0,-2.31201532342668,0.360811785062858,"L"
0,-2.41972821216549,0.22319359141876,"L"
0,-1.49914642191646,1.52714112172224,"L"
0,-0.971348970781634,1.95163551334809,"L"
0.1,-2.0030611995175,1.22892059588385,"L"
0,0.551231969459329,1.6924961789753,"M"
0,0.172557897746795,1.57054887600648,"M"
0,-0.821817644325527,1.70037846591143,"M"
0.9,-0.821817644325527,1.70037846591143,"M"
4,0.874700659795835,1.72040656699303,"M"
0,1.54464626598839,1.01811979303426,"M"
0,0.291098976623478,1.86744782679698,"M"
0,-2.27637429147124,0.583626665882238,"M"
0,-1.82289132028076,1.12101170129712,"M"
1.2,-1.36720490020703,0.868994108639347,"M"
15.9,0.447465287671333,-1.67112980235804,"M"
0,-1.37611647942786,0.835705351811906,"M"
0,-1.24573333730722,1.47412633526486,"M"
0.4,-1.85516013492927,0.66278267461454,"M"
6.7,-1.15712414368669,1.01620062787687,"M"
0.9,-0.272883694078731,1.52578979204409,"M"
0.5,-1.06046638953456,1.22466772500443,"M"
0.1,-0.0611161224385882,1.75893854911935,"M"
1.3,-1.26967958818697,1.13044847000709,"M"
0.4,-1.60076665102755,0.731536826795505,"M"
0,-2.01839895695763,0.459309972189107,"M"
0.1,-0.201364298244834,1.58727830558865,"M"
1.9,0.252692069525725,1.59004613706609,"M"
0.5,-0.80565263485426,1.10807212398489,"M"
0.2,-1.09113980631292,0.861112027020529,"M"
0,-1.06799481396098,1.43648427675087,"M"
8,-1.02410485587598,0.663030349359091,"M"
22.8,-1.29445989641309,0.417101398437127,"M"
0,1.3017409974188,0.80397162614057,"M"
0.2,-1.46973503490009,0.632359808326907,"M"
0,-2.12115182600822,-0.28339889029776,"L"
0,-2.77735008592505,-0.799015957420205,"L"
0,-3.26578483667511,-1.36610738982809,"M"
0,-2.74196823595343,0.658794499842262,"M"
0.4,1.01572484276307,1.36319589340415,"M"
5.8,-1.46149479449212,0.233308734668118,"M"
0,-2.1624347989926,0.544771273201734,"M"
0,0.583328478188139,1.68170386410174,"M"
0.1,-1.7035072708577,0.301600693193765,"M"
0.2,-1.72527726733423,0.347876919067262,"M"
0.9,-0.733962071636857,1.39917821502428,"M"
0.9,0.616940403536616,1.64832780067682,"M"
0.1,-2.07791778423376,-0.691634066515709,"M"
0,-2.66915689165551,-0.468723252813292,"M"
0,-0.0733476371599619,1.85855323413752,"M"
1.5,-0.983416141836038,1.60227734552303,"M"
2.9,0.0638192946622999,1.36851273199368,"M"
0,0.964861927162111,1.41178662039028,"M"
0,-1.00103534662235,1.69671100509564,"M"
7,-1.35915487411825,0.0479377529782601,"M"
16.3,-1.15908704027272,1.02908562961097,"M"
0,-2.40038455106787,-0.307496352815268,"M"
0,-2.30353270074045,0.673600101409891,"L"
7.1,-1.30705389995708,1.10259244628602,"M"
9.2,-0.110872656096863,1.40563411104385,"M"
18.9,-0.382316286008057,1.12691359804246,"M"
14.1,-1.30432016400562,0.20285194050923,"M"
0,-1.09009174613667,0.971236317795367,"M"
2.4,-1.80896982783506,-0.511886864436279,"M"
11.7,-1.10516786188577,0.859420733433182,"M"
0,0.479964496607963,1.30450530163578,"M"
0,0.521772883457379,1.52310638436341,"M"
0,0.9902263183879,1.28212785570393,"M"
0,-0.332851446177267,1.60586734034219,"H"
13.6,-1.30405129723168,0.419940726994161,"M"
12.4,-1.17038446854902,0.82164481120447,"M"
14.1,0.796835229848306,1.3527577818932,"M"
0,0.972802952356331,1.4787002454476,"M"
10.5,-0.696843529261364,1.57251680300293,"M"
1.9,-1.32689785078296,-0.559412275149168,"M"
1,-0.136831912137961,1.31288881015137,"M"
3.4,-1.10218482414706,1.03212819621398,"M"
0,-1.55080366679334,0.832230729461688,"M"
5.8,-0.837719095477123,1.52506613531118,"M"
0,-0.188879178074012,1.95087791931994,"M"
0.7,0.221828700451232,1.91720943760877,"M"
1.1,-1.08412129753015,1.48670138637238,"M"
13.5,-1.39422615413255,1.15422416849274,"M"
0.4,-1.3152719574814,0.678571792711019,"H"
2.4,-0.966503790465184,0.913657716552775,"M"
2.4,-0.958353140011373,1.15393208596968,"M"
0.2,-1.48042436490861,0.552035958778911,"M"
0,-1.06005634575612,1.34178259931413,"M"
0.1,-1.15327462392425,1.05050351822942,"H"
15.6,-0.554084724744577,1.67050594665351,"M"
2.9,-1.18891309840767,1.0856268440098,"M"
1.2,-0.821817644325527,1.70037846591143,"M"
1.4,-0.821817644325527,1.70037846591143,"M"
0,-1.65923306304343,0.795327380707787,"M"
0.2,-0.985619304288754,0.980129882726443,"H"
3.7,-0.488931241034118,1.2690729851119,"M"
12.5,-0.836687096228491,1.55976110446592,"M"
4.4,-0.821817644325527,1.70037846591143,"H"
22.9,0.508443271347257,1.16378066654404,"H"
0.1,1.50748202685761,0.505566947793533,"M"
0,0.384023678677646,1.49135033248895,"M"
0,-2.26324684445114,0.275887152803399,"M"
0.9,-0.918451190784415,1.47785229645817,"M"
6.3,-1.27198344947797,0.696102078903749,"H"
7.2,-1.31525160124551,0.838876168108924,"M"
3.5,-1.27017008129497,0.588785159954904,"M"
1,-1.06409444215778,1.40189265572259,"M"
5.6,-1.04482077582034,1.17185730633647,"M"
10.8,-0.352298746795682,1.56073238993948,"M"
0.4,-0.578389092049127,1.42725823108455,"M"
6.4,0.686788731703942,1.58783539386313,"M"
0.6,0.0534140931726378,1.70916556677536,"M"
0.2,-0.526033571092986,1.71096133272589,"M"
2.7,-0.967350559625898,1.28698597303602,"M"
0,-0.935487393778585,1.02808722202027,"M"
0,-0.18507368724834,1.68989577497794,"M"
0,0.420415481820709,1.70904968407752,"M"
0,0.94400940293412,1.22936823091048,"H"
0,0.0123724756852931,1.38994493482491,"M"
2.2,0.475771654979033,0.980684114441807,"M"
2.7,-0.452429741794077,1.99945175704245,"M"
0.4,-0.0361021858506857,1.50956835955739,"M"
0.3,-0.124632712129151,1.4245584182712,"M"
0.4,-0.794978950549219,1.11575466307951,"M"
0.2,1.11557285336925,1.21572908529228,"M"
0.2,0.107353018615374,1.51620425055273,"M"
0.2,0.975043637892961,1.15299171905286,"M"
9.2,0.0151562311561878,1.66993122273258,"M"
7.2,-0.773281184070187,1.03253872099937,"M"
4.4,-0.190356294419052,0.162063201174873,"M"
0,0.492895777399783,0.0839866216814539,"M"
2.5,0.556300189198084,0.273733628730882,"M"
3.6,-0.211402529455699,0.529347683984479,"M"
2.8,0.125829769818012,0.473568230593593,"M"
11.4,-0.188523319324542,0.397566293932039,"M"
0.2,0.538150983175332,0.536650276537172,"M"
0.8,-0.497532196998481,0.992250831670029,"M"
3.3,0.058497277063194,0.436094105183952,"M"
4.4,0.2523443877932,0.180061961416827,"M"
0.2,0.490851095149051,0.19991298704931,"M"
0,0.226924853733468,0.180568853233452,"M"
0,-0.0205613002754466,0.299294558806175,"M"
0.1,1.20860670739923,0.555130459288255,"M"
0,0.611203527382149,1.39170048793396,"M"
0.1,0.253298003448771,1.67090996808591,"M"
0,1.07797738738687,1.50348420420122,"M"
0.4,-1.23037048832641,0.271640316329213,"M"
9.3,-0.862048178626051,1.27611634960434,"M"
15.1,-1.11528440668618,0.910901033154899,"M"
21.8,-0.715719031894235,1.02481523573002,"M"
6.8,0.247068540367804,1.39834085128073,"M"
27.1,-0.186487741566896,1.23601064811161,"M"
0.2,1.4775136313039,0.559779840036391,"M"
0.1,1.4750418401742,0.366949001545888,"M"
4.1,-0.538836741213822,1.48527942365,"M"
0.5,-0.673663844679815,1.32901355311795,"M"
0.1,-0.76391213832954,1.67392898442938,"M"
0.5,-1.38286909913786,0.953977491689211,"M"
0,1.17990331291866,0.715701175186661,"M"
0,0.369928409579263,1.57719782265452,"M"
3.4,1.30800069543228,1.0542932138398,"M"
0.7,1.73795519604131,0.505580593528877,"M"
0.1,1.89844695439142,0.39937346101357,"M"
0,1.97571600546611,0.466311339927574,"M"
0,-1.26216411581918,1.5514321592446,"M"
0,0.232841390147007,2.04679869235702,"M"
8.5,-0.808330982894423,1.55212790133189,"M"
13.4,-1.5943219166511,0.7454781191195,"M"
7.8,-1.2844490476571,0.97071656211933,"M"
0.1,0.175011428049034,1.71107305514763,"M"
5.1,0.104162444763177,1.57656277550276,"M"
0,-0.418270061713291,1.24143068895302,"M"
0.1,-0.275884293120716,1.51508674893858,"M"
29.4,-1.21253229617489,0.679606820693287,"M"
20,-1.1083603196257,0.57795968880124,"M"
0,0.554313241837554,1.32903605290584,"M"
1.7,-0.945954978896607,1.20252616516262,"M"
24.9,-1.33219837097603,0.772559059469764,"M"
7.8,-0.573803855435789,1.53634277929342,"M"
3.4,-1.04489735867964,0.916673065942442,"M"
0.1,-1.06983980029194,1.21648789624529,"M"
0,-1.76148841400187,0.318211513520776,"M"
0,-1.28156322408074,0.97452332074906,"M"
0,-1.35375589335148,0.814705456724176,"M"
0.4,-0.164002245581967,1.81259572531882,"M"
0,-0.927361612677358,1.27921868315486,"H"
1.1,-1.10805620343192,0.888037977811782,"M"
4.7,-1.1167439198053,0.0853405974779923,"M"
0.1,1.58184279158066,0.240360942593211,"M"
19.2,-1.09747432347595,0.869223854545544,"M"
11.9,-1.29550141012082,0.850985367897105,"M"
21.4,-1.42521064129667,-0.658539769440498,"M"
27.1,-1.72446367098365,0.44116328888248,"M"
3.1,-1.89965279800155,-0.770596682477202,"M"
0.2,-0.563529350734541,1.6989804798351,"M"
0,1.09438902420253,1.11171608952332,"M"
0.1,0.554159214274057,1.57537537280331,"M"
0,1.34257819857879,0.712659652780293,"M"
0,1.20331186684361,1.05453333333439,"M"
0.1,-2.44812788922252,0.095759271148617,"L"
0,-0.182621048506577,1.74044521678861,"M"
2.1,-0.694319174557617,1.79006169833378,"M"
3.2,0.711916503163447,1.43289039794519,"M"
0.5,-1.46062511502409,0.455493439426795,"M"
3.6,-0.216799370730933,1.28179484819166,"M"
0.9,1.25203467167516,-0.626425718599792,"M"
3.1,-1.39719650512282,0.387739508010962,"M"
7,-0.821031886728467,1.17081452031272,"M"
0,1.86883795191259,-0.0659144103451079,"H"
0.2,-0.884570688142478,1.13628108216195,"M"
5.6,-1.35233883737113,0.57626354121851,"M"
0.2,1.05115605970985,1.2194961820913,"M"
0,-0.699004946585195,1.25896468761019,"M"
0,1.28007726288431,1.19327373265593,"M"
0.3,-1.99238960258052,-0.265487610876714,"M"
0.1,-1.75250476074326,-0.784300365658602,"M"
1.1,-2.28821876676072,-0.0903043489765126,"M"
0,-1.97969237513845,0.0349012867768728,"M"
0,-0.0978826515024427,1.80735137329044,"M"
5.9,-0.58423428480529,1.18366815470302,"M"
0,-1.1800779713073,1.26503596060951,"M"
0.9,-1.47843469096463,-0.353030968262461,"M"
0.1,-1.96800118266748,0.760967374477657,"M"
0,-0.985661611290806,0.95150995161775,"M"
0.1,-1.02757212751227,1.45344264515663,"M"
0,-2.40068199803505,0.211721383687291,"L"
0,-2.51451784447275,0.166132506837472,"L"
0,-0.951234798627051,1.45696683485965,"M"
0,0.0501802482084841,1.57920294537774,"M"
0.7,-1.69400005136399,0.965848759371162,"M"
0.2,1.38613147157457,0.546570712269258,"M"
11.9,-1.39039135272126,0.50716061191495,"M"
5.9,-1.42690552639936,0.0940245645083057,"M"
1,-2.39760977394089,-0.328431685291017,"M"
0,1.09116457778403,1.23768326489026,"M"
0.2,-0.795305551555758,1.25999566652612,"M"
0.6,1.17504893745419,-1.66759107535024,"M"
0.8,-1.9209740710619,-0.797658208951602,"M"
0,-1.64682249249219,0.820716563876837,"M"
1.5,-0.0958244792544846,1.28643603384529,"M"
2,-1.04988202150594,1.01456776063435,"M"
0.6,-1.09306302921948,0.606393613219619,"M"
0.2,1.43406556008018,0.614048833067786,"M"
0.3,-2.25609166653589,-0.621007562101538,"M"
0.4,-2.00899603636009,0.820265155842586,"M"
0.4,1.35083071236862,0.367772193785346,"M"
0.3,1.484863880908,0.944869967336691,"M"
0,1.01383455752858,1.05059006751484,"M"
3.4,0.963860996420922,1.22660995413313,"M"
0,-1.56330701241381,0.931918014064441,"M"
0,1.80645936508357,0.292582573476058,"M"
0.1,1.59281198825911,0.724879279644598,"M"
0.1,1.90999988363615,0.000666715760722285,"M"
0,-1.47502528661274,-0.272581004204277,"M"
0,-0.953317501430996,1.6666090547772,"M"
0.1,-3.06056475954917,-0.345461072489667,"L"
0,-2.72869156607787,-0.711788126632839,"L"
0,-1.76500516618969,-1.41150868340358,"M"
0,-2.70847313458852,0.342159727630551,"L"
0.3,-0.420825968179721,1.50216693629756,"M"
0,0.31488757345716,1.82300461219446,"M"
0.6,0.992820641067571,1.45324023295193,"M"
0,1.48159114859586,0.158074882262804,"M"
0.1,1.89798344831933,0.0875147410776192,"M"
0,-2.76989131139004,0.580174217874209,"L"
0,-2.86983197040623,-0.0310557826225603,"L"
0,-2.94586894718448,-0.449728969507438,"L"
0,-2.95231350228471,0.213178292111114,"L"
0,-2.52509553244337,-0.274759079985565,"L"
0,-1.92948283068794,1.11803220261334,"L"
0,-2.41706789994214,0.457583617570939,"L"
0,-2.30463054418097,0.633070339558047,"M"
0,0.0870837835760149,1.59762837188067,"M"
0,-1.43629630392276,1.28916753268837,"M"
0,-2.97895141725136,0.0790471609619338,"L"
0,-2.44274594959917,0.290847426869915,"L"
0,-1.71185689295618,1.10957017715799,"M"
0,-2.50323420091887,0.486126048828986,"L"
0,-2.25000565174405,0.943967460837409,"M"
0,0.678000759965191,1.34922754548172,"H"
0.1,0.641101405238469,1.61758739739195,"M"
0,-0.0543406132051619,1.72914634943272,"M"
0.1,-0.143235367224553,1.65380882497828,"M"
0.1,0.387039911895391,1.56278600793583,"M"
0,-0.937863984503557,1.17064561100749,"M"
0.1,-2.57922984363545,0.0630350196338461,"L"
0,-2.54349123814072,0.707285176927504,"L"
0,-2.83646259351078,0.141703760056411,"M"
0,-2.47924207910731,1.27963225701124,"M"
0.1,-0.816203751726673,1.50263483111077,"M"
0,0.165300339668079,1.69194438375072,"M"
0.2,1.53696589800678,1.40147630317613,"M"
0,-2.03991739150319,-1.01839925169004,"M"
0,-3.29373889898004,-0.203184805893006,"M"
0,-2.55099573741156,0.679721080817734,"M"
0,1.60390672564581,1.30858061097822,"M"
0.3,1.54412047407696,0.963375296307905,"H"
0.7,1.00198944674669,1.67287690778738,"M"
0.4,-1.75378095046325,1.56420982537262,"M"
0,1.23375591419462,1.69936645376734,"H"
0,-1.81354391830551,0.91211756719027,"H"
4.8,0.590769377011116,1.54061401499074,"H"
1.6,-1.6328255088333,-0.395323737844426,"M"
0,-2.32667943044092,0.628221957562086,"L"
0,1.77881108660379,0.275374505311269,"M"
0,-0.229053104914424,1.51275730873431,"H"
0,-2.00077350513463,1.2889163592535,"M"
0,-3.18565688829044,0.643498399444531,"M"
0,-2.1057697768498,0.702946404006692,"M"
0,-2.63444555982623,0.977648501411362,"M"
0,-3.25758511020159,0.586719055249546,"L"
0,-3.01193308635068,0.330392317323011,"L"
0,1.33603969219668,2.01777053722047,"M"
0,-0.57046954523121,2.01063783361492,"H"
2.3,-1.6969424049731,0.761568430414572,"M"
0.1,0.233462940874521,1.80496400386219,"H"
0.1,1.6833038927804,1.36944806566382,"M"
0,-2.13143746402501,0.503064943074574,"M"
0,-1.54884455584044,2.12555417287903,"M"
8.7,-0.348028205635673,1.34572522012557,"M"
3.5,-0.616241659311956,1.16732438393467,"M"
2.9,-0.975759104434659,0.645595980558175,"M"
0.1,-0.810001929329094,1.07999855300049,"H"
0,2.0325583157305,0.527926787684425,"M"
5.8,-1.01127437533121,1.18782327717488,"H"
10.2,-0.330747457156643,1.17431091265662,"H"
0,-1.23521621318327,0.919696094744983,"H"
0.2,0.60081796694773,1.25344236827738,"H"
0,1.80098891129808,0.539294855697096,"H"
0,1.94786783368349,0.700507603457095,"M"
0,1.7114733265646,0.489141137564521,"H"
0,-1.69923332617741,1.05480145203164,"M"
0,-0.923206324525244,1.64917860838558,"H"
0,-0.734698413659378,1.49970605152023,"H"
0.6,-1.22316225946741,0.681083025052429,"M"
0,-1.38461402474537,0.576926340600275,"M"
0,-1.41219841984724,0.442826854403573,"H"
0.1,-1.38026653692918,0.636603712707942,"H"
0,-1.76686614739466,0.105280659148543,"M"
0,0.484781006017607,1.89910172876667,"H"
0,1.80213791498941,0.662343517638404,"H"
0,0.991270827394648,1.35638569247701,"H"
0,-0.877719472743721,1.22870196840669,"M"
0,-0.546873626568604,1.45032039100459,"H"
0.3,-1.19784985331103,1.88097201704936,"H"
0.2,-1.88087857805145,0.840176037879649,"H"
10.4,-1.50935093358979,-0.0442691684090652,"H"
0,-1.30934441567201,1.23515877568373,"H"
0,-2.26358051282311,0.170596781820424,"H"
1.1,1.16935734791998,1.13556302901492,"M"
11.8,-0.772841129222555,1.51417191526656,"H"
0,-0.0857164069872738,1.72787519733724,"H"
0,-1.96042307640646,0.486971622882738,"H"
9.8,1.68684893273164,0.917028177398126,"H"
0.1,-1.40145179734772,0.638383003933262,"H"
15.3,-1.43345836067134,-0.589658484397049,"H"
15.7,0.98842401169268,1.19395057398091,"H"
19,0.620210297916174,1.57208116404934,"H"
0,-1.85450015879804,0.896899749703414,"H"
0.3,-0.94658449042608,1.20203069947685,"M"
5.5,-0.793406941108155,1.49218143193159,"M"
4,-1.17990567008953,1.47645609812502,"M"
0.1,-0.354721455906566,1.8665938735353,"H"
0,0.985604517242906,1.31079507764958,"H"
0,1.83751184640109,0.0956567526925029,"M"
0,-2.05997919570328,-0.203434788739943,"M"
0,1.50122319778252,1.08112391077047,"M"
0,-0.0341542537949868,1.8996929980783,"M"
0,-0.762450234909737,1.55292293411041,"M"
10.8,-0.149761240188498,1.81382787797994,"M"
1.1,0.766857461701122,1.56189936725556,"M"
0,1.12688932664194,1.62804190532691,"M"
0,1.26040663061883,1.89994082157632,"M"
0.6,-0.0137548442334637,2.12995558739146,"M"
1.6,-0.0731398076669567,1.52825081990308,"M"
0,-0.524818364751611,1.80526055848441,"M"
0,-0.575515841585245,1.73714752283288,"M"
0.1,0.924168580983805,1.59107273055709,"M"
0,1.8089040662214,0.921285015186773,"H"
0,-2.51108791176706,0.308767711034273,"M"
0,1.60387923833707,0.700050990165213,"H"
0,1.62190049984607,0.847548682141068,"M"
0,1.75653849062533,0.580579478582992,"H"
0,-0.428370971055655,1.84081457815741,"M"
1,-0.951674970355224,0.999357168783705,"M"
0,1.12395777091171,1.06734199261866,"M"
0,1.70659559528983,0.812176996803869,"M"
0,-1.23286822104686,1.47188177158791,"M"
0,-1.47511388575289,0.322705785598932,"M"
0,1.20192547189283,1.14497823560764,"L"
0,0.178751218545459,1.90161720697634,"M"
0,-0.605347958027011,1.86417645348087,"M"
0,2.14542265766636,0.741661391722538,"M"
0,1.39239175391931,1.80544875408235,"M"
3.2,-1.12388343886298,1.30203149572102,"M"
0,0.263594857823087,1.86142895403752,"M"
0,-1.10925549501324,1.60376190464263,"M"
0,1.19890417316814,1.32918350259097,"M"
0,0.374408977119985,1.94427825113896,"M"
0,-2.80706441027743,0.269795101055985,"M"
0,-2.74173810624552,0.65975158716082,"L"
0,0.863827675526039,1.62462357086043,"M"
0,-0.76370484114707,2.14829116173961,"M"
4.7,1.69469532333384,0.544433431257125,"M"
0,1.06461842040997,1.36363030874346,"M"
0,1.42265288307503,0.984357035977452,"M"
0,1.24630390947814,1.11158740781799,"M"
1.4,1.05108686873056,1.65433261298392,"M"
0,0.682717380623454,1.85857390980145,"M"
0,1.04398597402319,1.57549778992001,"M"
12.8,-0.685666427052508,1.46774028724875,"M"
0,0.768597539290568,1.22953561257756,"M"
0,-2.72085906621412,0.223217252470335,"M"
0,-2.26680755363049,1.0778142301917,"M"
0.2,-0.637166384968542,1.99050722125445,"M"
4.5,-0.677347626069467,1.24803853845066,"M"
0.5,-0.380044879699027,1.82075970117271,"M"
0,-0.370447076900173,1.77168534543133,"M"
0.8,1.50958650945063,0.499248004988174,"M"
0,1.89163003250068,0.178145502725896,"M"
0,1.54564499974609,0.327691218618865,"M"
0,1.47809902113703,0.558232284729007,"M"
0,-1.50830765104107,0.617987079000022,"M"
0,-0.931039535656664,1.70198865538059,"M"
0,0.958548595151904,1.66360590006537,"M"
0,0.234989083750338,1.53208359123064,"M"
0,0.915160327020851,1.43264844810131,"M"
4.3,1.39620494370603,0.426862688895196,"M"
0,1.31073315366858,1.45725035593546,"M"
0.1,1.71716620072057,0.572223941392588,"M"
0,1.55379489236141,0.908692154952159,"H"
1.5,-0.620133439825243,1.36580910701698,"M"
10.9,1.25992383209545,0.013854144431255,"M"
0.2,0.56817608606024,1.20252897479822,"M"
0,1.12281268719718,1.35531976650127,"M"
11,1.91520717705684,0.758670856794932,"M"
0.1,1.97587865845972,0.465621656544673,"M"
0,1.83063175132865,0.508711500781529,"M"
0.4,0.180533270048642,1.63003304825563,"H"
0.3,-1.73490571503703,1.43269053180784,"M"
0.2,-0.371045230028838,1.81240873901911,"M"
1,-0.657083970946784,1.35953692672351,"M"
0.1,-0.622271575135034,1.28750848027458,"M"
2.3,-0.95734088482313,1.98078227734551,"M"
3.7,-0.752818059429097,1.55761515445806,"M"
11.9,-0.718005663617347,1.48558670800913,"M"
14.1,-0.731060312046753,1.51259737542748,"M"
4.5,-0.609216926705628,1.26049781285623,"M"
7.7,-0.552646783511534,1.14345158737673,"M"
6,-0.535240585605659,1.10743736415226,"M"
19.2,-0.522185937176253,1.08042669673391,"M"
6.7,-0.561349882464471,1.16145869898896,"H"
0.3,-0.639677773040909,1.32352270349905,"H"
14.3,-0.56570143194094,1.17046225479507,"M"
18.5,1.66990843284041,-0.0174878794741328,"M"
0,1.11103216178903,-0.674987063187425,"M"
0,-0.74732904298793,-1.32359332935262,"M"
0,2.0512360691034,0.573873321220999,"M"
0,1.73441957749137,0.139243417132167,"M"
1.7,1.37592438664842,-1.17598132732887,"M"
2.6,0.0712276558325276,-1.48829655010169,"M"
5.4,0.398928894661376,-1.27924029681849,"M"
9.4,1.05222312735594,-0.908254639546247,"M"
3.6,1.13535172750829,-0.633227016830404,"M"
33.3,1.23367559217859,-0.496935139895339,"M"
32.3,0.909517738385348,-0.735987420790873,"M"
8.8,1.22579945991956,-0.291574491444167,"M"
0.1,-0.876399635326658,-1.290551695671,"M"
0,1.23968571225928,-1.11896350915488,"M"
0,-0.688212707156112,-1.26489654506163,"M"
0.6,1.88968316778299,-1.00433934772947,"M"
0,0.506175686822332,-2.1820600757243,"M"
0,1.93541834096394,-0.504138716486228,"M"
0,2.19028321166971,0.514936357890779,"L"
0,0.688542787748996,-1.98391250548981,"M"
0,-1.56926706968509,-1.41049667280784,"M"
0,0.729603922806872,-1.51330040501707,"M"
7.8,1.36214064312208,-1.1613237569063,"M"
16,1.18342920062921,0.95388433633125,"M"
0.3,-1.03363832122968,0.899161732329338,"M"
0.1,-1.24992518116552,0.673859808482694,"M"
0,-1.37646100646079,0.755152367203439,"M"
0,-1.45445440939454,0.213219068079704,"M"
0.1,-1.8694654519022,0.0447093294972072,"H"
2.8,0.0944855908730061,1.76747630058153,"H"
11.4,-2.07439890591937,0.385965256364503,"H"
6.7,-1.39846876030269,-0.0654608773044466,"M"
0.9,1.07578816794627,0.864337791437357,"M"
0,-1.96933196552911,0.449590490941745,"M"
1,-0.548416955284349,1.48176882244048,"M"
1.5,0.0822225288805013,1.71803360145967,"M"
0.5,-1.71904439216431,0.0573269375461937,"M"
0.1,-1.6876557492934,0.956774828199894,"M"
0,-1.67057170170301,0.486610922061062,"M"
0.1,-0.0847032982255505,1.67786332913909,"M"
0,-0.21855768675797,1.20026352837992,"M"
0.4,-1.19365661856565,0.750522402699885,"H"
5.2,-1.31984494560155,-0.231536864386744,"H"
1.3,-1.00913006583034,1.02725678884944,"M"
0.8,-0.417998120444622,-1.16742347556693,"H"
0,-1.95371859669028,0.427765876323201,"M"
0,-1.65820168346726,-1.28855235708385,"M"
0,1.06636160684419,0.794841445477443,"M"
0,0.949052249033421,1.44644385601537,"M"
0.7,-1.93234340409467,0.822221970426377,"L"
0.1,-2.2797615335506,-0.216303837559635,"L"
0,1.2904369651963,0.803226268777968,"M"
0.8,-1.485700453351,0.924767085764108,"M"
0.4,-1.40015469453551,1.03303767180591,"M"
6.9,0.377604015766594,1.30652792058836,"M"
1.3,-1.48443118883456,0.541169146954272,"M"
0.6,0.780279280154683,0.93785086498936,"M"
0.9,1.68781885024011,0.565391482756996,"M"
15.4,-1.25848918906165,0.170601761464961,"M"
11.6,-1.05790905202991,0.901625441984184,"M"
0,0.779258368746573,1.53334809966244,"M"
17.2,0.0568861796250768,1.62900704804113,"M"
4.1,-0.831893125094251,1.18762528956777,"M"
19.5,-1.29481916474877,0.870082370008317,"M"
0,-1.8310260946124,-0.876494974799312,"M"
0.1,-1.88534859151337,0.235500930950503,"M"
0.1,-0.909014353376793,1.3770232043633,"M"
0,-1.69965200672664,0.622320701913501,"M"
0,-2.15023563475687,0.205150469221341,"L"
0.1,-0.934570290925974,1.35980821122633,"M"
0,-1.86348008211487,1.05216062631195,"M"
0,-0.583662004272415,1.80813126314676,"M"
0,1.26415890976178,1.45835600964576,"H"
0,0.200331873517566,1.78881724624204,"M"
4.4,-1.45909686947126,0.523007003298399,"M"
2.4,-1.44198035109053,0.595224887810336,"M"
0,0.210012587708446,1.57606938711594,"M"
0,-1.8104810657611,1.28474056156119,"M"
0.1,-0.836828118364565,1.39879187169301,"M"
0,-2.2658204324105,0.39504147639343,"M"
0,-1.74177331750792,1.24331239454026,"M"
0,-2.45999760205206,-0.0034348068518697,"M"
0,-0.4495235217911,1.36803823168672,"H"
0,-1.20785453733281,1.85072618629676,"M"
0,-2.5991674488733,-0.0657918894503762,"M"
0,1.52510379980496,0.795272531790506,"M"
0,1.68488945369658,1.02080729269635,"M"
1.8,-0.953287102413709,1.28500727638861,"M"
0,-0.62310559126548,1.59243192072179,"M"
0,1.01746772509536,1.50902598665141,"H"
0,0.316094930209409,1.66017589281856,"H"
0.1,-1.25259532073799,0.979339043674503,"H"
0,-1.91449218821936,0.644297804782102,"M"
0,-0.666014619159346,1.34403293377284,"M"
0.1,-1.19100364150788,1.30935492740318,"M"
12.8,0.265636241495462,1.92172770891304,"M"
1,-0.190909407399934,1.59864117242307,"M"
6.2,1.50887777519787,0.532247930492841,"M"
0,-1.02230318165745,2.21551262798772,"M"
8.7,-1.23777966960857,0.916243138857639,"M"
1.8,-2.02747606193659,-0.507386261416402,"M"
0,-2.51980345734076,-0.598907786202124,"M"
0,-2.1192160586785,-0.466715434327134,"M"
0,-2.2428329184401,0.734370819110797,"M"
0,-0.890259811859924,1.81323949531967,"H"
3.4,-1.4223573893359,1.18296215366408,"M"
2.2,-1.559429196999,-0.0421969139519175,"M"
0,-0.124670120050901,1.97607119334464,"M"
0,-1.51303380066991,1.65176533382632,"M"
0.2,-1.72853265091418,-0.0712381549703792,"H"
6.4,-1.28256850515447,1.8364689024282,"H"
5.6,-0.811989198820082,1.14047075411846,"H"
0,-0.381063415905484,1.67725688940557,"H"
0,0.696359229215155,1.63813425087411,"H"
0,-1.33923606874237,1.38972902113307,"M"
19,-0.997883154955565,1.73327124509003,"M"
0.1,1.57213131147663,0.975142625196322,"M"
0,-1.34770750969238,-1.26735333207387,"H"
0,-1.24275742910333,1.21784809085882,"M"
0,0.198230867502373,1.45657286915872,"M"
4.8,-0.982588281500513,1.37499827965633,"M"
1.5,-0.484078066426427,1.59830173171553,"H"
0,-0.671152158951379,1.76682052838847,"H"
0,-0.298003798972663,1.36791583651841,"M"
0,-3.56853765110896,-0.102171584199092,"L"
0,-3.30756760100365,-0.287048018266863,"L"
0,-2.97440650652194,-0.461525659048252,"M"
0,-2.09792783609848,0.422254419187228,"M"
0.5,-0.0821110875983973,1.88821549863711,"M"
0.1,-0.407989350402994,1.64001362493052,"M"
7.1,0.287830305001174,1.43134681874203,"M"
0.3,-1.36609641940495,1.23263156412975,"M"
11.1,-0.497319936656166,1.97845214261157,"M"
8.3,-1.1092416925153,1.15307539544724,"M"
0,-0.0816590076070102,1.50779037219258,"M"
11.6,1.13152471895989,0.717810427886601,"M"
1,-1.09508136705066,1.19381606604135,"M"
0.1,-1.49349850121252,0.747236392901182,"M"
0,-1.72694450672102,0.605444192891556,"M"
0,-0.500668969933182,1.22136423009111,"M"
0,-1.3909040950824,1.04545961102426,"M"
0,-1.11277383732895,0.849549520014108,"M"
0,-0.823423347536096,1.38350062910446,"M"
0,0.0555267273643322,1.71910348221048,"M"
0,-1.20804232772671,1.23835929132891,"M"
0.8,-0.705777546330415,1.44705841454166,"H"
2.2,-0.142039657919222,1.67398468797602,"M"
4.2,-0.252036747816504,1.80246427918838,"M"
7.4,-1.15489155327293,0.826211534765061,"H"
35.1,-1.15272458125514,0.829232198946811,"M"
22.2,-0.93572535181852,0.323292539295461,"M"
10.8,-1.12058841349289,0.145539024132646,"M"
9.8,-1.23547329906574,0.952473478526098,"M"
2,-0.949703574933135,0.843186290068347,"M"
6.3,-0.633144270385629,1.28219668260289,"H"
1.8,-0.982703194143682,0.756237021190979,"H"
1.2,-1.05357198907191,0.891283380212525,"H"
0.3,-0.83401309926661,1.5725209538355,"M"
4.9,-0.436207720396972,1.54978154094894,"M"
0.2,-1.03034766559588,1.40213540287702,"M"
0,-0.772791560180468,1.33206351369364,"H"
0,-1.31689631721136,1.05919029910359,"M"
0,-1.17970844240323,0.989892918917271,"H"
0,-1.30439161285864,0.760698705338745,"H"
0,0.24269340242858,1.89451838534696,"M"
0,0.472330504606491,1.53915687778023,"M"
0,1.24341953710107,1.55370777649961,"M"
8.8,-0.382437510458525,1.77936549100916,"M"
4.5,-0.57233994089834,1.70658342663126,"M"
2.7,-0.515459138890198,1.75590485964775,"M"
2.2,-1.46375895353051,0.995143068085817,"M"
20.6,-1.28965767146375,0.0297168375620126,"M"
13,0.804717041807846,1.44046189905323,"M"
33.9,-1.08311387450825,0.979011917622933,"M"
6.5,-1.05514926613778,0.96517357307839,"M"
1.1,0.166752220732384,1.58123170246514,"M"
0.1,0.172769679056249,1.50008354367309,"M"
17.5,-1.13060190561872,1.10369349504802,"M"
17.2,0.131752098227281,1.52431669432986,"M"
0.6,0.195335778789749,1.78936970286316,"M"
0.3,0.504346740709243,1.6025087722493,"M"
0.9,1.40280633410926,1.25161271525298,"M"
0,0.710955813759582,1.69709806165744,"M"
0,1.08150032395458,1.67046611737148,"M"
9.6,0.175580837913267,1.58027572573829,"M"
12.5,-0.300601441096139,1.53076411429421,"M"
0,0.629374587388312,1.54686380420184,"M"
13.7,-0.165162779930304,1.63166211457081,"M"
3.7,0.472296114707485,1.51823462614716,"H"
0,1.45039833226119,0.743804193167775,"M"
0.2,1.60390357209168,0.748594236840987,"M"
0,1.73517668213544,0.669896918766942,"M"
0,1.8207181259014,0.543125681600591,"M"
0,1.37447220510853,0.948538959339099,"M"
0,0.744290341947485,1.62792256784028,"M"
0,1.51543128193463,1.06111640724944,"M"
0,-0.668913851752697,1.70336556820119,"M"
0.1,-1.36020499390858,1.19412829065648,"M"
1.8,-0.739892868932957,1.53054191138373,"M"
0,1.33430370172607,1.05339149016882,"M"
0,0.921636860834706,1.55778223662704,"M"
0.1,0.0101228664396246,1.99997438172969,"M"
7.4,0.235829982766646,1.88530746013171,"M"
12,-0.64493617122303,1.45332630026714,"M"
0,1.31379219991591,1.14085496687358,"M"
0.1,-0.402639174251935,1.51749190948674,"M"
0,1.67864229083434,0.374913402564416,"M"
0.2,1.1767564694635,1.308756742705,"M"
0,0.605085351543157,1.66336157144137,"M"
12.9,0.0532723979184186,1.41900037054964,"M"
13.6,-0.991238675444258,0.711228436090342,"M"
0.2,0.244808494833464,1.42918466296605,"M"
1.4,0.0555407854461973,1.38888992405879,"M"
5,-0.578574658459937,1.31865513482031,"M"
9.5,-0.0667126281125126,1.72871322817011,"M"
0.3,-0.0745166222834924,1.51817234627807,"M"
9.6,-1.23417431042253,1.39155085120633,"M"
18.1,-1.12455660587836,-0.28455656761941,"M"
0,-0.898182407994525,1.213823859532,"H"
38.3,-1.24744696599509,0.678436487100777,"M"
3.2,-0.591179825754684,1.45444367839413,"M"
0.1,-0.807167210668049,1.31151862130218,"M"
9.2,-0.907787556993558,1.42549000395221,"M"
8.5,-0.616008778444414,1.63799669867781,"M"
12.5,0.454870849273997,1.91676615957209,"M"
14.4,-1.11008301619962,1.13833900800471,"M"
1.2,-1.653145955385,0.686446247126619,"M"
0.1,-0.103768144154529,1.62669363195985,"M"
17,-0.785046729595391,1.47397477330909,"M"
0,0.917618690110972,1.12270919634562,"M"
2.2,-0.810310977236999,1.04201541263516,"M"
8.9,-1.09490764339243,0.719219891577553,"M"
0.8,-1.14723269878734,0.919106704813486,"M"
3.1,0.261503491208467,1.47702942559916,"M"
2.9,-0.904997853045343,1.0418151880172,"M"
0,-0.218961315895973,1.61522628202401,"M"
0,0.915003516842835,1.4445997937717,"M"
10.6,-0.535760574463812,1.73935637718387,"M"
21,0.303716523575902,1.51995272074725,"M"
9.6,-1.49301881580607,0.144550391383173,"M"
0.2,-0.0706535409279739,1.34814987191867,"M"
0,-0.0952357216743769,1.55709028553811,"H"
22.5,1.52384224800922,0.333923349261778,"M"
0.1,1.08188127639963,1.0245159363211,"M"
0,0.890396606631105,1.4128318664653,"M"
2.8,-0.374168624371906,1.84238916641833,"M"
0.5,0.853924697956477,1.45839384605803,"M"
1,-0.323115667098397,1.71991170287185,"M"
3.1,1.53846213241721,0.812855625014864,"M"
8.6,-0.986591577176705,1.23411387636797,"M"
11.6,-0.926166868863635,1.30468959182609,"M"
21.9,-0.95964900778714,0.963677218706118,"M"
9.3,-0.00329866851814695,1.25999568205054,"H"
3.8,-0.0991613002932617,1.24606060708304,"H"
12,-1.16459671813134,0.244569998400684,"M"
32.9,-1.20911969089944,0.921102368403881,"M"
12.1,-1.34405291782943,0.126577067726295,"M"
9,-1.14120370932815,0.878210734286298,"M"
26.7,1.25013930749614,0.35658338695609,"M"
20.3,-0.691202523012695,1.10101728968299,"M"
12.5,-0.984642334890007,0.737142776090464,"M"
5.7,-0.193148918143356,1.03208211660703,"M"
25.6,-0.489805771228751,1.24727314830033,"M"
26.2,1.12402827842901,0.243023515923697,"L"
6.7,-0.644175847063384,1.15214472964996,"M"
1.8,-1.38359441271827,0.213697218266358,"M"
10.3,-1.21270229666323,0.133240908386766,"M"
4.3,-1.0815238437596,0.935524545578282,"H"
4.3,-0.183283669800717,1.22637967056878,"H"
0,-1.71646581592322,0.574321428093217,"M"
0,-1.96735253829621,0.962093545378747,"M"
0,-0.783497426694011,1.77474837156253,"M"
0,1.72021929300688,1.2045105163372,"M"
0,1.93292291859845,0.712326463608411,"M"
0,0.0625366668725658,1.59877739704328,"M"
0,-2.37664336497977,0.334015442304158,"M"
0,-0.194819037124845,1.85982406231712,"M"
0,-0.409864720596015,1.80402630546529,"M"
13.9,-1.07669271033262,0.863210754981997,"M"
0,-1.43157483390352,0.736677334342592,"M"
0,-1.34346573883096,1.07401108401515,"M"
0,-1.46038991588868,0.908659063439448,"M"
0,-0.936319972277913,1.05423190499695,"H"
0,1.66280629815462,0.154839319351835,"M"
0.8,-0.143555893006574,1.55338073426417,"M"
0,1.58301306942364,0.64666036064843,"M"
0.1,-0.32596558776959,1.50510678544415,"M"
0.3,-0.82792277657507,1.26279209533012,"M"
0,0.194902371471944,1.60823290153964,"M"
0,-0.467524926946322,1.25579474544363,"M"
0.1,-0.488797067957731,1.62821295485447,"M"
1.1,0.821050359979782,1.36160798557333,"M"
0.3,0.390218255697753,1.65460862832278,"M"
0.3,0.495886620830729,1.56323269518043,"M"
0.1,-0.691093193534417,1.45412867307209,"M"
0,1.58317436018047,0.343451518073729,"M"
0,1.75274158504434,-0.310317476234049,"M"
0,2.01999627727166,0.00387811921555599,"M"
0,-2.21999337274671,0.00542447791738471,"L"
0,-2.99999776106224,-0.00366519051739462,"L"
0,-1.99736597772421,0.873458156427558,"M"
0,0.324379235376022,1.75019373546384,"M"
0,1.63996580437653,0.0105905842924322,"M"
0,1.53122694509463,0.346762227781762,"H"
0.1,1.63225725563561,-0.241321883435579,"M"
0,1.68835266502634,-0.0746007942213263,"M"
1.5,1.68263787075654,0.157574731146495,"M"
0,0.498463806814304,1.49931111957999,"M"
0.1,-0.45577702556819,1.09925761446724,"M"
0,-2.14768970725752,0.230280093234562,"L"
0,2.09449382068725,0.151972481400161,"M"
1.2,1.84508682090618,0.630994947141681,"M"
0.1,-0.524820599483953,1.40519156642691,"M"
0.8,1.36788792272587,1.18531963236112,"M"
0.1,0.82475734317312,1.3359174094539,"M"
0.1,1.40803377334722,0.738607401204178,"M"
0.1,-0.801360380714173,1.5782019960137,"M"
0.1,-2.81868472615953,-0.0861186072517005,"L"
0,-2.72297736372399,0.30494962968785,"L"
0,1.17339521004661,1.07296024205917,"M"
0,1.03915914729211,1.08173391672774,"M"
25.1,1.25554977783388,0.46818239542009,"M"
11.5,0.29086957454629,1.38989024408522,"M"
12.9,0.304821588455582,1.22257261510776,"M"
0,-1.23663665437983,0.697946835399566,"M"
0,0.590057382727831,1.30258676681762,"M"
0,-1.23861053148445,1.4009796398577,"M"
0,-2.39502262809271,0.815332208933193,"L"
0,-2.20930489372631,1.05899569713809,"L"
0,-2.68859986376348,1.00415674701263,"L"
0,0.453025017558447,1.60737933714048,"M"
0.1,1.27292677386678,0.969359287557044,"M"
0.1,0.579522641886272,1.60880499363383,"M"
22.3,0.984942697900173,1.18384453449477,"M"
13.3,1.61606895351292,-0.279143578632295,"M"
0,1.59433159067393,0.224068692545705,"M"
0,1.62663476724411,0.420070629766842,"M"
0.1,-2.00016923694066,1.32639474652013,"M"
0,-2.24039339957277,1.19676121893666,"L"
0,-2.94763342242839,0.701681699193499,"L"
0.3,-2.23098745470934,1.17179135383802,"M"
0,-2.40146270446822,1.40049165618656,"M"
0,-2.61428956071088,1.05730321703763,"M"
0,-2.81119064710104,-0.222726616396945,"M"
0,-0.717308709111229,1.80251718877607,"M"
0,0.541406864520543,2.1117004065563,"M"
3.2,-1.41577974015616,1.02862419151183,"M"
17.7,-1.71114747774577,-0.703188672693383,"M"
0.6,1.71426217456216,0.479275700265936,"M"
0.4,-1.93152933426642,0.591265110477803,"M"
1.3,0.447681378141309,1.47349291944872,"M"
0,-1.97156529238852,0.751684972477822,"M"
0,-2.65844376145824,0.0909767396852308,"L"
0,-2.55863714477085,0.893015095840419,"L"
0,-1.76638407910871,0.894587773821699,"M"
0,-1.80979214534204,1.65140921356829,"L"
0,-2.71681929850751,1.07018358203495,"L"
0,-2.9298457331763,1.49669769151578,"L"
0,-2.51663305699153,0.612093176287299,"M"
0,-1.63487625623889,1.67415041940273,"M"
0,1.01911033635405,1.59170164363059,"M"
0,0.433679234783217,1.571248650379,"M"
6.5,-0.0997452683474756,1.6169263685902,"M"
4.2,-0.590744655535797,0.986671552217805,"H"
0.1,-3.23176830180306,-0.498571603143399,"L"
0,-2.96622461004975,-0.709937717504274,"L"
0,-2.88609197614084,0.150243486565942,"L"
0,-2.67908163093449,0.0701542214651008,"M"
5.2,0.0445380520750166,1.809451950707,"M"
0.5,1.71468171217819,0.513776825014188,"M"
0,0.320846935471894,1.64907769495506,"M"
0.1,2.0781663032384,-0.222091909092729,"M"
0,0.895556973712898,1.83291508445814,"M"
3.4,-0.836442449174316,1.45697084020898,"M"
0.1,-0.951841980212681,1.59799776117015,"M"
0,-1.87496725475072,0.853286466324498,"L"
0,-2.57705888334823,0.258587532096955,"M"
3,-2.15788946524381,1.00394873165406,"M"
2,-2.31416236063107,0.636123076643519,"M"
4.9,-1.12860181941797,1.09140182023233,"M"
5.9,-0.777068930163738,1.14042267505262,"M"
1.2,1.19537536624747,-0.398343738206995,"M"
22.5,1.1404368914453,0.879206287870244,"M"
0,0.615090199058197,1.50949132061849,"M"
5.9,1.21798837176551,1.49713203367104,"M"
10.9,-0.585170546122702,1.61739773461893,"M"
1.8,1.15620664601024,1.09146057726414,"M"
0,1.01928445851205,1.4348028410328,"M"
0,-0.988059871854909,1.24572777508975,"M"
0,-1.10541185772297,1.15674743345531,"M"
0,0.215680711300029,1.28198355323815,"M"
0,1.74359688826916,0.703043306787065,"M"
0,-1.17742102219734,1.25382603916483,"M"
3.8,-0.931732672347878,1.23869860227558,"M"
0,0.72825412304523,2.09715186199465,"M"
6.3,0.952612919281584,1.37165178745111,"M"
0,-0.692926969754952,1.69373912235215,"M"
0.8,1.17445619862789,1.3242177455028,"M"
0,0.948839392652988,1.17465050417131,"M"
0.1,1.59375459368514,0.978185204911379,"M"
0,-0.571682453270045,1.93741559109633,"M"
4.2,1.34295880115063,0.461369329726277,"M"
0.8,1.37760561092772,1.26455635728127,"M"
0.1,1.09359119403236,1.32757609963982,"M"
12.6,-0.789807528040045,1.07009535493398,"M"
2.2,-0.205583255371607,1.30389245151232,"M"
0,-0.141952725684195,1.59369050435485,"M"
1.5,-0.783130409071126,1.18452807581251,"M"
6.5,-0.291773097926013,1.26683402990552,"M"
0,-0.467148694188607,1.551184095302,"M"
0,-1.36366985330473,0.131546688243573,"M"
0,-1.60959037605355,0.547008977363068,"M"
0,-0.741315093059349,1.32697096155206,"M"
0,1.16722326327153,1.18033463631199,"M"
0,0.710566850208926,1.39999812549309,"M"
0,-0.555826076534427,1.3392376087328,"H"
0,-0.229651102575974,1.78528999635511,"M"
1.7,-1.72795624656374,0.334316033060565,"M"
9.3,0.384635511580629,1.43949835818979,"M"
0,-1.33303033020071,0.829415540465077,"M"
0,-1.20838160043491,1.26582538595588,"H"
0.1,-1.31237183957169,1.11179141690302,"H"
10.1,-1.11634173857723,1.4120131453745,"M"
9.9,-1.77980641234303,0.32922505157207,"M"
0,-0.605835604271167,1.30635493668351,"M"
7.9,-0.609583588220262,1.31563971092868,"M"
1.4,0.87686442609587,1.09137930081506,"H"
1.2,-1.08877879703733,1.21303781108503,"H"
0,1.2328716584804,1.31149817907452,"M"
2.1,0.522240215915671,1.73302197241707,"M"
9.1,-0.810231338875588,1.19043066891939,"M"
15.6,-0.0366578238162315,1.0093345352028,"M"
1.8,-0.0176913354529748,0.929831714155788,"M"
7.3,-0.581163291477891,0.980739123640219,"M"
9.3,-0.529654051169138,0.929713174091946,"M"
0.4,1.47878472137893,0.797242590317552,"M"
0.2,1.56791843509245,0.264067758155425,"M"
0,1.91665433537539,0.60542229781096,"M"
0,1.34269869511216,1.28715197787367,"M"
0,0.940819125406924,1.66221520064899,"M"
0,1.05482194639406,1.42135521999444,"M"
3.7,-1.13867906421427,1.36814107047487,"M"
0,-1.306989861929,1.26656128979801,"M"
0,0.121704626510938,1.64550538859216,"M"
0,0.901968953859002,1.59227887201787,"M"
11.3,-1.53920894739354,1.14770894231233,"M"
1.6,-0.655042251727357,1.3382898222926,"M"
15.5,-1.27096041190265,0.851797881763176,"M"
9.7,-0.653196882511352,1.32805641170752,"M"
4.8,-0.921609562510435,0.930986473741335,"M"
5.2,-1.12516306316691,0.882557692893137,"M"
0,1.07951761160136,1.30028524802925,"M"
0,1.62117663696516,1.08364491959236,"M"
0,1.37654547915382,1.01450605903621,"M"
17,-0.673230370869827,1.36277689580447,"M"
0.3,-1.46106932832377,0.849338812154204,"M"
22.8,-1.4079485577244,-0.184610018151169,"M"
17.9,0.115782558828329,1.52561279460785,"M"
16.3,-1.07883113976486,0.261196041075782,"M"
9.9,-0.803086403709149,1.42991336387122,"M"
2.2,-0.655474252995258,1.61181683316074,"M"
0,0.053802335995242,1.639117234563,"M"
0,-0.853041204020681,1.11009941187398,"M"
0,-0.115607746291888,1.48550827967982,"M"
0.1,-0.216392354400767,1.69625303211428,"M"
0,-0.342245808682913,1.3575226725322,"M"
0.1,-0.00216420756926724,1.54999848909784,"M"
0.2,0.623435403713832,1.63518448420849,"M"
0.2,0.631662757731734,1.480912610688,"M"
1.2,1.0712478079741,1.09239559405495,"M"
0,1.54970387909351,0.622348686125814,"M"
4.4,1.73107644546401,0.961131801554642,"M"
0.1,1.2387905250354,0.948155069111866,"M"
1.3,-1.07574402291782,1.25110942653174,"M"
2,-0.369417514959712,1.6286284719484,"M"
3.6,-0.52009041053693,1.80662834165401,"M"
6.6,-0.994068192273638,1.0556175581667,"M"
3.3,-0.931739820504013,1.32523994313752,"M"
0.3,-0.499076465544544,1.67732605105256,"M"
1.8,-0.398139024562495,1.20597898701446,"M"
0,-0.435614288350403,1.29889960804712,"M"
2.3,-0.174340467851094,1.49990179720856,"M"
0,0.0824410912107602,1.56783400475943,"M"
0,1.72730525279742,0.38641501479427,"M"
12.8,-0.570183089842864,1.58028201409028,"M"
1,-0.683835207871615,1.21015263850276,"M"
12.9,-0.417979715702757,1.5133383485728,"M"
19.1,1.56533068104047,-0.120995285004796,"M"
0,-1.62829824123704,-0.48851288374451,"M"
0,0.919771585152389,1.32140842707554,"M"
0,1.20067916683148,0.882309207895324,"M"
0,1.05599073861345,1.65120669813401,"M"
0,-1.83687455034195,0.107200215979458,"M"
0,-2.42232791430785,-0.29313388675654,"M"
0,1.43166359634688,1.20301261294099,"M"
0,-1.63087680749958,0.713190604789474,"M"
0,2.18784922015058,0.911161780303872,"M"
0,0.184930892651495,1.78042145711152,"M"
1.4,1.5797375880304,0.798328975400425,"M"
15.8,-1.34384664784812,0.868375602528868,"M"
9.3,-0.917222629139169,1.13591489496134,"M"
7.4,-0.315006647962514,1.42561243391723,"M"
8.6,-0.719850020037853,1.18908197726292,"M"
10.3,-1.00520375672752,1.17985821498215,"M"
2.8,-0.421789878021918,1.65716423410544,"M"
17,-0.671669822570375,1.22835648304891,"M"
0,1.46088779559536,0.601836230780864,"M"
0,1.12118994146339,1.48409336470497,"M"
0,-2.44945547148108,-0.547967054877751,"M"
0.9,0.745306965260952,1.19692001718307,"M"
0,1.33966175870345,0.99709897816996,"M"
27.3,-0.819621721274651,1.33907439450345,"M"
8.6,-0.0693036964067938,1.56846963555701,"M"
8,-1.05074652044399,0.984648033448932,"L"
8.5,-1.00002669261311,0.766515892895435,"M"
20.7,-0.906978980918,0.874636569194855,"M"
6.5,0.664353237273675,0.950912601727408,"M"
7,0.37993087172056,1.1488048279467,"M"
0.1,-1.04805213953117,0.928216953531951,"M"
0,-1.50300979013185,0.487197671143666,"M"
12.7,-1.2187036847702,0.452505611818844,"M"
5.1,-1.19108989646003,0.306928099969417,"M"
0.4,-1.22970259145749,0.0270469325937814,"H"
2.7,-0.828333336015859,-0.988920565285624,"H"
10.6,-1.31110592830362,-0.951525745719524,"M"
7,-1.05601837324723,0.90383914241654,"M"
0.7,-1.18436682844122,1.17735942502198,"M"
9.7,-1.02279556538525,0.926439005778727,"M"
1.2,-1.1397003750129,1.1512962499702,"H"
0,-1.13751401953694,0.915238687642148,"M"
10.5,-1.31003137911865,0.597844282170945,"M"
6.2,-0.588189522578774,1.12558122120465,"M"
0,-2.26549199450352,0.334134737554276,"M"
0,-0.248320625364256,1.4184276037284,"M"
0,-1.72351953840827,0.303282707593032,"M"
0,-1.74231943047571,-0.163777294478823,"M"
0.5,-0.588759523087837,1.49848664457625,"M"
0,-1.43872484602757,0.301613689051003,"H"
0,-0.295588429937428,1.33773221538809,"H"
0,0.920019014410918,1.10777480253089,"M"
0,0.38554667279112,1.42889949370125,"M"
0,1.6506624613425,0.175822179245758,"M"
0.1,1.63845100727963,0.745304163911859,"M"
0,0.839516214322657,1.43206582456581,"M"
0.1,0.318557560942068,1.51691169168368,"M"
0.1,1.12274708954315,0.614686076727282,"M"
0,-1.74989849519051,0.421728889845094,"M"
0.1,0.0291519881964511,-1.43970488697656,"M"
0,1.56688260482503,0.370106609906818,"M"
0,-2.11450761729892,0.440973396459285,"L"
0,-2.0742600895643,0.818746041725214,"L"
0,-2.99862481083197,-0.824832858137301,"L"
0,-3.09725314391959,-0.763624883355856,"L"
0,-2.69403906459504,0.441648636855028,"L"
0,1.62675549995164,0.493625914409989,"M"
0.6,-0.142757462904404,-1.93474037193239,"M"
0,-2.38956250530489,-0.83119855223707,"M"
0,-2.7764936985566,-0.274194715258184,"L"
0,-2.14695481859007,-1.13819374753724,"M"
0,-2.73062903581321,-0.226417907361147,"L"
0,-2.09920245687817,-1.71389878494521,"M"
0,-2.44931657524403,-0.31898011573583,"M"
0,1.05756181412093,1.39429660019425,"M"
2.7,0.459969483114299,1.61580570447179,"M"
0,1.38978398451038,1.15956909082575,"M"
0.1,1.68354330661898,0.147587041227934,"M"
0,-1.21548707238626,0.53989922843239,"M"
0.9,-0.503955708690951,-1.49747408781515,"M"
0,-1.83678255077253,1.36760003699092,"M"
4.4,-0.846178386322122,1.10276114300482,"M"
0,-1.59394866044807,0.722376403169282,"M"
0,-2.77102186406093,0.66628659666564,"L"
0,0.878362699244672,1.22824222715864,"M"
0,0.11062598038048,1.60619484884769,"M"
0,-2.32351612779452,0.351813592515619,"L"
0,-2.09101528654661,0.683853106616034,"M"
0,1.2042890169676,1.21399669011543,"M"
0,1.07498229896257,1.10272982045338,"M"
0,0.658198156874961,-1.70753482725431,"M"
0,-2.67743512524602,-0.259694339751261,"M"
0,-2.30329626508323,0.805249225552953,"M"
0,-2.81821015034587,-0.683879776340503,"M"
0.1,-1.71475757194371,-0.609923330806195,"M"
0.1,-0.39373890584384,-1.89962356113649,"M"
0,-2.45298460993639,0.831243949400673,"M"
0,-3.04947665653398,-0.865789882855144,"L"
0,-2.50789196451064,-0.333733268259191,"L"
0,-2.86282748801649,0.314036262009991,"L"
0,-2.50778120666234,-0.973207798731167,"M"
0,-2.86832859666397,0.259019423132094,"L"
0,-3.31880249810406,-0.272855233738035,"L"
0,-3.72913489428548,-1.07142565781414,"L"
0,-3.32904051796266,-0.73864012195582,"M"
0,-2.83880529886986,0.252357831478234,"L"
0,-1.60868510976781,1.48601218622572,"M"
0,-2.70877069393131,-0.339796008950769,"M"
0,-2.83496422086448,-1.41840680568667,"L"
0,-2.32462236844302,0.461552645030201,"M"
0,-1.83519875042748,0.132836540264464,"M"
0,-3.56476586936849,-0.953175900128379,"L"
0,-1.06793487423247,2.01442674336846,"M"
0,-2.76982719355301,0.0309405535544991,"L"
0,-3.51979781650532,-0.596593103316115,"M"
0,-3.12000532291892,-0.249933561086976,"L"
0,-0.928708057216955,1.44772281340742,"M"
0,-2.54782253427603,0.610737532689198,"L"
0,0.525197516637901,1.58526577220269,"M"
0.8,0.914259845995847,1.45689015852248,"M"
0.6,-1.13156666818137,1.05927186097853,"M"
0,-2.23301684531182,0.983481453080669,"M"
0,-1.98761766021152,0.708149727681429,"M"
0,-2.25924338300832,-0.220724571203847,"M"
0,-2.75999394664485,0.00578052625656668,"M"
0,-2.30591005419634,0.939616316352704,"M"
0,-2.75126858317248,0.70435870353683,"L"
0,-2.54244305041321,0.747317426135343,"L"
0,-2.42671433417658,0.815265318961821,"L"
0,-3.12203253528811,0.549374961754235,"M"
0,-3.72100156604943,-0.465453913355221,"M"
0,-3.56320444526938,-0.791248432044261,"M"
0,-3.28822908640992,-0.107932735014845,"M"
0,-4.09203739296612,-1.21988932881924,"M"
0,-3.81294741157186,-0.992487801732325,"M"
0,-2.91673438331452,-0.138059904356294,"M"
0,-2.46028638801226,0.809376852252146,"M"
0,-2.47909256958815,0.0670822734620233,"M"
0,-3.00475207128353,0.303092378850669,"M"
0,-3.23099063291003,0.350997906044574,"M"
0,-3.67872987183816,-1.2645341158093,"M"
0,-1.97628310504105,1.86887802938803,"M"
0,-2.1536863847397,0.265584179097422,"M"
0,-2.36369764623356,0.278088901594339,"M"
0,-2.11393947581521,1.13633617058955,"H"
3.4,-2.2070469785461,-0.382810180756139,"H"
5.1,-0.408261704147637,1.69142613818235,"M"
13,-1.46949496585669,0.705325843367347,"H"
0,-2.0381709783284,0.415041037850305,"M"
0.3,-1.93566144925684,-0.864647184614006,"L"
2.5,-1.87372531402203,-0.462659105166026,"M"
2.6,-2.13514476797259,-1.13910351584011,"M"
0.2,-1.75616913855573,-0.394803693985268,"M"
5.2,-1.60481285349816,0.383504504858944,"M"
0.8,-1.41201314537449,1.11634173857723,"M"
17.2,-0.735608794710782,1.62088855296845,"M"
0,-0.377043245721005,1.35865315325736,"M"
0,0.359772124004591,1.88599152139908,"M"
19.3,1.64476493858581,0.731264860908005,"M"
16.8,1.18915916598512,1.46901343695474,"M"
15,-0.929987017596823,1.164140948125,"M"
4.6,-1.0082421776449,1.76191592058698,"M"
5.2,-1.23697226440721,1.07680063943485,"M"
1.8,-1.14848028626265,0.34784052677348,"M"
0.1,-1.13594293230316,0.497225959248414,"M"
0,-1.28161110736324,-0.699337521861351,"M"
0,-1.30132757096218,1.41171758969479,"M"
6.4,-1.42864580066065,0.763787389431576,"H"
1.6,-1.41789234294823,0.600983613594239,"H"
0,-0.548609091458696,1.556125979723,"M"
0,-1.43503043602505,0.729923042300864,"M"
5.7,-2.22483878859,0.260177563954702,"M"
7.4,-0.0887561929391305,1.58752081504935,"M"
0.4,-1.68055609093956,0.178413074649667,"M"
0.4,0.763034592557855,1.41770173540137,"H"
4.4,-1.07304288178419,1.13233341991318,"M"
40.2,-1.32826583607729,0.818113603792227,"M"
6.1,-0.856863472915757,1.43341724169299,"M"
0,-0.5766846710784,1.38471469629783,"M"
0,0.347985947447959,1.75584901981313,"M"
0.3,0.817728139074696,1.23358043538532,"M"
22.5,-1.0479314109094,0.913203021255095,"H"
23.2,-0.937120252018927,0.929626609589024,"H"
25.5,0.344345476779311,1.13909007221625,"M"
17,-0.948230491502447,0.844842550411039,"H"
0.1,-0.741844791231983,1.29219437613773,"M"
0,0.410591372263408,1.50499658638246,"M"
0,-0.543381341722023,1.84150392817077,"M"
1.1,-0.594651928675533,1.70952890695726,"M"
0.3,-0.941522119168943,1.15483163236708,"M"
0,0.428209031820005,1.72772596932146,"M"
1.1,0.552811031456431,1.48013511663634,"M"
0,-0.445848771149661,1.59900558887839,"M"
15.8,0.720957854192985,1.28106197058435,"M"
15.2,-0.433046417696887,1.43613049550516,"M"
3.7,-0.776588694023916,1.1768644783127,"M"
0,1.3923615342887,1.17206201108697,"M"
0.4,-1.35946391942805,1.020714383054,"M"
0,-1.45680079087767,0.951489072821232,"M"
0,0.165020043607876,1.85266521131252,"M"
0,1.07625060955139,1.43030927614983,"M"
0,1.19861781766176,1.26131491990849,"M"
0,0.79880072342068,1.65756369538627,"M"
7.5,-0.42239573889524,1.55360285779962,"M"
13.8,-0.942017120786268,0.967007623623283,"M"
0,-0.818532932062333,1.20896808854884,"M"
0,-1.35223060330296,1.06295455946664,"M"
0,-1.32493474138257,0.966513285515259,"M"
0.1,-0.918411653294592,1.13495375901078,"H"
0,-0.0447290835322855,1.4393051480094,"H"
0.1,0.501077458325802,1.70801679756311,"H"
8.3,-1.30847435567974,0.849408535704989,"M"
36.4,-0.0477876495676046,1.67932020191172,"M"
0.4,1.39925612572387,0.775939620475862,"M"
0,1.17923479516901,1.39939461834849,"M"
0,0.691518557529938,1.84464145149991,"M"
0,1.55611629003705,1.03701595546131,"M"
0,1.63131759738088,1.06831778814895,"H"
0.4,1.83278576444168,0.825225024862877,"M"
0,1.43211664993945,1.3960809077436,"M"
0.4,0.610808402276537,1.56502814534065,"M"
0,1.64057669358851,0.897445325607196,"M"
0,-2.6399805386262,-0.0101368473867995,"M"
0,-1.93117779460686,0.436980921342572,"L"
0,0.797125709561259,1.74670850549153,"M"
0.1,1.10827850389104,1.85400074374663,"M"
0,-1.80285622209605,1.18966778658983,"M"
0.1,-0.772251374156328,1.79056633921049,"M"
0.5,-0.564264300897463,1.7723447178054,"M"
0.7,1.43500744661031,1.103110886617,"M"
0,-0.220446626019906,1.52414017894564,"M"
0,0.689941164206671,1.87722699478064,"M"
0.1,1.8672627053428,0.446911612330559,"M"
0,0.0710510472768295,1.38818289453547,"H"
0,-0.474997684484873,1.84999383775569,"M"
0,0.61828917605374,1.57283772041962,"M"
0,1.34253901567677,1.12253685524603,"M"
0,1.49747549181328,1.18560834655402,"M"
0,0.152736284581646,1.87378537388149,"M"
0,0.581251330188799,1.76684659525205,"M"
0,0.357015289289515,1.79483706313791,"M"
0,-0.959118349499696,0.721174037007004,"M"
0,-0.821817644325527,1.70037846591143,"M"
3.11148264984227,-0.821817644325527,1.70037846591143,"M"
3.11148264984227,-0.821817644325527,1.70037846591143,"M"
7.9,-0.821817644325527,1.70037846591143,"M"
29.5,-1.28101342215917,0.539541112657825,"L"
19,-1.15063986461216,0.865810546231287,"M"
6.1,-1.04705313109425,0.820109590643667,"M"
1.4,-0.383770175036455,1.24206298260293,"M"
0,0.486445171741196,1.58712667890426,"H"
4.2,0.642954838951626,1.42134059080457,"M"
0,0.393729620369797,1.23894188162458,"M"
0,0.720612374066526,1.23515902066989,"M"
0,0.474674792415779,1.85007671231358,"M"
0,1.3242177455028,1.17445619862789,"M"
0,1.66068977168748,0.694341041716963,"M"
0,1.14478634434975,1.17433565295035,"M"
0,-0.547467883724205,1.3210522004412,"M"
2.8,1.03291333298065,1.36278760140779,"M"
5.8,1.15356731260923,1.16571113715171,"M"
0.2,-0.113057871655215,1.96675314100596,"M"
0.1,1.883372273327,0.421673902516026,"M"
0,1.65617131702154,0.705050756098554,"M"
1.4,1.19785850719567,1.37023173103638,"M"
0,-1.96715430851993,0.10584860165105,"M"
0,1.18064996126148,1.56450173185372,"M"
0,-0.404714309592582,1.42358924118265,"M"
0,1.1836333461093,1.28899654847408,"M"
0.4,-0.0602978367486573,1.62888433318128,"M"
10.3,0.517688474744167,1.41848462914374,"M"
7.3,-0.949895109467533,0.797056636011309,"M"
0,-0.819446233849014,1.06023953417644,"H"
32.7,-0.748278869368305,1.4929764678845,"M"
2.1,0.0662299626687104,1.45849703189444,"M"
5.4,-1.52243167462708,0.383538519698082,"M"
1.2,-0.290372073303531,1.55308855479828,"M"
4.6,1.07546349368969,1.27760646278139,"M"
0,1.06430128288927,1.32561788583296,"M"
0,1.33684755767425,0.932597773716191,"M"
0,1.76963513834616,0.539343561313707,"M"
0,0.641962399423969,1.42178911155129,"M"
0.1,-0.0560589179072437,1.25875231786204,"H"
0,1.13407032967804,1.30643962254057,"M"
0,1.11878902874714,-1.04365277231224,"M"
1.6,0.148494913054047,1.81393198902193,"H"
0,1.33605784505793,0.80532566993681,"M"
0,1.46596844153156,0.665609892079095,"M"
0.1,0.446151491259434,1.764468431808,"M"
13.1,0.917905892393825,1.38313006355465,"H"
0.1,0.373598319769298,1.86290748440859,"M"
0.1,1.1584344259017,1.13244411821767,"M"
1,-1.61224433548237,-0.539136534381597,"M"
8.5,-1.45704970477728,0.914005556771102,"M"
7.3,-0.944951917338839,0.991950540056133,"M"
22.1,-1.40145179734772,0.638383003933262,"M"
20.2,-1.3317430224456,0.275790721684857,"M"
0.1,-1.64184812985655,-0.400543029506897,"M"
0,-2.55667628302099,-0.346130587839262,"M"
0,1.414283157957,1.47017112919523,"M"
0,-1.41673917532471,1.0610137176777,"M"
29.1,-1.42549217808119,0.790488488359783,"M"
1.1,-2.21857289121501,-0.525675114843624,"M"
8.6,-1.56056510902019,0.648642074266532,"M"
5.7,-1.38422330481515,0.841620961244806,"M"
6.2,-1.55844311326882,-0.0696782800089258,"M"
20,-0.830672628779539,0.642248381700173,"M"
8.9,-0.891948916974002,0.973050424956952,"M"
0.4,-1.86997923685816,0.00881213477862881,"M"
4.3,0.750365193617012,1.34482418040728,"M"
2.2,-0.73253279507529,1.4673090009058,"M"
0,1.14602726885744,1.32254357169628,"M"
0.1,1.0025991392812,1.34803374064324,"M"
0.3,0.279251065128516,1.55512663234368,"M"
0,-0.0147024517802538,1.61993328193221,"M"
1.1,-0.510468992556083,1.66343662567553,"M"
0.2,-1.00931610643014,1.17634221096614,"M"
6.8,-0.180925031248085,1.28734848936404,"M"
0.4,-1.41764537959192,0.0817409182825857,"M"
0,1.35056561709295,0.876397463441304,"H"
0,0.588799273107706,1.66919603881265,"M"
0.9,1.05005275018085,-0.78325552780535,"M"
0,-0.550020894847867,1.5662301922868,"M"
10.3,-0.476548704812502,1.49592825093369,"M"
7.8,-0.233911451277039,1.62323301868877,"M"
14,-1.28402219719097,0.90343068196784,"M"
0,-2.66407098643582,0.291763224603265,"L"
0,-2.4594558290742,-0.318554586896751,"L"
0,-2.03864293914697,0.0743973565807114,"M"
0,-1.66472733720448,0.89486473433927,"M"
0,-1.88872319326501,0.716327229150773,"M"
0,1.59309603218216,1.25815143454413,"M"
0,-0.796011135726524,1.56970260616442,"M"
0,0.559304669627501,1.64765842532148,"M"
0,0.188373837399697,1.9006881115489,"M"
0,-1.96131534621156,-0.336663203684358,"M"
0,1.71340485435224,0.723770547260784,"M"
0,1.78173139601348,0.255799203399552,"M"
0,1.83618543359737,0.11841897417576,"M"
0,2.14683126290682,0.238150222771087,"M"
0,2.46948503427439,0.0504347647441571,"M"
0,-2.05083771122073,0.496149858646465,"M"
0,-2.18383544242,0.164203411749658,"M"
0,1.74219010410005,0.312527824642615,"M"
0,-1.43838223027667,-0.787817592862908,"M"
0,-2.13949073795101,-0.0466838539739605,"M"
0,0.138165528227396,1.85486125810252,"M"
