DATE,PRECIPITATION(mm),WINDDIR(deg),WINDDPEED(m/s),PARTICULAS(microg/m3)
01/06/2007,9.3,125.09,1.91,24.84
04/06/2007,0.1,200.03,2.77,17.81
05/06/2007,0,178.09,3.24,15.86
06/06/2007,0,45.07,2.56,26.33
07/06/2007,0,44.83,2.09,23.46
08/06/2007,0.1,85.26,2.37,21.83
11/06/2007,0,66.72,2.53,14.72
12/06/2007,0,39.28,2.4,16.98
13/06/2007,0.6,13.12,2.43,14.31
14/06/2007,0.8,126.14,2.25,17.2
15/06/2007,0.9,150.45,2.49,16.61
18/06/2007,0.1,135.97,2.72,16.52
19/06/2007,0.2,147.83,2.39,15.3
20/06/2007,0,149.02,3.41,12.07
21/06/2007,4.6,77.6,2.38,16.58
22/06/2007,2.2,124.69,2.08,23.88
25/06/2007,0.1,143.72,3.27,9.01
26/06/2007,0,122.14,3.23,12.82
27/06/2007,0,187.24,4.1,10.44
28/06/2007,0,168.15,3.8,9.09
29/06/2007,0,132.97,2.89,15.85
02/07/2007,0,186.38,5.95,7.22
03/07/2007,0,205.46,5.49,8.66
04/07/2007,0,214.51,4.6,10.25
05/07/2007,0,220.26,4.56,11.08
06/07/2007,0,212.36,4.31,9.77
09/07/2007,0.2,72.41,2.67,16.86
10/07/2007,0,167.99,3.06,11.2
11/07/2007,0,75.66,2.69,15.82
12/07/2007,0,51.09,2.8,10
13/07/2007,0,42.23,2.37,21.46
16/07/2007,1.1,69.19,2.28,17.35
17/07/2007,5.4,57.47,2.58,18.79
18/07/2007,0.1,39.37,2.45,22.33
19/07/2007,0,73.88,2.41,23.53
20/07/2007,0.7,31.32,2.18,26.39
23/07/2007,0.1,66.75,2.77,15.96
24/07/2007,0,56.89,2.55,19.22
25/07/2007,0.2,121.45,2.39,22
26/07/2007,0,10.15,2.86,14.34
27/07/2007,2.6,120.74,2.45,16.41
30/07/2007,0,228.37,3.88,14.05
31/07/2007,0,183.25,4.13,13.76
01/08/2007,0,191.92,4.32,13.65
02/08/2007,0,191.26,5.67,8.93
03/08/2007,0.1,188.11,4.9,9.88
06/08/2007,0,55.88,2.43,19.85
07/08/2007,0,57.39,2.33,24.01
08/08/2007,3.9,146.69,2.8,15.82
09/08/2007,6.6,107.11,2.28,18.4
10/08/2007,0,131.33,3.03,12.99
13/08/2007,0.1,80.07,2.22,18.91
14/08/2007,0,61.13,2.37,19.25
15/08/2007,0,41.56,2.51,23.27
16/08/2007,2.6,123.2,2.08,20.56
17/08/2007,0,76.36,2.64,16.72
20/08/2007,1.1,195.07,3.04,17.22
21/08/2007,0.3,209.38,4.54,11.4
22/08/2007,0,173.72,4.81,13.66
23/08/2007,0,66.13,3.04,20.2
24/08/2007,4.6,76.33,2.48,26.23
27/08/2007,0,59.54,2.58,18.62
28/08/2007,0.2,64.7,2.55,17.66
29/08/2007,1.1,40.5,2.71,14.9
30/08/2007,0.2,93.71,2.67,19.22
31/08/2007,0,82.27,3.25,19.05
03/09/2007,0.1,181.58,4.14,16.15
04/09/2007,0,110.04,2.78,15.48
05/09/2007,0.1,136.89,3.56,11.13
06/09/2007,0,191.95,4.15,10.74
07/09/2007,0,222.26,3.92,10.74
10/09/2007,0,153.58,4.69,9.34
11/09/2007,0,232.43,4.08,12.54
12/09/2007,0,150.4,4.7,9.61
13/09/2007,2.4,217.35,4.64,13.31
14/09/2007,0,152.24,3.1,29.9
17/09/2007,0,165.99,4.31,14.09
18/09/2007,0.1,7.22,2.87,18.83
19/09/2007,0,83.46,3.92,16.64
20/09/2007,0,113.35,3,21.19
21/09/2007,0.2,203.49,3,20.25
24/09/2007,0,64.52,2.59,21.57
25/09/2007,1.3,196.41,3.68,18.17
26/09/2007,0,220,3.53,17.1
27/09/2007,0,113.54,3.3,14.46
28/09/2007,0,182.62,6.24,8.98
01/10/2007,0.1,223.2,6.07,44.84
02/10/2007,0,171.74,4.54,27.87
03/10/2007,11,218.43,4.34,17.18
04/10/2007,8.2,211.5,2.79,23.76
05/10/2007,3.3,141.9,2.53,24.44
08/10/2007,1,62.41,2.12,26.09
09/10/2007,13.7,38.85,2.04,28.88
10/10/2007,16.6,70.66,2.24,37.78
11/10/2007,12.2,59.18,2.13,29.23
12/10/2007,8.2,69.54,2.28,22.18
15/10/2007,0,184.68,2.24,25.41
16/10/2007,15.8,14.71,1.95,30.45
17/10/2007,5,41,2.22,24.99
18/10/2007,1.7,91.91,2.41,29.25
19/10/2007,6.4,119.78,2.53,28.99
22/10/2007,2.1,104.18,1.79,23.04
23/10/2007,0.2,97.52,2.06,28.24
24/10/2007,0,99.51,1.88,28.13
25/10/2007,0,78.88,2.51,25.6
26/10/2007,0,83.47,2.72,22.44
29/10/2007,0,89.88,2.28,30.73
30/10/2007,0,88.59,2.39,28.05
31/10/2007,0,82.43,2.32,25.88
01/11/2007,0,123.58,2.12,26.52
02/11/2007,0,78.01,2.33,23.5
05/11/2007,0,99.14,2.4,35.05
06/11/2007,5.7,119.05,2.01,38.57
07/11/2007,0,88.99,2.14,23.72
08/11/2007,0,79.82,2.66,26.05
09/11/2007,33.1,85.54,2.52,21.21
12/11/2007,0,85.18,2.28,29.57
13/11/2007,1.7,80.43,2.74,25.34
14/11/2007,0,70.82,2.67,28.05
15/11/2007,0,40.77,2.49,20.68
16/11/2007,0,93.66,2.47,27.92
19/11/2007,0,122.3,3.86,10.92
20/11/2007,0,127.77,2.75,21.55
21/11/2007,1,89.48,2.42,28.66
22/11/2007,19.5,117.55,2.26,28.75
23/11/2007,23.4,125.28,2.19,30.38
26/11/2007,0,95.42,2.75,15.7
27/11/2007,0.1,114.12,2.53,20.09
28/11/2007,3.7,94.19,3,23.91
29/11/2007,5.8,112.26,2.86,18.63
30/11/2007,14.1,124.62,2.24,25.55
03/12/2007,0,205.86,3.36,13.98
04/12/2007,0,221.36,3.13,15.59
05/12/2007,0,138.65,2.37,18.83
06/12/2007,0,124.46,2.23,19.6
07/12/2007,0,100.72,2.73,24.41
10/12/2007,0,123.14,2.69,26.11
11/12/2007,0.9,94.23,2.72,25.78
12/12/2007,3.2,94.5,2.65,24.06
13/12/2007,0.5,88.78,2.52,27.99
14/12/2007,4.1,96.79,2.61,26.59
17/12/2007,18.3,121.47,1.85,19.16
18/12/2007,0.1,106.28,1.89,21.74
19/12/2007,4.3,94.48,2.22,22.35
20/12/2007,18.8,106.57,2.1,20.73
21/12/2007,5.7,73.15,2.37,23.98
24/12/2007,0,77.47,2.08,16.53
25/12/2007,0,53.63,2.4,15.47
26/12/2007,1,66.32,2.53,15.78
27/12/2007,5.2,77.57,2.46,16.61
28/12/2007,0,23.84,2.15,17.45
31/12/2007,0,56.92,2.83,14.56
01/01/2008,2.4,72.55,2.61,26.17
02/01/2008,0.1,89.99,2.53,18.03
03/01/2008,2.4,90.53,2.6,20.77
04/01/2008,0,135.19,2.78,19.18
07/01/2008,0.3,64.94,2.7,18.51
08/01/2008,4.3,67.79,2.68,17.04
09/01/2008,13.7,94.42,2.53,
10/01/2008,5,71.44,1.85,20.58
11/01/2008,5.4,94.69,1.52,19.26
14/01/2008,0,59.07,2,21.42
15/01/2008,2,74.37,1.93,21.17
16/01/2008,7.1,84.83,2.08,23.63
17/01/2008,0.2,81.44,2.4,20.24
18/01/2008,2.1,101,2.79,18.59
21/01/2008,0,66.58,2.23,20.15
22/01/2008,0.5,64.36,2.7,19.45
23/01/2008,2.2,72.75,2.71,21.68
24/01/2008,2.7,66,1.83,24.03
25/01/2008,0,,,
28/01/2008,40.3,96.19,1.3,13.73
29/01/2008,27.1,102.12,1.32,11.95
30/01/2008,5.7,96.53,1.42,11.77
31/01/2008,16.5,83.62,1.24,12.55
01/02/2008,16.8,119.75,1.34,13.37
04/02/2008,0,41.05,1.42,12.51
05/02/2008,0,57.14,1.41,19.19
06/02/2008,0,44.83,1.96,22.55
07/02/2008,0,79.91,1.79,19.23
08/02/2008,0.1,47,1.62,21.45
11/02/2008,0,92.94,1.7,17.2
12/02/2008,0,74.4,1.63,18.52
13/02/2008,1.7,53.07,1.45,17.76
14/02/2008,0,65.56,1.58,17.86
15/02/2008,0,85.09,1.9,17.68
18/02/2008,16.1,132.11,1.26,18.62
19/02/2008,36.5,148.34,1.37,14.36
20/02/2008,26.5,146.82,1.19,14.17
21/02/2008,26.5,95.31,1.2,12.59
22/02/2008,18.6,131.2,1.19,15.12
25/02/2008,6.3,122.99,1.33,18.02
26/02/2008,9.7,123.73,1.18,16.43
27/02/2008,11.4,108.12,1.37,
28/02/2008,25.1,129.31,1.54,27.84
29/02/2008,0,121.54,1.41,33.86
03/03/2008,3.2,120.43,1.56,
04/03/2008,0.7,123.26,1.73,30.41
05/03/2008,12.6,128.98,1.51,
06/03/2008,10.7,127.01,1.08,11.83
07/03/2008,19.3,156.35,1.23,15.76
10/03/2008,7.6,,,14.74
11/03/2008,8.6,,,13.77
12/03/2008,7.5,,,20.32
13/03/2008,2,,,17.66
14/03/2008,9.9,90.95,1.37,15.09
17/03/2008,15.8,160.82,1.72,
18/03/2008,0.1,107.96,1.7,
19/03/2008,0.1,108.64,1.72,20.8
20/03/2008,0,103.81,1.42,20.69
21/03/2008,1.7,128.64,1.52,16.16
24/03/2008,0.1,38.87,1.75,12.67
25/03/2008,4.2,353.33,1.27,19.23
26/03/2008,0.1,58.47,1.78,19.58
27/03/2008,0,99.69,1.68,23.21
28/03/2008,0,107.61,1.89,18.91
31/03/2008,23.2,138.4,1.45,16.16
01/04/2008,20.5,93.19,1.37,13.86
02/04/2008,19.2,116.61,1.23,14.88
03/04/2008,2.3,105.48,1.7,13.28
04/04/2008,0.6,119.58,1.66,16.55
07/04/2008,12.8,135.09,1.62,14.58
08/04/2008,2.4,129.38,1.52,20.06
09/04/2008,9.9,83.78,1.58,18.94
10/04/2008,1.3,147.11,1.7,15.21
11/04/2008,40,110.33,1.32,19.6
14/04/2008,5.4,121.37,1.52,14.81
15/04/2008,1,64.92,1.67,16.32
16/04/2008,0,76.1,1.45,18.84
17/04/2008,0,191.26,2.66,11.42
18/04/2008,0,170.06,2.35,10.95
21/04/2008,9.1,125.14,1.69,16.96
22/04/2008,0.3,130.73,1.68,17.56
23/04/2008,2.8,142.58,1.59,20.05
24/04/2008,10.2,152.87,1.23,21.05
25/04/2008,6.8,127.88,1.59,18.32
28/04/2008,10.8,98.19,1.4,17.06
29/04/2008,0,44.92,1.21,26.34
30/04/2008,14.9,127.01,1.43,23.55
01/05/2008,10.3,141.4,1.14,15.71
02/05/2008,9.6,130.76,1.04,18.81
05/05/2008,3.2,125.66,1.48,17.6
06/05/2008,0,14.93,1.69,15.45
07/05/2008,0,130.26,1.63,14.8
08/05/2008,0,254.19,2.43,8.98
09/05/2008,0.2,72.27,2.13,17.43
12/05/2008,0,126.72,1.68,15.47
13/05/2008,0.2,156.54,1.87,16.06
14/05/2008,5.4,167.32,1.4,21.44
15/05/2008,0,136.45,1.89,17.7
16/05/2008,11.2,132.1,1.61,17.93
19/05/2008,2.6,105.96,1.43,19.02
20/05/2008,0,78.8,1.77,15.91
21/05/2008,0.2,127.02,1.64,17.42
22/05/2008,13.5,79.03,1.57,14.33
23/05/2008,3.7,129.64,1.41,15.61
26/05/2008,0.7,109.15,2.02,11.16
27/05/2008,23.6,185.28,1.2,19.71
28/05/2008,6,128.72,1.01,22.9
29/05/2008,14,49.08,1.53,14.41
30/05/2008,8.6,10.81,1.48,16.48
02/06/2008,0.1,98.9,1.89,17.31
03/06/2008,0.1,89.68,1.63,19.54
04/06/2008,0.1,162,1.46,15.37
05/06/2008,0.1,43.01,1.69,15.92
06/06/2008,0,59.9,1.57,18.37
09/06/2008,0,101.73,1.19,17.63
10/06/2008,1.7,202.2,1.39,20.67
11/06/2008,0,46.66,1.65,18.51
12/06/2008,12.1,172.91,1.89,13.74
13/06/2008,0,157.75,1.93,13.21
16/06/2008,0.5,94.4,1.65,14.07
17/06/2008,0,181.75,2.19,8.74
18/06/2008,17.5,159.65,1.74,20.78
19/06/2008,2.5,124.4,1.56,19.18
20/06/2008,3.5,61.68,1.83,15.3
23/06/2008,0.6,129.07,1.38,19.74
24/06/2008,2.5,122.89,1.34,19.06
25/06/2008,1.3,191.06,1.97,16.23
26/06/2008,0,130.07,1.92,18.1
27/06/2008,0,25.12,1.85,16
30/06/2008,0.5,71.27,1.83,14.33
01/07/2008,0,106.46,1.59,20.14
02/07/2008,0,44.66,1.66,16.94
03/07/2008,0,95.72,1.81,16.28
04/07/2008,0,87.91,1.45,19.88
07/07/2008,0.1,87.94,1.79,16.69
08/07/2008,5.8,152.56,1.46,17.57
09/07/2008,0,38.31,1.68,17.42
10/07/2008,0.3,91.32,1.56,10.6
11/07/2008,0,129.67,1.84,14.25
14/07/2008,0,75.29,1.67,13.72
15/07/2008,0.9,165.16,1.63,17.09
16/07/2008,0.1,190.16,2.36,11.59
17/07/2008,0.4,43.7,1.8,15.49
18/07/2008,2.7,38.99,1.77,23.18
21/07/2008,0,174.94,2.59,7.47
22/07/2008,0,171.13,2.34,7.26
23/07/2008,0,174.73,2.43,6.92
24/07/2008,0,134.47,2.14,8.21
25/07/2008,0,116.46,2.18,8.22
28/07/2008,0.1,148.47,2.35,9.88
29/07/2008,0,71.96,1.78,14.35
30/07/2008,0,83.73,1.58,21.62
31/07/2008,0,,,
01/08/2008,0.9,,,
04/08/2008,4,63.05,1.93,15.91
05/08/2008,0,33.39,1.85,16.1
06/08/2008,0,81.14,1.89,16.35
07/08/2008,0,165.62,2.35,11.14
08/08/2008,0,148.41,2.14,11.52
11/08/2008,1.2,147.56,1.62,18.69
12/08/2008,15.9,284.99,1.73,19.89
13/08/2008,0,148.73,1.61,16.92
14/08/2008,0,130.2,1.93,15.25
15/08/2008,0.4,160.34,1.97,15.61
18/08/2008,6.7,138.71,1.54,20.17
19/08/2008,0.9,100.14,1.55,21.48
20/08/2008,0.5,130.89,1.62,20.79
21/08/2008,0.1,91.99,1.76,18.12
22/08/2008,1.3,138.32,1.7,20.3
25/08/2008,0.4,155.44,1.76,17.52
26/08/2008,0,167.18,2.07,13.71
27/08/2008,0.1,97.23,1.6,18.29
28/08/2008,1.9,80.97,1.61,20.68
29/08/2008,0.5,126.02,1.37,
01/09/2008,0.2,141.72,1.39,21.66
02/09/2008,0,126.63,1.79,17.63
03/09/2008,8,147.08,1.22,19.55
04/09/2008,22.8,162.14,1.36,19.25
05/09/2008,0,31.7,1.53,19.63
08/09/2008,0.2,156.72,1.6,14.05
09/09/2008,0,187.61,2.14,8.72
10/09/2008,0,196.05,2.89,8.2
11/09/2008,0,202.7,3.54,13
12/09/2008,0,166.49,2.82,17.52
15/09/2008,0.4,53.31,1.7,19.74
16/09/2008,5.8,170.93,1.48,19.77
17/09/2008,0,165.86,2.23,12.33
18/09/2008,0,70.87,1.78,22.77
19/09/2008,0.1,169.96,1.73,24.31
22/09/2008,0.2,168.6,1.76,19.41
23/09/2008,0.9,117.68,1.58,22.61
24/09/2008,0.9,69.48,1.76,22.55
25/09/2008,0.1,198.41,2.19,17.86
26/09/2008,0,189.96,2.71,16.86
29/09/2008,0,92.26,1.86,18.03
30/09/2008,1.5,121.54,1.88,15.24
01/10/2008,2.9,87.33,1.37,24.28
02/10/2008,0,55.65,1.71,22.07
03/10/2008,0,120.54,1.97,21.89
06/10/2008,7,177.98,1.36,20.56
07/10/2008,16.3,138.4,1.55,16.95
08/10/2008,0,187.3,2.42,12.83
09/10/2008,0,163.7,2.4,9.69
10/10/2008,7.1,139.85,1.71,12.97
13/10/2008,9.2,94.51,1.41,23.04
14/10/2008,18.9,108.74,1.19,18.34
15/10/2008,14.1,171.16,1.32,21.12
16/10/2008,0,138.3,1.46,22.42
17/10/2008,2.4,195.8,1.88,14.25
20/10/2008,11.7,142.13,1.4,21.13
21/10/2008,0,69.8,1.39,23.29
22/10/2008,0,71.09,1.61,18.1
23/10/2008,0,52.32,1.62,16.83
24/10/2008,0,101.71,1.64,26.05
27/10/2008,13.6,162.15,1.37,19.05
28/10/2008,12.4,144.93,1.43,21.22
29/10/2008,14.1,59.5,1.57,18.4
30/10/2008,0,56.66,1.77,17.17
31/10/2008,10.5,113.9,1.72,16.45
03/11/2008,1.9,202.86,1.44,13.16
04/11/2008,1,95.95,1.32,23.69
05/11/2008,3.4,136.88,1.51,24.49
06/11/2008,0,151.78,1.76,16.61
07/11/2008,5.8,118.78,1.74,23.52
10/11/2008,0,95.53,1.96,24.68
11/11/2008,0.7,83.4,1.93,23.97
12/11/2008,1.1,126.1,1.84,23.27
13/11/2008,13.5,140.38,1.81,19.1
14/11/2008,0.4,152.71,1.48,28.08
17/11/2008,2.4,136.61,1.33,24.4
18/11/2008,2.4,129.71,1.5,23.1
19/11/2008,0.2,159.55,1.58,22.84
20/11/2008,0,128.31,1.71,22.72
21/11/2008,0.1,137.67,1.56,32.3
24/11/2008,15.6,108.35,1.76,15.98
25/11/2008,2.9,137.6,1.61,15.97
26/11/2008,1.2,,,15.47
27/11/2008,1.4,,,23.7
28/11/2008,0,154.39,1.84,21.89
01/12/2008,0.2,135.16,1.39,26.59
02/12/2008,3.7,111.07,1.36,22.79
03/12/2008,12.5,118.21,1.77,16.52
04/12/2008,4.4,,,26.7
05/12/2008,22.9,66.4,1.27,25.14
08/12/2008,0.1,18.54,1.59,18.01
09/12/2008,0,75.56,1.54,15.48
10/12/2008,0,173.05,2.28,13.24
11/12/2008,0.9,121.86,1.74,23.11
12/12/2008,6.3,151.31,1.45,27.91
15/12/2008,7.2,147.47,1.56,19.52
16/12/2008,3.5,155.13,1.4,20.28
17/12/2008,1,127.2,1.76,13.96
18/12/2008,5.6,131.72,1.57,18.12
19/12/2008,10.8,102.72,1.6,14.56
22/12/2008,0.4,112.06,1.54,11.15
23/12/2008,6.4,66.61,1.73,12.63
24/12/2008,0.6,88.21,1.71,22.15
25/12/2008,0.2,107.09,1.79,16.73
26/12/2008,2.7,126.93,1.61,12.88
29/12/2008,0,132.3,1.39,21.08
30/12/2008,0,96.25,1.7,20.72
31/12/2008,0,76.18,1.76,23.98
01/01/2009,0,52.48,1.55,43.38
02/01/2009,0,89.49,1.39,14.53
05/01/2009,2.2,64.12,1.09,18.94
06/01/2009,2.7,102.75,2.05,12.85
07/01/2009,0.4,91.37,1.51,14.76
08/01/2009,0.3,95,1.43,12.95
09/01/2009,0.4,125.47,1.37,15.72
12/01/2009,0.2,47.46,1.65,14.86
13/01/2009,0.2,85.95,1.52,13.91
14/01/2009,0.2,49.78,1.51,13.97
15/01/2009,9.2,89.48,1.67,17.66
16/01/2009,7.2,126.83,1.29,11.95
19/01/2009,4.4,139.59,0.25,15.46
20/01/2009,0,9.67,0.5,18.36
21/01/2009,2.5,26.2,0.62,17.59
22/01/2009,3.6,111.77,0.57,19.87
23/01/2009,2.8,75.12,0.49,20.04
26/01/2009,11.4,115.37,0.44,12.76
27/01/2009,0.2,44.92,0.76,17.52
28/01/2009,0.8,116.63,1.11,17.52
29/01/2009,3.3,82.36,0.44,18.66
30/01/2009,4.4,35.51,0.31,21.48
02/02/2009,0.2,22.16,0.53,16.39
03/02/2009,0,38.51,0.29,17.34
04/02/2009,0,93.93,0.3,14.62
05/02/2009,0.1,24.67,1.33,16.45
06/02/2009,0,66.29,1.52,19.84
09/02/2009,0.1,81.38,1.69,22.12
10/02/2009,0,54.36,1.85,22.36
11/02/2009,0.4,167.55,1.26,22.26
12/02/2009,9.3,124.04,1.54,19.85
13/02/2009,15.1,140.76,1.44,17.09
16/02/2009,21.8,124.93,1.25,15.14
17/02/2009,6.8,79.98,1.42,15.49
18/02/2009,27.1,98.58,1.25,11.46
19/02/2009,0.2,20.75,1.58,23.81
20/02/2009,0.1,13.97,1.52,20.77
23/02/2009,4.1,109.94,1.58,10.41
24/02/2009,0.5,116.88,1.49,12.08
25/02/2009,0.1,114.53,1.84,15.17
26/02/2009,0.5,145.4,1.68,14.82
27/02/2009,0,31.24,1.38,23.96
02/03/2009,0,76.8,1.62,20.6
03/03/2009,3.4,38.87,1.68,14.92
04/03/2009,0.7,16.22,1.81,15.09
05/03/2009,0.1,11.88,1.94,13.09
06/03/2009,0,13.28,2.03,18.35
09/03/2009,0,129.13,2,17.42
10/03/2009,0,83.51,2.06,22.1
11/03/2009,8.5,117.51,1.75,20.96
12/03/2009,13.4,154.94,1.76,15.54
13/03/2009,7.8,142.92,1.61,12.55
16/03/2009,0.1,84.16,1.72,18.43
17/03/2009,5.1,86.22,1.58,16.73
18/03/2009,0,108.62,1.31,15.35
19/03/2009,0.1,100.32,1.54,17.7
20/03/2009,29.4,150.73,1.39,17.66
23/03/2009,20,152.46,1.25,12.36
24/03/2009,0,67.36,1.44,22.17
25/03/2009,1.7,128.19,1.53,18.11
26/03/2009,24.9,149.89,1.54,14.21
27/03/2009,7.8,110.48,1.64,14.91
30/03/2009,3.4,138.74,1.39,18.39
31/03/2009,0.1,131.33,1.62,18.02
01/04/2009,0,169.76,1.79,16.18
02/04/2009,0,142.75,1.61,17.75
03/04/2009,0,148.96,1.58,24.92
06/04/2009,0.4,95.17,1.82,16.91
07/04/2009,0,125.94,1.58,25.15
08/04/2009,1.1,141.29,1.42,22.13
09/04/2009,4.7,175.63,1.12,24.08
10/04/2009,0.1,8.64,1.6,16.42
13/04/2009,19.2,141.62,1.4,22.66
14/04/2009,11.9,146.7,1.55,19.5
15/04/2009,21.4,204.8,1.57,21.24
16/04/2009,27.1,165.65,1.78,16.46
17/04/2009,3.1,202.08,2.05,16.21
20/04/2009,0.2,108.35,1.79,17.88
21/04/2009,0,45.45,1.56,18.29
22/04/2009,0.1,70.62,1.67,11.96
23/04/2009,0,27.96,1.52,23.89
24/04/2009,0,41.23,1.6,22.99
27/04/2009,0.1,177.76,2.45,8.02
28/04/2009,0,95.99,1.75,14.46
29/04/2009,2.1,111.2,1.92,18.85
30/04/2009,3.2,63.58,1.6,14.66
01/05/2009,0.5,162.68,1.53,20.21
04/05/2009,3.6,99.6,1.3,16.24
05/05/2009,0.9,333.42,1.4,17
06/05/2009,3.1,164.49,1.45,20.47
07/05/2009,7,125.04,1.43,21.5
08/05/2009,0,357.98,1.87,28.02
11/05/2009,0.2,127.9,1.44,18.11
12/05/2009,5.6,156.92,1.47,21.28
13/05/2009,0.2,49.24,1.61,20.03
14/05/2009,0,119.04,1.44,20.07
15/05/2009,0,42.99,1.75,24.6
18/05/2009,0.3,187.59,2.01,21.92
19/05/2009,0.1,204.11,1.92,14.73
20/05/2009,1.1,182.26,2.29,10.86
21/05/2009,0,178.99,1.98,13.38
22/05/2009,0,93.1,1.81,24.09
25/05/2009,5.9,116.27,1.32,19.56
26/05/2009,0,133.01,1.73,20.4
27/05/2009,0.9,193.43,1.52,17.23
28/05/2009,0.1,158.86,2.11,20.82
29/05/2009,0,136.01,1.37,24
01/06/2009,0.1,125.26,1.78,16.86
02/06/2009,0,174.96,2.41,9.77
03/06/2009,0,176.22,2.52,6.85
04/06/2009,0,123.14,1.74,17.59
05/06/2009,0,88.18,1.58,19.23
08/06/2009,0.7,150.31,1.95,12.32
09/06/2009,0.2,21.52,1.49,15.72
10/06/2009,11.9,159.96,1.48,18.85
11/06/2009,5.9,176.23,1.43,20.8
12/06/2009,1,187.8,2.42,10.21
15/06/2009,0,48.6,1.65,15.26
16/06/2009,0.2,122.26,1.49,19.1
17/06/2009,0.6,305.17,2.04,14.75
18/06/2009,0.8,202.55,2.08,17.09
19/06/2009,0,153.51,1.84,18.25
22/06/2009,1.5,94.26,1.29,20.89
23/06/2009,2,135.98,1.46,23.56
24/06/2009,0.6,150.98,1.25,23.92
25/06/2009,0.2,23.18,1.56,16.79
26/06/2009,0.3,195.39,2.34,11.35
29/06/2009,0.4,157.79,2.17,10.54
30/06/2009,0.4,15.23,1.4,19.16
01/07/2009,0.3,32.47,1.76,19.38
02/07/2009,0,46.02,1.46,15.1
03/07/2009,3.4,51.84,1.56,22.66
06/07/2009,0,149.2,1.82,15.31
07/07/2009,0,9.2,1.83,16.33
08/07/2009,0.1,24.47,1.75,16.38
09/07/2009,0.1,0.02,1.91,12.31
10/07/2009,0,190.47,1.5,14.67
13/07/2009,0,119.77,1.92,13.7
14/07/2009,0.1,186.44,3.08,8.29
15/07/2009,0,194.62,2.82,8.73
16/07/2009,0,218.65,2.26,11.71
17/07/2009,0,172.8,2.73,9.32
20/07/2009,0.3,105.65,1.56,15.83
21/07/2009,0,80.2,1.85,22.89
22/07/2009,0.6,55.66,1.76,19.77
23/07/2009,0,6.09,1.49,15.23
24/07/2009,0.1,2.64,1.9,16.33
27/07/2009,0,168.17,2.83,9.06
28/07/2009,0,180.62,2.87,9.23
29/07/2009,0,188.68,2.98,8.31
30/07/2009,0,175.87,2.96,8.03
31/07/2009,0,186.21,2.54,9.66
03/08/2009,0,149.91,2.23,8.32
04/08/2009,0,169.28,2.46,8.17
05/08/2009,0,164.64,2.39,11.96
06/08/2009,0,86.88,1.6,20.73
07/08/2009,0,138.09,1.93,14.58
10/08/2009,0,178.48,2.98,7.56
11/08/2009,0,173.21,2.46,8.46
12/08/2009,0,147.05,2.04,10.34
13/08/2009,0,169.01,2.55,8.69
14/08/2009,0,157.24,2.44,13.91
17/08/2009,0,63.32,1.51,26.14
18/08/2009,0.1,68.38,1.74,21.73
19/08/2009,0,91.8,1.73,20.91
20/08/2009,0.1,94.95,1.66,22.17
21/08/2009,0.1,76.09,1.61,22.29
24/08/2009,0,128.7,1.5,23.48
25/08/2009,0.1,178.6,2.58,8.37
26/08/2009,0,164.46,2.64,8.74
27/08/2009,0,177.14,2.84,11.44
28/08/2009,0,152.7,2.79,13.24
31/08/2009,0.1,118.51,1.71,17.81
01/09/2009,0,84.42,1.7,16.55
02/09/2009,0.2,42.36,2.08,18.19
03/09/2009,0,206.53,2.28,19.07
04/09/2009,0,183.53,3.3,11.79
07/09/2009,0,165.08,2.64,19.46
08/09/2009,0,39.21,2.07,18.98
09/09/2009,0.3,31.96,1.82,28.35
10/09/2009,0.7,59.08,1.95,19.53
11/09/2009,0.4,138.27,2.35,12.81
14/09/2009,0,54.02,2.1,27.9
15/09/2009,0,153.3,2.03,33.6
16/09/2009,4.8,69.02,1.65,32.75
17/09/2009,1.6,193.61,1.68,21.08
18/09/2009,0,164.89,2.41,8.88
21/09/2009,0,8.8,1.8,22.06
22/09/2009,0,98.61,1.53,26.73
23/09/2009,0,147.21,2.38,14.6
24/09/2009,0,168.58,3.25,12.75
25/09/2009,0,161.54,2.22,14.56
28/09/2009,0,159.64,2.81,13.31
29/09/2009,0,169.79,3.31,9.21
30/09/2009,0,173.74,3.03,9.86
01/10/2009,0,56.49,2.42,19.8
02/10/2009,0,105.84,2.09,28.01
05/10/2009,2.3,155.83,1.86,22.85
06/10/2009,0.1,82.63,1.82,26.15
07/10/2009,0.1,39.13,2.17,22.8
08/10/2009,0,166.72,2.19,14.47
09/10/2009,0,126.08,2.63,11.03
12/10/2009,8.7,104.5,1.39,23
13/10/2009,3.5,117.83,1.32,24.73
14/10/2009,2.9,146.51,1.17,20.28
15/10/2009,0.1,126.87,1.35,25.72
16/10/2009,0,14.56,2.1,22.18
19/10/2009,5.8,130.41,1.56,31.58
20/10/2009,10.2,105.73,1.22,32.01
21/10/2009,0,143.33,1.54,31.42
22/10/2009,0.2,64.39,1.39,26.13
23/10/2009,0,16.67,1.88,26.12
26/10/2009,0,19.78,2.07,19.08
27/10/2009,0,15.95,1.78,28
28/10/2009,0,148.17,2,22.27
29/10/2009,0,119.24,1.89,26.61
30/10/2009,0,116.1,1.67,32.8
02/11/2009,0.6,150.89,1.4,21.32
03/11/2009,0,157.38,1.5,20.65
04/11/2009,0,162.59,1.48,30.34
05/11/2009,0.1,155.24,1.52,27.54
06/11/2009,0,176.59,1.77,24.14
09/11/2009,0,75.68,1.96,29.6
10/11/2009,0,20.18,1.92,38.75
11/11/2009,0,53.84,1.68,31.38
12/11/2009,0,125.54,1.51,
13/11/2009,0,110.66,1.55,31
16/11/2009,0.3,122.49,2.23,25.39
17/11/2009,0.2,155.93,2.06,36.63
18/11/2009,10.4,181.68,1.51,26.7
19/11/2009,0,136.67,1.8,31.39
20/11/2009,0,175.69,2.27,33.76
23/11/2009,1.1,44.16,1.63,22.95
24/11/2009,11.8,117.04,1.7,27.18
25/11/2009,0,92.84,1.73,31.18
26/11/2009,0,166.05,2.02,30.21
27/11/2009,9.8,28.53,1.92,26.48
30/11/2009,0.1,155.51,1.54,26.51
01/12/2009,15.3,202.36,1.55,34.9
02/12/2009,15.7,50.38,1.55,31.9
03/12/2009,19,68.47,1.69,25.54
04/12/2009,0,154.19,2.06,28
07/12/2009,0.3,128.22,1.53,23.23
08/12/2009,5.5,118,1.69,23.7
09/12/2009,4,128.63,1.89,20.14
10/12/2009,0.1,100.76,1.9,25.81
11/12/2009,0,53.06,1.64,25.06
14/12/2009,0,2.98,1.84,19.11
15/12/2009,0,185.64,2.07,14.61
16/12/2009,0,35.76,1.85,23.53
17/12/2009,0,91.03,1.9,20.16
18/12/2009,0,116.15,1.73,18.85
21/12/2009,10.8,94.72,1.82,16.43
22/12/2009,1.1,63.85,1.74,14.47
23/12/2009,0,55.31,1.98,20.58
24/12/2009,0,56.44,2.28,15.73
25/12/2009,0.6,90.37,2.13,12.41
28/12/2009,1.6,92.74,1.53,15.82
29/12/2009,0,106.21,1.88,17.78
30/12/2009,0,108.33,1.83,18.3
31/12/2009,0.1,59.85,1.84,22.58
01/01/2010,0,26.99,2.03,57.11
04/01/2010,0,172.99,2.53,14.5
05/01/2010,0,23.58,1.75,25.66
06/01/2010,0,27.59,1.83,23.93
07/01/2010,0,18.29,1.85,25.89
08/01/2010,0,103.1,1.89,19.8
11/01/2010,1,133.6,1.38,19.76
12/01/2010,0,43.52,1.55,23.66
13/01/2010,0,25.45,1.89,21.63
14/01/2010,0,129.95,1.92,23.97
15/01/2010,0,167.66,1.51,24.08
18/01/2010,0,43.61,1.66,9.91
19/01/2010,0,84.63,1.91,14.62
20/01/2010,0,107.99,1.96,14.69
21/01/2010,0,19.07,2.27,15.88
22/01/2010,0,52.36,2.28,15.14
25/01/2010,3.2,130.8,1.72,22.56
26/01/2010,0,81.94,1.88,20.46
27/01/2010,0,124.67,1.95,18.73
28/01/2010,0,47.95,1.79,21.18
29/01/2010,0,79.1,1.98,17.3
01/02/2010,0,174.51,2.82,10.28
02/02/2010,0,166.47,2.82,8.89
03/02/2010,0,62,1.84,12.59
04/02/2010,0,109.57,2.28,10.1
05/02/2010,4.7,17.81,1.78,16.88
08/02/2010,0,52.02,1.73,18.1
09/02/2010,0,34.68,1.73,23.9
10/02/2010,0,41.73,1.67,18.53
11/02/2010,1.4,57.57,1.96,24.45
12/02/2010,0,69.83,1.98,
15/02/2010,0,56.47,1.89,
16/02/2010,12.8,115.04,1.62,
17/02/2010,0,57.99,1.45,
18/02/2010,0,175.31,2.73,
19/02/2010,0,154.57,2.51,
22/02/2010,0.2,107.75,2.09,17.86
23/02/2010,4.5,118.49,1.42,20.95
24/02/2010,0.5,101.79,1.86,19.37
25/02/2010,0,101.81,1.81,16.56
26/02/2010,0.8,18.3,1.59,17.86
01/03/2010,0,5.38,1.9,22.88
02/03/2010,0,11.97,1.58,23.25
03/03/2010,0,20.69,1.58,20.4
04/03/2010,0,157.72,1.63,20.57
05/03/2010,0,118.68,1.94,17.51
08/03/2010,0,60.05,1.92,21.03
09/03/2010,0,81.28,1.55,23.77
10/03/2010,0,57.43,1.7,24.45
11/03/2010,4.3,17,1.46,21.22
12/03/2010,0,48.03,1.96,19.88
15/03/2010,0.1,18.43,1.81,23.45
16/03/2010,0,30.32,1.8,25.64
17/03/2010,1.5,114.42,1.5,23.81
18/03/2010,10.9,0.63,1.26,20.16
19/03/2010,0.2,64.71,1.33,24.14
22/03/2010,0,50.36,1.76,17.35
23/03/2010,11,21.61,2.06,14.33
24/03/2010,0.1,13.26,2.03,24.1
25/03/2010,0,15.53,1.9,24.09
26/03/2010,0.4,83.68,1.64,28.2
29/03/2010,0.3,140.45,2.25,17.15
30/03/2010,0.2,101.57,1.85,21.33
31/03/2010,1,,1.51,24.08
01/04/2010,0.1,,1.43,21.85
02/04/2010,2.3,,2.2,14.05
05/04/2010,3.7,,1.73,18.86
06/04/2010,11.9,,1.65,17.33
07/04/2010,14.1,,1.68,20.67
08/04/2010,4.5,,1.4,22.08
09/04/2010,7.7,,1.27,20.59
12/04/2010,6,,1.23,
13/04/2010,19.2,,1.2,19.26
14/04/2010,6.7,,1.29,25.15
15/04/2010,0.3,,1.47,25.81
16/04/2010,14.3,,1.3,21.55
19/04/2010,18.5,359.4,1.67,16.77
20/04/2010,0,328.72,1.3,16.76
21/04/2010,0,240.55,1.52,17.62
22/04/2010,0,15.63,2.13,12.15
23/04/2010,0,4.59,1.74,14.25
26/04/2010,1.7,319.48,1.81,16.76
27/04/2010,2.6,272.74,1.49,17.42
28/04/2010,5.4,287.32,1.34,18.04
29/04/2010,9.4,319.2,1.39,15.82
30/04/2010,3.6,330.85,1.3,18.39
03/05/2010,33.3,338.06,1.33,11.62
04/05/2010,32.3,321.02,1.17,12.17
05/05/2010,8.8,346.62,1.26,17.7
06/05/2010,0.1,235.82,1.56,20.86
07/05/2010,0,317.93,1.67,20.21
10/05/2010,0,241.45,1.44,14.99
11/05/2010,0.6,332.01,2.14,13.52
12/05/2010,0,283.06,2.24,13.95
13/05/2010,0,345.4,2,11.81
14/05/2010,0,13.23,2.25,9.53
17/05/2010,0,289.14,2.1,16.03
18/05/2010,0,221.95,2.11,17.29
19/05/2010,0,295.74,1.68,19.03
20/05/2010,7.8,319.55,1.79,16.46
21/05/2010,16,38.87,1.52,18.23
24/05/2010,0.3,138.98,1.37,13.31
25/05/2010,0.1,151.67,1.42,14.41
26/05/2010,0,151.25,1.57,17.2
27/05/2010,0,171.66,1.47,19.38
28/05/2010,0.1,178.63,1.87,27.83
31/05/2010,2.8,86.94,1.77,25.07
01/06/2010,11.4,169.46,2.11,25.68
02/06/2010,6.7,182.68,1.4,22.44
03/06/2010,0.9,38.78,1.38,22.57
04/06/2010,0,167.14,2.02,13.24
07/06/2010,1,110.31,1.58,17.09
08/06/2010,1.5,87.26,1.72,17.7
09/06/2010,0.5,178.09,1.72,12.8
10/06/2010,0.1,150.45,1.94,13.71
11/06/2010,0,163.76,1.74,17.31
14/06/2010,0.1,92.89,1.68,15.47
15/06/2010,0,100.32,1.22,21.28
16/06/2010,0.4,147.84,1.41,26.19
17/06/2010,5.2,189.95,1.34,26.09
18/06/2010,1.3,134.49,1.44,23.95
21/06/2010,0.8,250.3,1.24,27.95
22/06/2010,0,167.65,2,14.26
23/06/2010,0,217.85,2.1,16.11
24/06/2010,0,36.7,1.33,24.2
25/06/2010,0,56.73,1.73,20.04
28/06/2010,0.7,156.95,2.1,9.12
29/06/2010,0.1,185.42,2.29,8.96
30/06/2010,0,31.9,1.52,20.91
01/07/2010,0.8,148.1,1.75,22.04
02/07/2010,0.4,143.58,1.74,17.14
05/07/2010,6.9,73.88,1.36,22.84
06/07/2010,1.3,159.97,1.58,21.39
07/07/2010,0.6,50.24,1.22,20.38
08/07/2010,0.9,18.52,1.78,22.56
09/07/2010,15.4,172.28,1.27,22.76
12/07/2010,11.6,139.56,1.39,21.18
13/07/2010,0,63.06,1.72,17.59
14/07/2010,17.2,88,1.63,14.47
15/07/2010,4.1,125.01,1.45,
16/07/2010,19.5,146.1,1.56,
19/07/2010,0,205.58,2.03,
20/07/2010,0.1,172.88,1.9,
21/07/2010,0.1,123.43,1.65,19.14
22/07/2010,0,159.89,1.81,14.21
23/07/2010,0,174.55,2.16,8.97
26/07/2010,0.1,124.5,1.65,13.5
27/07/2010,0,150.55,2.14,12.64
28/07/2010,0,107.89,1.9,21.01
29/07/2010,0,49.08,1.93,28.31
30/07/2010,0,83.61,1.8,20.47
02/08/2010,4.4,160.28,1.55,12.28
03/08/2010,2.4,157.57,1.56,13.54
04/08/2010,0,82.41,1.59,14.08
05/08/2010,0,144.64,2.22,10.45
06/08/2010,0.1,120.89,1.63,16.19
09/08/2010,0,170.11,2.3,10.97
10/08/2010,0,144.48,2.14,12.59
11/08/2010,0,180.08,2.46,11.46
12/08/2010,0,108.19,1.44,25.39
13/08/2010,0,123.13,2.21,12.56
16/08/2010,0,181.45,2.6,13.19
17/08/2010,0,27.54,1.72,18.19
18/08/2010,0,31.21,1.97,19.01
19/08/2010,1.8,126.57,1.6,20.69
20/08/2010,0,111.37,1.71,18.41
23/08/2010,0,56.01,1.82,37.94
24/08/2010,0,79.22,1.69,30.38
25/08/2010,0.1,141.98,1.59,27.72
26/08/2010,0,161.4,2.02,22.68
27/08/2010,0,116.36,1.5,24.94
30/08/2010,0.1,132.29,1.77,13.73
31/08/2010,12.8,82.13,1.94,21.33
01/09/2010,1,96.81,1.61,18.21
02/09/2010,6.2,19.43,1.6,16.4
03/09/2010,0,114.77,2.44,14.17
06/09/2010,8.7,143.49,1.54,15.59
07/09/2010,1.8,194.05,2.09,22.48
08/09/2010,0,193.37,2.59,17.11
09/09/2010,0,192.42,2.17,18.1
10/09/2010,0,161.87,2.36,19.51
13/09/2010,0,116.15,2.02,27.49
14/09/2010,3.4,140.25,1.85,20.22
15/09/2010,2.2,181.55,1.56,12.14
16/09/2010,0,93.61,1.98,16.76
17/09/2010,0,132.49,2.24,23.31
20/09/2010,0.2,182.36,1.73,34.42
21/09/2010,6.4,124.93,2.24,30.19
22/09/2010,5.6,125.45,1.4,27.38
23/09/2010,0,102.8,1.72,25.15
24/09/2010,0,66.97,1.78,27.03
27/09/2010,0,133.94,1.93,20.41
28/09/2010,19,119.93,2,21.56
29/09/2010,0.1,31.81,1.85,19.55
30/09/2010,0,223.24,1.85,30.2
01/10/2010,0,135.58,1.74,22.33
04/10/2010,0,82.25,1.47,24.79
05/10/2010,4.8,125.55,1.69,23.47
06/10/2010,1.5,106.85,1.67,26.86
07/10/2010,0,110.8,1.89,26.59
08/10/2010,0,102.29,1.4,22.33
11/10/2010,0,181.64,3.57,9.16
12/10/2010,0,184.96,3.32,9.44
13/10/2010,0,188.82,3.01,13.59
14/10/2010,0,168.62,2.14,22.42
15/10/2010,0.5,92.49,1.89,23.39
18/10/2010,0.1,103.97,1.69,18.69
19/10/2010,7.1,78.63,1.46,15.94
20/10/2010,0.3,137.94,1.84,16.54
21/10/2010,11.1,104.11,2.04,16.25
22/10/2010,8.3,133.89,1.6,14.13
25/10/2010,0,93.1,1.51,20.54
26/10/2010,11.6,32.39,1.34,23.58
27/10/2010,1,132.53,1.62,23.2
28/10/2010,0.1,153.42,1.67,18.87
29/10/2010,0,160.68,1.83,19.93
01/11/2010,0,112.29,1.32,18.56
02/11/2010,0,143.07,1.74,18.36
03/11/2010,0,142.64,1.4,17.56
04/11/2010,0,120.76,1.61,23.27
05/11/2010,0,88.15,1.72,24.33
08/11/2010,0,134.29,1.73,23.16
09/11/2010,0.8,116,1.61,26.88
10/11/2010,2.2,94.85,1.68,17.52
11/11/2010,4.2,97.96,1.82,18.82
12/11/2010,7.4,144.42,1.42,26.9
15/11/2010,35.1,144.27,1.42,12.59
16/11/2010,22.2,160.94,0.99,20.7
17/11/2010,10.8,172.6,1.13,24.16
18/11/2010,9.8,142.37,1.56,22.98
19/11/2010,2,138.4,1.27,23.18
22/11/2010,6.3,116.28,1.43,25.29
23/11/2010,1.8,142.42,1.24,27.81
24/11/2010,1.2,139.77,1.38,25.92
25/11/2010,0.3,117.94,1.78,22.15
26/11/2010,4.9,105.72,1.61,18.5
29/11/2010,0.2,126.31,1.74,21.53
30/11/2010,0,120.12,1.54,28.23
01/12/2010,0,141.19,1.69,19.38
02/12/2010,0,140,1.54,25.28
03/12/2010,0,149.75,1.51,28.33
06/12/2010,0,82.7,1.91,11.3
07/12/2010,0,72.94,1.61,21.1
08/12/2010,0,51.33,1.99,15.28
09/12/2010,8.8,102.13,1.82,16.52
10/12/2010,4.5,108.54,1.8,15.47
13/12/2010,2.7,106.36,1.83,14.32
14/12/2010,2.2,145.79,1.77,17.19
15/12/2010,20.6,178.68,1.29,20.27
16/12/2010,13,60.81,1.65,20.37
17/12/2010,33.9,137.89,1.46,15.73
20/12/2010,6.5,137.55,1.43,16.48
21/12/2010,1.1,83.98,1.59,19.68
22/12/2010,0.1,83.43,1.51,16.06
23/12/2010,17.5,135.69,1.58,16.29
24/12/2010,17.2,85.06,1.53,19.07
27/12/2010,0.6,83.77,1.8,12.26
28/12/2010,0.3,72.53,1.68,12.72
29/12/2010,0.9,41.74,1.88,13.03
30/12/2010,0,67.27,1.84,15.32
31/12/2010,0,57.08,1.99,15.53
03/01/2011,9.6,83.66,1.59,14.58
04/01/2011,12.5,101.11,1.56,18.07
05/01/2011,0,67.86,1.67,21
06/01/2011,13.7,95.78,1.64,16.27
07/01/2011,3.7,72.72,1.59,25.37
10/01/2011,0,27.15,1.63,16.66
11/01/2011,0.2,25.02,1.77,15.93
12/01/2011,0,21.11,1.86,18.18
13/01/2011,0,16.61,1.9,17.04
14/01/2011,0,34.61,1.67,20.01
17/01/2011,0,65.43,1.79,17.64
18/01/2011,0,35,1.85,18.96
19/01/2011,0,111.44,1.83,16.07
20/01/2011,0.1,138.72,1.81,12.63
21/01/2011,1.8,115.8,1.7,18.54
24/01/2011,0,38.29,1.7,21.2
25/01/2011,0,59.39,1.81,23.06
26/01/2011,0.1,89.71,2,22.73
27/01/2011,7.4,82.87,1.9,18.17
28/01/2011,12,113.93,1.59,17.06
31/01/2011,0,40.97,1.74,15.7
01/02/2011,0.1,104.86,1.57,18.53
02/02/2011,0,12.59,1.72,17.16
03/02/2011,0.2,48.04,1.76,20.09
04/02/2011,0,70.01,1.77,21.08
07/02/2011,12.9,87.85,1.42,22.22
08/02/2011,13.6,144.34,1.22,17.55
09/02/2011,0.2,80.28,1.45,17.94
10/02/2011,1.4,87.71,1.39,18.57
11/02/2011,5,113.69,1.44,19.13
14/02/2011,9.5,92.21,1.73,14.03
15/02/2011,0.3,92.81,1.52,20.8
16/02/2011,9.6,131.57,1.86,18.36
17/02/2011,18.1,194.2,1.16,20.5
18/02/2011,0,126.5,1.51,25.3
21/02/2011,38.3,151.46,1.42,14.28
22/02/2011,3.2,112.12,1.57,21.24
23/02/2011,0.1,121.61,1.54,24.72
24/02/2011,9.2,122.49,1.69,15.95
25/02/2011,8.5,110.61,1.75,14.95
28/02/2011,12.5,76.65,1.97,15.57
01/03/2011,14.4,134.28,1.59,14.27
02/03/2011,1.2,157.45,1.79,15.01
03/03/2011,0.1,93.65,1.63,19.64
04/03/2011,17,118.04,1.67,22.57
07/03/2011,0,50.74,1.45,12.63
08/03/2011,2.2,127.87,1.32,13.78
09/03/2011,8.9,146.7,1.31,15.95
10/03/2011,0.8,141.3,1.47,18.13
11/03/2011,3.1,79.96,1.5,20.35
14/03/2011,2.9,130.98,1.38,18.12
15/03/2011,0,97.72,1.63,17.85
16/03/2011,0,57.65,1.71,18.12
17/03/2011,10.6,107.12,1.82,17.72
18/03/2011,21,78.7,1.55,21.55
21/03/2011,9.6,174.47,1.5,14.89
22/03/2011,0.2,93,1.35,19.51
23/03/2011,0,93.5,1.56,27.09
24/03/2011,22.5,12.36,1.56,20.93
25/03/2011,0.1,43.44,1.49,20.2
28/03/2011,0,57.78,1.67,15.56
29/03/2011,2.8,101.48,1.88,15.22
30/03/2011,0.5,59.65,1.69,23.47
31/03/2011,1,100.64,1.75,23.03
01/04/2011,3.1,27.85,1.74,24.03
04/04/2011,8.6,128.64,1.58,18.97
05/04/2011,11.6,125.37,1.6,18.19
06/04/2011,21.9,134.88,1.36,18.98
07/04/2011,9.3,90.15,1.26,27.9
08/04/2011,3.8,94.55,1.25,25.9
11/04/2011,12,168.14,1.19,16.96
12/04/2011,32.9,142.7,1.52,14.56
13/04/2011,12.1,174.62,1.35,21.28
14/04/2011,9,142.42,1.44,20.24
15/04/2011,26.7,15.92,1.3,16.91
18/04/2011,20.3,122.12,1.3,17.25
19/04/2011,12.5,143.18,1.23,17.09
20/04/2011,5.7,100.6,1.05,21.53
21/04/2011,25.6,111.44,1.34,14.78
22/04/2011,26.2,12.2,1.15,9.94
25/04/2011,6.7,119.21,1.32,22.74
26/04/2011,1.8,171.22,1.4,24.48
27/04/2011,10.3,173.73,1.22,23.74
28/04/2011,4.3,139.14,1.43,27.18
29/04/2011,4.3,98.5,1.24,33.25
02/05/2011,0,161.5,1.81,20.41
03/05/2011,0,153.94,2.19,13.98
04/05/2011,0,113.82,1.94,18.63
05/05/2011,0,35,2.1,13.97
06/05/2011,0,20.23,2.06,17.81
09/05/2011,0,87.76,1.6,21.51
10/05/2011,0,172,2.4,16.75
11/05/2011,0,95.98,1.87,20.14
12/05/2011,0,102.8,1.85,16.09
13/05/2011,13.9,141.28,1.38,16.44
16/05/2011,0,152.77,1.61,20.72
17/05/2011,0,141.36,1.72,15.31
18/05/2011,0,148.11,1.72,18.21
19/05/2011,0,131.61,1.41,27.16
20/05/2011,0,5.32,1.67,19.81
23/05/2011,0.8,95.28,1.56,17.31
24/05/2011,0,22.22,1.71,23.98
25/05/2011,0.1,102.22,1.54,18.99
26/05/2011,0.3,123.25,1.51,18.07
27/05/2011,0,83.09,1.62,13.45
30/05/2011,0,110.42,1.34,19.33
31/05/2011,0.1,106.71,1.7,16.97
01/06/2011,1.1,58.91,1.59,19.43
02/06/2011,0.3,76.73,1.7,17.51
03/06/2011,0.3,72.4,1.64,15.23
06/06/2011,0.1,115.42,1.61,18.97
07/06/2011,0,12.24,1.62,16.65
08/06/2011,0,349.96,1.78,16.67
09/06/2011,0,0.11,2.02,16.42
10/06/2011,0,179.86,2.22,9.68
13/06/2011,0,180.07,3,7.57
14/06/2011,0,156.38,2.18,10.46
15/06/2011,0,79.5,1.78,16.35
16/06/2011,0,0.37,1.64,22.99
17/06/2011,0,12.76,1.57,27.06
20/06/2011,0.1,351.59,1.65,18.34
21/06/2011,0,357.47,1.69,20.57
22/06/2011,1.5,5.35,1.69,23.22
23/06/2011,0,71.61,1.58,24.08
24/06/2011,0.1,112.52,1.19,24.08
27/06/2011,0,173.88,2.16,8.24
28/06/2011,0,4.15,2.1,15.56
29/06/2011,1.2,18.88,1.95,22.55
30/06/2011,0.1,110.48,1.5,22.44
01/07/2011,0.8,40.91,1.81,14.86
04/07/2011,0.1,58.31,1.57,12.63
05/07/2011,0.1,27.68,1.59,22.49
06/07/2011,0.1,116.92,1.77,11.56
07/07/2011,0.1,181.75,2.82,8.64
08/07/2011,0,173.61,2.74,9.26
11/07/2011,0,42.44,1.59,12.49
12/07/2011,0,46.15,1.5,16.16
13/07/2011,25.1,20.45,1.34,21.02
14/07/2011,11.5,78.18,1.42,18.38
15/07/2011,12.9,76,1.26,15.05
18/07/2011,0,150.56,1.42,19.59
19/07/2011,0,65.63,1.43,13.54
20/07/2011,0,131.48,1.87,10.66
21/07/2011,0,161.2,2.53,8.43
22/07/2011,0,154.39,2.45,7.7
25/07/2011,0,159.52,2.87,7.99
26/07/2011,0,74.26,1.67,13.51
27/07/2011,0.1,37.29,1.6,16.43
28/07/2011,0.1,70.19,1.71,18.55
29/07/2011,22.3,50.24,1.54,17.9
01/08/2011,13.3,350.2,1.64,22.74
02/08/2011,0,8,1.61,21.41
03/08/2011,0,14.48,1.68,19.76
04/08/2011,0.1,146.45,2.4,10.29
05/08/2011,0,151.89,2.54,7.23
08/08/2011,0,166.61,3.03,7.42
09/08/2011,0.3,152.29,2.52,
10/08/2011,0,149.75,2.78,
11/08/2011,0,157.98,2.82,
12/08/2011,0,184.53,2.82,
15/08/2011,0,111.7,1.94,
16/08/2011,0,75.62,2.18,13.31
17/08/2011,3.2,144,1.75,16.29
18/08/2011,17.7,202.34,1.85,19.08
19/08/2011,0.6,15.62,1.78,21.07
22/08/2011,0.4,162.98,2.02,16.25
23/08/2011,1.3,73.1,1.54,22.1
24/08/2011,0,159.13,2.11,12.68
25/08/2011,0,178.04,2.66,9.58
26/08/2011,0,160.76,2.71,6.83
29/08/2011,0,153.14,1.98,10.75
30/08/2011,0,137.62,2.45,9.35
31/08/2011,0,158.5,2.92,7.46
01/09/2011,0,152.94,3.29,7.5
02/09/2011,0,166.33,2.59,11.54
05/09/2011,0,134.32,2.34,
06/09/2011,0,57.37,1.89,
07/09/2011,0,74.57,1.63,
08/09/2011,6.5,93.53,1.62,
09/09/2011,4.2,120.91,1.15,31.63
12/09/2011,0.1,188.77,3.27,7.67
13/09/2011,0,193.46,3.05,9.09
14/09/2011,0,177.02,2.89,9.69
15/09/2011,0,178.5,2.68,11.26
16/09/2011,5.2,88.59,1.81,22.39
19/09/2011,0.5,16.68,1.79,18.62
20/09/2011,0,78.99,1.68,19.98
21/09/2011,0.1,353.9,2.09,12.75
22/09/2011,0,63.96,2.04,15.16
23/09/2011,3.4,119.86,1.68,20.31
26/09/2011,0.1,120.78,1.86,10.19
27/09/2011,0,155.53,2.06,8.87
28/09/2011,0,174.27,2.59,10.76
29/09/2011,3,155.05,2.38,16.39
30/09/2011,2,164.63,2.4,15.25
03/10/2011,4.9,135.96,1.57,16.96
04/10/2011,5.9,124.27,1.38,19.36
05/10/2011,1.2,341.57,1.26,20.5
06/10/2011,22.5,37.63,1.44,18.21
07/10/2011,0,67.83,1.63,24.35
10/10/2011,5.9,50.87,1.93,22.5
11/10/2011,10.9,109.89,1.72,22.11
12/10/2011,1.8,43.35,1.59,14.39
13/10/2011,0,54.61,1.76,15.4
14/10/2011,0,128.42,1.59,17.41
17/10/2011,0,133.7,1.6,14.44
18/10/2011,0,80.45,1.3,21.89
19/10/2011,0,21.96,1.88,21.37
20/10/2011,0,133.2,1.72,21.19
21/10/2011,3.8,126.95,1.55,19.19
24/10/2011,0,70.85,2.22,15.87
25/10/2011,6.3,55.22,1.67,16.22
26/10/2011,0,112.25,1.83,18.01
27/10/2011,0.8,48.43,1.77,20.56
28/10/2011,0,51.07,1.51,15.36
31/10/2011,0.1,31.54,1.87,20.02
01/11/2011,0,106.44,2.02,17.29
02/11/2011,4.2,18.96,1.42,21.53
03/11/2011,0.8,42.55,1.87,15.17
04/11/2011,0.1,50.52,1.72,15.03
07/11/2011,12.6,126.43,1.33,17.89
08/11/2011,2.2,98.96,1.32,19.69
09/11/2011,0,95.09,1.6,22.33
10/11/2011,1.5,123.47,1.42,24.86
11/11/2011,6.5,102.97,1.3,17.9
14/11/2011,0,106.76,1.62,17.71
15/11/2011,0,174.49,1.37,20.52
16/11/2011,0,161.23,1.7,20.3
17/11/2011,0,119.19,1.52,18.05
18/11/2011,0,45.32,1.66,19.74
21/11/2011,0,63.09,1.57,21.66
22/11/2011,0,112.54,1.45,25.59
23/11/2011,0,97.33,1.8,23.33
24/11/2011,1.7,169.05,1.76,19.8
25/11/2011,9.3,75.04,1.49,23.24
28/11/2011,0,148.11,1.57,22.14
29/11/2011,0,133.67,1.75,25.37
30/11/2011,0.1,139.73,1.72,25.39
01/12/2011,10.1,128.33,1.8,22.58
02/12/2011,9.9,169.52,1.81,20.12
05/12/2011,0,114.88,1.44,24.02
06/12/2011,7.9,114.86,1.45,21.14
07/12/2011,1.4,51.22,1.4,30.52
08/12/2011,1.2,131.91,1.63,26.54
09/12/2011,0,46.77,1.8,19.78
12/12/2011,2.1,73.23,1.81,15.4
13/12/2011,9.1,124.24,1.44,17.64
14/12/2011,15.6,92.08,1.01,
15/12/2011,1.8,91.09,0.93,17.99
16/12/2011,7.3,120.65,1.14,15.65
19/12/2011,9.3,119.67,1.07,16.76
20/12/2011,0.4,28.33,1.68,15.56
21/12/2011,0.2,9.56,1.59,14.79
22/12/2011,0,17.53,2.01,15.41
23/12/2011,0,43.79,1.86,15.1
26/12/2011,0,60.49,1.91,15.51
27/12/2011,0,53.42,1.77,19.13
28/12/2011,3.7,129.77,1.78,16.95
29/12/2011,0,135.9,1.82,15.21
30/12/2011,0,85.77,1.65,15.29
02/01/2012,0,60.47,1.83,12.14
03/01/2012,11.3,143.29,1.92,11.25
04/01/2012,1.6,116.08,1.49,13.73
05/01/2012,15.5,146.17,1.53,12.33
06/01/2012,9.7,116.19,1.48,12.49
09/01/2012,4.8,134.71,1.31,21.16
10/01/2012,5.2,141.89,1.43,24.6
11/01/2012,0,50.3,1.69,16.05
12/01/2012,0,33.76,1.95,12.23
13/01/2012,0,36.39,1.71,17.75
16/01/2012,17,116.29,1.52,15.01
17/01/2012,0.3,149.83,1.69,14.03
18/01/2012,22.8,187.47,1.42,20.8
19/01/2012,17.9,85.66,1.53,14.17
20/01/2012,16.3,166.39,1.11,19.64
23/01/2012,9.9,119.32,1.64,13.32
24/01/2012,2.2,112.13,1.74,11.98
25/01/2012,0,88.12,1.64,14.47
26/01/2012,0,127.54,1.4,18.2
27/01/2012,0,94.45,1.49,22.57
30/01/2012,0.1,97.27,1.71,13.87
31/01/2012,0,104.15,1.4,21.63
01/02/2012,0.1,90.08,1.55,21.78
02/02/2012,0.2,69.13,1.75,16.84
03/02/2012,0.2,66.9,1.61,20.43
06/02/2012,1.2,45.56,1.53,12.62
07/02/2012,0,21.88,1.67,
08/02/2012,4.4,29.04,1.98,16.65
09/02/2012,0.1,37.43,1.56,24.91
10/02/2012,1.3,130.69,1.65,23.79
13/02/2012,2,102.78,1.67,13.94
14/02/2012,3.6,106.06,1.88,14.42
15/02/2012,6.6,133.28,1.45,15.47
16/02/2012,3.3,125.11,1.62,11.31
17/02/2012,0.3,106.57,1.75,12.34
20/02/2012,1.8,108.27,1.27,14.38
21/02/2012,0,108.54,1.37,21.73
22/02/2012,2.3,96.63,1.51,22.7
23/02/2012,0,86.99,1.57,21.83
24/02/2012,0,12.61,1.77,22.84
27/02/2012,12.8,109.84,1.68,18.25
28/02/2012,1,119.47,1.39,15.75
29/02/2012,12.9,105.44,1.57,15.85
01/03/2012,19.1,355.58,1.57,15.48
02/03/2012,0,196.7,1.7,18.7
05/03/2012,0,55.16,1.61,19.94
06/03/2012,0,36.31,1.49,23.81
07/03/2012,0,57.4,1.96,15.99
08/03/2012,0,176.66,1.84,13.84
09/03/2012,0,186.9,2.44,11.67
12/03/2012,0,40.04,1.87,12.53
13/03/2012,0,156.38,1.78,12
14/03/2012,0,22.61,2.37,12.01
15/03/2012,0,84.07,1.79,14.67
16/03/2012,1.4,26.81,1.77,17.02
19/03/2012,15.8,147.13,1.6,14.24
20/03/2012,9.3,128.92,1.46,16.44
21/03/2012,7.4,102.46,1.46,17.03
22/03/2012,8.6,121.19,1.39,15.03
23/03/2012,10.3,130.43,1.55,17.4
26/03/2012,2.8,104.28,1.71,15.69
27/03/2012,17,118.67,1.4,19.49
28/03/2012,0,22.39,1.58,22.88
29/03/2012,0,52.93,1.86,16.44
30/03/2012,0,192.61,2.51,10.82
02/04/2012,0.9,58.09,1.41,13.99
03/04/2012,0,36.66,1.67,19.06
04/04/2012,27.3,121.47,1.57,17.69
05/04/2012,8.6,92.53,1.57,12.83
06/04/2012,8,136.86,1.44,9.48
09/04/2012,8.5,142.53,1.26,15.23
10/04/2012,20.7,136.04,1.26,14.27
11/04/2012,6.5,55.06,1.16,14.66
12/04/2012,7,71.7,1.21,13.92
13/04/2012,0.1,138.47,1.4,20.26
16/04/2012,0,162.04,1.58,16.25
17/04/2012,12.7,159.63,1.3,19.48
18/04/2012,5.1,165.55,1.23,24.36
19/04/2012,0.4,178.74,1.23,27.33
20/04/2012,2.7,230.05,1.29,27.98
23/04/2012,10.6,215.97,1.62,17.8
24/04/2012,7,139.44,1.39,21.39
25/04/2012,0.7,135.17,1.67,17.53
26/04/2012,9.7,137.83,1.38,21.51
27/04/2012,1.2,134.71,1.62,25.39
30/04/2012,0,141.18,1.46,20.68
01/05/2012,10.5,155.47,1.44,15.8
02/05/2012,6.2,117.59,1.27,18.59
03/05/2012,0,171.61,2.29,10.36
04/05/2012,0,99.93,1.44,17.18
07/05/2012,0,170.02,1.75,15.7
08/05/2012,0,185.37,1.75,14.3
09/05/2012,0.5,111.45,1.61,18.19
10/05/2012,0,168.16,1.47,25.6
11/05/2012,0,102.46,1.37,25.13
14/05/2012,0,50.29,1.44,23.25
15/05/2012,0,74.9,1.48,19.97
16/05/2012,0,6.08,1.66,14.36
17/05/2012,0.1,24.46,1.8,17.81
18/05/2012,0,59.62,1.66,23.57
21/05/2012,0.1,78.14,1.55,18.82
22/05/2012,0.1,28.7,1.28,23.45
23/05/2012,0,166.45,1.8,14.58
24/05/2012,0.1,271.16,1.44,18.7
25/05/2012,0,13.29,1.61,16.03
28/05/2012,0,168.22,2.16,7.99
29/05/2012,0,158.46,2.23,8.64
30/05/2012,0,195.38,3.11,9.16
31/05/2012,0,193.85,3.19,7.73
01/06/2012,0,170.69,2.73,7.93
04/06/2012,0,16.88,1.7,20.34
05/06/2012,0.6,265.78,1.94,19.09
06/06/2012,0,199.18,2.53,10.31
07/06/2012,0,185.64,2.79,8.37
08/06/2012,0,207.93,2.43,11.1
11/06/2012,0,184.74,2.74,7.73
12/06/2012,0,219.23,2.71,10.34
13/06/2012,0,187.42,2.47,12.7
14/06/2012,0,52.82,1.75,17.45
15/06/2012,2.7,74.11,1.68,16.94
18/06/2012,0,39.84,1.81,17.25
19/06/2012,0.1,5.01,1.69,17.63
20/06/2012,0,156.05,1.33,22.62
21/06/2012,0.9,251.4,1.58,18.24
22/06/2012,0,143.33,2.29,12.22
25/06/2012,4.4,127.5,1.39,20.04
26/06/2012,0,155.62,1.75,15.12
27/06/2012,0,166.48,2.85,7.05
28/06/2012,0,54.43,1.51,16.65
29/06/2012,0,86.06,1.61,23.61
02/07/2012,0,171.39,2.35,5.74
03/07/2012,0,161.89,2.2,10.84
04/07/2012,0,45.23,1.71,21.46
05/07/2012,0,45.73,1.54,21.67
06/07/2012,0,291.08,1.83,18.71
09/07/2012,0,185.54,2.69,
10/07/2012,0,160.73,2.44,
11/07/2012,0,193.64,2.9,11.13
12/07/2012,0.1,199.58,1.82,21.28
13/07/2012,0.1,258.29,1.94,17.18
16/07/2012,0,161.28,2.59,10.42
17/07/2012,0,195.85,3.17,9.1
18/07/2012,0,187.58,2.53,7.64
19/07/2012,0,173.74,2.88,6.74
20/07/2012,0,201.21,2.69,11.71
23/07/2012,0,174.84,2.88,7.11
24/07/2012,0,184.7,3.33,7.24
25/07/2012,0,196.03,3.88,9.99
26/07/2012,0,192.51,3.41,13
27/07/2012,0,174.92,2.85,8.15
30/07/2012,0,137.27,2.19,11.79
31/07/2012,0,187.15,2.73,11.27
01/08/2012,0,206.58,3.17,9.6
02/08/2012,0,168.77,2.37,14.19
03/08/2012,0,175.86,1.84,24.4
06/08/2012,0,194.97,3.69,9.19
07/08/2012,0,117.93,2.28,18.96
08/08/2012,0,179.36,2.77,9.22
09/08/2012,0,189.62,3.57,10.98
10/08/2012,0,184.58,3.13,9.1
13/08/2012,0,122.68,1.72,22.79
14/08/2012,0,166.52,2.62,8.48
15/08/2012,0,71.67,1.67,15.96
16/08/2012,0.8,57.89,1.72,19.22
17/08/2012,0.6,136.89,1.55,17.54
20/08/2012,0,156.23,2.44,10.71
21/08/2012,0,160.39,2.11,14.78
22/08/2012,0,185.58,2.27,15.17
23/08/2012,0,179.88,2.76,17.84
24/08/2012,0,157.83,2.49,19.62
27/08/2012,0,165.64,2.84,8.63
28/08/2012,0,163.62,2.65,7.37
29/08/2012,0,161.43,2.56,7.59
30/08/2012,0,170.02,3.17,10.03
31/08/2012,0,187.13,3.75,11.25
03/09/2012,0,192.52,3.65,14.58
04/09/2012,0,181.88,3.29,11.73
05/09/2012,0,196.6,4.27,14.04
06/09/2012,0,194.59,3.94,13.32
07/09/2012,0,182.71,2.92,13.32
10/09/2012,0,161.79,2.59,10.36
11/09/2012,0,178.45,2.48,10.54
12/09/2012,0,174.24,3.02,10.9
13/09/2012,0,173.8,3.25,10.93
14/09/2012,0,198.97,3.89,20.17
17/09/2012,0,136.6,2.72,23.07
18/09/2012,0,172.97,2.17,22.33
19/09/2012,0,173.29,2.38,20.04
20/09/2012,0,151.74,2.4,25.43
21/09/2012,3.4,189.84,2.24,27.35
24/09/2012,5.1,103.57,1.74,21.78
25/09/2012,13,154.36,1.63,26.27
26/09/2012,0,168.49,2.08,12.12
27/09/2012,0.3,204.07,2.12,9.54
28/09/2012,2.5,193.87,1.93,17.96
01/10/2012,2.6,208.08,2.42,11.52
02/10/2012,0.2,192.67,1.8,18.52
03/10/2012,5.2,166.56,1.65,21.92
04/10/2012,0.8,141.67,1.8,18.84
05/10/2012,17.2,114.41,1.78,16.98
08/10/2012,0,105.51,1.41,22.08
09/10/2012,0,79.2,1.92,19.69
10/10/2012,19.3,23.97,1.8,21.84
11/10/2012,16.8,51.01,1.89,24.13
12/10/2012,15,128.62,1.49,14.92
15/10/2012,4.6,119.78,2.03,18.58
16/10/2012,5.2,138.96,1.64,16.15
17/10/2012,1.8,163.15,1.2,24.15
18/10/2012,0.1,156.36,1.24,24.23
19/10/2012,0,208.62,1.46,20.64
22/10/2012,0,132.67,1.92,23.96
23/10/2012,6.4,151.87,1.62,27.13
24/10/2012,1.6,157.03,1.54,26.06
25/10/2012,0,109.42,1.65,23.39
26/10/2012,0,153.04,1.61,22.92
29/10/2012,5.7,173.33,2.24,
30/10/2012,7.4,93.2,1.59,18.56
31/10/2012,0.4,173.94,1.69,20.45
01/11/2012,0.4,61.71,1.61,25.2
02/11/2012,4.4,133.46,1.56,19.41
05/11/2012,40.2,148.37,1.56,21.19
06/11/2012,6.1,120.87,1.67,18.29
07/11/2012,0,112.61,1.5,18.16
08/11/2012,0,78.79,1.79,19.65
09/11/2012,0.3,56.46,1.48,22.84
12/11/2012,22.5,138.93,1.39,27.32
13/11/2012,23.2,135.23,1.32,25.01
14/11/2012,25.5,73.18,1.19,22.87
15/11/2012,17,138.3,1.27,26.07
16/11/2012,0.1,119.86,1.49,19.6
19/11/2012,0,74.74,1.56,20.7
20/11/2012,0,106.44,1.92,22.44
21/11/2012,1.1,109.18,1.81,21.84
22/11/2012,0.3,129.19,1.49,20.21
23/11/2012,0,76.08,1.78,19.94
26/11/2012,1.1,69.52,1.58,20.05
27/11/2012,0,105.58,1.66,21.35
28/11/2012,15.8,60.63,1.47,15.68
29/11/2012,15.2,106.78,1.5,22.14
30/11/2012,3.7,123.42,1.41,21.47
03/12/2012,0,40.09,1.82,18.51
04/12/2012,0.4,143.1,1.7,22.05
05/12/2012,0,146.85,1.74,18.88
06/12/2012,0,84.91,1.86,18
07/12/2012,0,53.04,1.79,22.18
10/12/2012,0,46.46,1.74,18.09
11/12/2012,0,64.27,1.84,21.02
12/12/2012,7.5,105.21,1.61,18.54
13/12/2012,13.8,134.25,1.35,15.28
14/12/2012,0,124.1,1.46,22.75
17/12/2012,0,141.83,1.72,17.67
18/12/2012,0,143.89,1.64,24.23
19/12/2012,0.1,128.98,1.46,31.17
20/12/2012,0,91.78,1.44,32.45
21/12/2012,0.1,73.65,1.78,25.22
24/12/2012,8.3,147.01,1.56,14.02
25/12/2012,36.4,91.63,1.68,12.11
26/12/2012,0.4,29.01,1.6,11.86
27/12/2012,0,49.88,1.83,11.84
28/12/2012,0,69.45,1.97,13.7
31/12/2012,0,33.68,1.87,12.83
01/01/2013,0,33.22,1.95,26.05
02/01/2013,0.4,24.24,2.01,11.4
03/01/2013,0,44.27,2,11.43
04/01/2013,0.4,68.68,1.68,13.2
07/01/2013,0,28.68,1.87,18.37
08/01/2013,0,180.22,2.64,11.13
09/01/2013,0,167.25,1.98,9.59
10/01/2013,0,65.47,1.92,11.11
11/01/2013,0.1,59.13,2.16,18.66
14/01/2013,0,146.58,2.16,18.47
15/01/2013,0.1,113.33,1.95,22.77
16/01/2013,0.5,107.66,1.86,16.14
17/01/2013,0.7,37.55,1.81,13.54
18/01/2013,0,98.23,1.54,18.78
21/01/2013,0,69.82,2,19.05
22/01/2013,0.1,13.46,1.92,20.29
23/01/2013,0,87.07,1.39,33.58
24/01/2013,0,104.4,1.91,17.31
25/01/2013,0,68.54,1.69,23.86
28/01/2013,0,39.9,1.75,19.03
29/01/2013,0,38.37,1.91,19.09
30/01/2013,0,85.34,1.88,24.42
31/01/2013,0,71.79,1.86,24.89
01/02/2013,0,78.75,1.83,21.31
04/02/2013,0,143.06,1.2,14.36
05/02/2013,0,,,
06/02/2013,,,,
07/02/2013,,,,
08/02/2013,7.9,,,
11/02/2013,29.5,157.16,1.39,8.36
12/02/2013,19,143.04,1.44,10.59
13/02/2013,6.1,141.93,1.33,18.07
14/02/2013,1.4,107.17,1.3,16.81
15/02/2013,0,72.96,1.66,27.98
18/02/2013,4.2,65.66,1.56,12.04
19/02/2013,0,72.37,1.3,19.88
20/02/2013,0,59.74,1.43,15.41
21/02/2013,0,75.61,1.91,17.19
22/02/2013,0,41.57,1.77,20.72
25/02/2013,0,22.69,1.8,19.73
26/02/2013,0,45.73,1.64,19.97
27/02/2013,0,112.51,1.43,16.3
28/02/2013,2.8,52.84,1.71,14.34
01/03/2013,5.8,45.3,1.64,18.09
04/03/2013,0.2,93.29,1.97,15.42
05/03/2013,0.1,12.62,1.93,16.95
06/03/2013,0,23.06,1.8,22.23
07/03/2013,1.4,48.84,1.82,20.44
08/03/2013,0,176.92,1.97,15.37
11/03/2013,0,52.96,1.96,21.45
12/03/2013,0,105.87,1.48,22.28
13/03/2013,0,47.44,1.75,22.96
14/03/2013,0.4,92.12,1.63,18.02
15/03/2013,10.3,69.95,1.51,21.99
18/03/2013,7.3,140,1.24,24.84
19/03/2013,0,127.7,1.34,25.92
20/03/2013,32.7,116.62,1.67,13.65
21/03/2013,2.1,87.4,1.46,18.77
22/03/2013,5.4,165.86,1.57,22.29
25/03/2013,1.2,100.59,1.58,15.71
26/03/2013,4.6,49.91,1.67,21.55
27/03/2013,0,51.24,1.7,20.77
28/03/2013,0,34.9,1.63,20.69
29/03/2013,0,16.95,1.85,16.06
01/04/2013,0,65.7,1.56,14.03
02/04/2013,0.1,92.55,1.26,26.49
03/04/2013,0,49.04,1.73,24.04
04/04/2013,0,316.99,1.53,23.81
05/04/2013,1.6,85.32,1.82,25.44
08/04/2013,0,31.08,1.56,18.56
09/04/2013,0,24.42,1.61,18.94
10/04/2013,0.1,75.81,1.82,23.09
11/04/2013,13.1,56.43,1.66,26.82
12/04/2013,0.1,78.66,1.9,24.95
15/04/2013,0.1,44.35,1.62,15.23
16/04/2013,1,198.49,1.7,16.23
17/04/2013,8.5,147.9,1.72,21.03
18/04/2013,7.3,133.61,1.37,23.4
19/04/2013,22.1,155.51,1.54,20.96
22/04/2013,20.2,168.3,1.36,15.75
23/04/2013,0.1,193.71,1.69,18.7
24/04/2013,0,187.71,2.58,13.93
25/04/2013,0,46.11,2.04,19.7
26/04/2013,0,143.17,1.77,21.89
29/04/2013,29.1,150.99,1.63,24.43
30/04/2013,1.1,193.33,2.28,17.24
01/05/2013,8.6,157.43,1.69,13.12
02/05/2013,5.7,148.7,1.62,13.6
03/05/2013,6.2,182.56,1.56,24.78
06/05/2013,20,142.29,1.05,18.48
07/05/2013,8.9,132.51,1.32,22.04
08/05/2013,0.4,179.73,1.87,14.17
09/05/2013,4.3,60.84,1.54,21.26
10/05/2013,2.2,116.53,1.64,20.37
13/05/2013,0,49.09,1.75,19.5
14/05/2013,0.1,53.36,1.68,19.02
15/05/2013,0.3,79.82,1.58,20.27
16/05/2013,0,90.52,1.62,16.35
17/05/2013,1.1,107.06,1.74,17.14
20/05/2013,0.2,130.63,1.55,19.36
21/05/2013,6.8,98,1.3,17.55
22/05/2013,0.4,176.7,1.42,17.74
23/05/2013,0,32.98,1.61,25.44
24/05/2013,0,70.57,1.77,19.4
27/05/2013,0.9,323.28,1.31,17.53
28/05/2013,0,109.35,1.66,21.16
29/05/2013,10.3,107.67,1.57,21.08
30/05/2013,7.8,98.2,1.64,16.65
31/05/2013,14,144.87,1.57,14.98
03/06/2013,0,173.75,2.68,7.95
04/06/2013,0,187.38,2.48,8.71
05/06/2013,0,177.91,2.04,10.72
06/06/2013,0,151.74,1.89,11.71
07/06/2013,0,159.23,2.02,12.17
10/06/2013,0,38.3,2.03,11.84
11/06/2013,0,116.89,1.76,21.79
12/06/2013,0,71.25,1.74,21.2
13/06/2013,0,84.34,1.91,13.85
14/06/2013,0,189.74,1.99,14.59
17/06/2013,0,22.9,1.86,16.54
18/06/2013,0,8.17,1.8,15.96
19/06/2013,0,3.69,1.84,13.62
20/06/2013,0,6.33,2.16,12.57
21/06/2013,0,1.17,2.47,11.51
24/06/2013,0,166.4,2.11,14.87
25/06/2013,0,175.7,2.19,16.8
26/06/2013,0,10.17,1.77,19.36
27/06/2013,0,208.71,1.64,17.24
28/06/2013,0,181.25,2.14,13.61
01/07/2013,0,85.74,1.86,16.57