X,Y,PRECIPITATION(mm),PL3
-1.0979872780154323,1.5628576190159684,9.3,M
-2.6024521475137545,-0.9487585677616032,0.1,M
-3.238199901518824,0.10798795212189984,0.0,M
1.8079804410217655,1.8124035767131843,0.0,H
1.4822315397857169,1.47346179538679,0.0,M
0.1958432264401158,2.361894457984422,0.1,M
0.9999189469169208,2.3240185239357616,0.0,M
1.8577470101037727,1.5194657108505256,0.0,M
2.3665692038583988,0.5515887991511653,0.6,M
-1.3269606684205966,1.8170512883418464,0.8,M
-2.166114853474517,1.2280254238235757,0.9,M
-1.955614664178789,1.890494984190353,0.1,M
-2.0230682317319784,1.2725151982419882,0.2,M
-2.9235533746203344,1.7552594297556288,0.0,M
0.5110700786576107,2.3244800224353197,4.6,M
-1.1838029289975887,1.7102662439797875,2.2,M
-2.6360610730607745,1.9349630536766529,0.1,L
-1.7183272240245968,2.7350048539583844,0.0,M
-4.067310537827551,-0.5167059017245237,0.0,M
-3.7190165264370134,0.7803307478809033,0.0,L
-1.96986830569537,2.114643908136037,0.0,M
-5.913150273251019,-0.6611761081220368,0.0,L
-4.956842041805019,-2.360045968322281,0.0,L
-3.790525669851691,-2.6061303010777075,0.0,M
-3.4798257784209015,-2.9469327362254747,0.0,M
-3.6406647467325954,-2.306872385265055,0.0,L
0.8068834063843939,2.5451599494926676,0.2,M
-2.9930205731051274,0.6367321642334842,0.0,M
0.6662469687752406,2.606187824504942,0.0,M
1.7586768559848676,2.1787739020428853,0.0,M
1.7548730949440545,1.5928968644082,0.0,M
0.8100158618775473,2.1312612002067635,1.1,M
1.3873721241801433,2.1752238020598886,5.4,M
1.8940112386088146,1.5540982684577915,0.1,M
0.6691365279393324,2.3152443298661365,0.0,M
1.8623248011044635,1.1332018069131466,0.7,H
1.0934404821844206,2.545051652112448,0.1,M
1.3929328135951697,2.135939647277011,0.0,M
-1.2469927697046674,2.038898975502289,0.2,M
2.815240338723452,0.5040057888797123,0.0,M
-1.2523005547598278,2.105764307929125,2.6,M
-2.577552551022726,-2.900107385376658,0.0,M
-4.123357599401851,-0.23414121263674686,0.0,M
-4.226847609526847,-0.8922775833994605,0.0,M
-5.560859393476057,-1.1071326957456817,0.0,L
-4.850995348594569,-0.6912627054267108,0.1,L
1.3630550594064124,2.01171093972931,0.0,M
1.255678503081567,1.9626949576790673,0.0,M
-2.339992273024717,1.537672319509139,3.9,M
-0.6707922748764918,2.1790910315923058,6.6,M
-2.0009966635090035,2.2752829170513795,0.0,M
0.38282763076989407,2.1867425557479576,0.1,M
1.1442927019519191,2.075450363718578,0.0,M
1.8781361545693085,1.6651440132611983,0.0,M
-1.138931504864505,1.74046977199464,2.6,M
0.62256641708239,2.5655430334183045,0.0,M
-2.9354510510443657,-0.7903968161136083,1.1,M
-3.956088425620993,-2.22732224176647,0.3,M
-4.781136149111388,0.5261531370811415,0.0,M
1.2301750002033425,2.7799765230797737,0.0,M
0.5860969410009659,2.4097490275440117,4.6,H
1.307896708431333,2.223916859973521,0.0,M
1.0897625516373408,2.3054105016349844,0.2,M
2.060700166776084,1.7600042109747978,1.1,M
-0.17276629199106946,2.6644045879617564,0.2,M
0.43714139500868243,3.2204669538391264,0.0,M
-4.138425974612305,-0.11415100811724932,0.1,M
-0.9526395277861917,2.6116810544358784,0.0,M
-2.5989531217585067,2.4329082742474517,0.1,M
-4.0600639615665,-0.8592907703385072,0.0,M
-2.901195002984808,-2.636184279343153,0.0,M
-4.200159978976844,2.086805249897853,0.0,L
-2.487699372654311,-3.2338447444636773,0.0,M
-4.086626168674529,2.3215267729458855,0.0,L
-3.688541799718046,-2.8150061086492792,2.4,M
-2.74320971265223,1.443883815412608,0.0,H
-4.181792533976724,1.043413246406487,0.0,M
2.8472434580899084,0.36070027774347785,0.1,M
0.4464755741256487,3.8944909245893964,0.0,M
-1.1890405425496668,2.75430255930121,0.0,M
-2.7513889657757016,-1.1957670170261905,0.2,M
1.1142076630163427,2.338084960747932,0.0,M
-3.5300940299394097,-1.0396326946504426,1.3,M
-2.7041368842099924,-2.2690402621934833,0.0,M
-1.3179843613529267,3.025378856148287,0.0,M
-6.2334771673839064,-0.2852409572686015,0.0,L
-4.42483956844797,-4.155200932987139,0.1,H
-4.492903527120058,0.6522406733653957,0.0,H
-3.399817630802715,-2.6975618764512173,11.0,M
-2.3788660585479176,-1.457770995557497,8.2,M
-1.990945605562183,1.5611007641060939,3.3,M
0.9818596754858278,1.8789229834282366,1.0,H
1.5887333406714204,1.2796586936519554,13.7,H
0.7418279892327214,2.1135967530233715,16.6,H
1.0912898812125273,1.8292037598810986,12.2,H
0.7969816959589783,2.1361695101995886,8.2,M
-2.232531678796227,-0.1827629699126732,0.0,H
1.88608572540845,0.4951571835392073,15.8,H
1.6754552680945543,1.456451044358926,5.0,M
-0.08032437179437513,2.4086610378581375,1.7,H
-1.256577689380099,2.195885359155202,6.4,H
-0.4384944575086403,1.7354603454801851,2.1,M
-0.26959686343741873,2.0422824317965196,0.2,H
-0.31061311619535426,1.8541627469150088,0.0,H
0.484089871275704,2.4628757574283506,0.0,H
0.30932773295535293,2.7023538542583023,0.0,M
0.004775217342380522,2.279994999402265,0.0,H
0.05880991406590596,2.3892763327015065,0.0,H
0.30563070514699486,2.299780396488184,0.0,H
-1.172573634887828,1.7662024433133214,0.0,H
0.4840364570475066,2.2791684247218105,0.0,M
-0.3812336964879,2.369527562334351,0.0,H
-0.9760010973068228,1.7571345588929372,5.7,H
0.037721592779044195,2.13966751656378,0.0,M
0.4701315400264896,2.618124583565939,0.0,H
0.19596300461796612,2.512369101231166,33.1,M
0.19157855006857039,2.2719369839750447,0.0,H
0.455531733718888,2.7018680277865283,1.7,H
0.8771937290407029,2.5217912605391564,0.0,H
1.8857693344217281,1.6260301403586077,0.0,M
-0.15767397165728597,2.4649622550176744,0.0,H
-2.0626000686447297,3.262710676236365,0.0,M
-1.684356425011962,2.1738085089356245,0.0,M
0.021962921795194264,2.419900334738234,1.0,H
-1.0453008506620662,2.003733048987604,19.5,H
-1.2648842204947657,1.7877829590706331,23.4,H
-0.2597535167200862,2.737704898368622,0.0,M
-1.0338821590829628,2.309109716130862,0.1,M
-0.2191923953999406,2.9919817335336183,3.7,M
-1.0833970257854209,2.6468567933530713,5.8,M
-1.2726135279171422,1.8433813519080327,14.1,H
-3.023538016427265,-1.465543538493169,0.0,M
-2.349292142762679,-2.0682665273009517,0.0,M
-1.7791302931563113,1.5657571331383222,0.0,M
-1.2618025732226867,1.8386827530078718,0.0,M
-0.5078062097433592,2.6823558401796888,0.0,M
-1.470587131210785,2.2524372332025666,0.0,H
-0.20062823279378922,2.7125907011943475,0.9,H
-0.20791660367878892,2.641830934392789,3.2,M
0.05365434789508287,2.5194287469487904,0.5,H
-0.3085820260692991,2.5916938733552164,4.1,H
-0.9657962957694934,1.5778902100836818,18.3,M
-0.5298268309323013,1.8142170568110736,0.1,M
-0.17340664457083432,2.213217146061065,4.3,M
-0.598891758653453,2.0127912612630685,18.8,M
0.6869850403776244,2.2682485653687414,5.7,M
0.4512576050104118,2.0304596952218152,0.0,M
1.4231936732918382,1.932490560986543,0.0,M
1.016119157850402,2.3169811947983927,1.0,M
0.5295068380086556,2.40233688488981,5.2,M
1.9665570918477857,0.8689955146622909,0.0,M
1.544640909773032,2.3712832938844612,0.0,M
0.7826696002657437,2.4898851975181224,2.4,H
0.0004415682985134313,2.5299999614658963,0.1,M
-0.0240502941036722,2.59988876365,2.4,M
-1.9722647279305334,1.9592273586700186,0.0,M
1.143631205467415,2.445834758498854,0.3,M
1.013046367584392,2.4811563951359594,4.3,M
-0.1949796630969007,2.522475556071578,13.7,M
0.5888504942349596,1.75378308106768,5.0,M
-0.1242821332435559,1.5149105423609774,5.4,M
1.0279809267530773,1.7155917970869075,0.0,M
0.5199885023270088,1.858631743365994,2.0,M
0.18743113780796244,2.0715379717929414,7.1,M
0.35722805972388544,2.373265285075798,0.2,M
-0.53235709710056,2.7387398418189823,2.1,M
0.8863541378062761,2.0462835439874145,0.0,M
1.1683311515900838,2.434132765529479,0.5,M
0.8036276681837978,2.5881040494789755,2.2,M
0.7443280568287144,1.6717881874859597,2.7,M
-0.8218176443255272,1.7003784659114263,0.0,M
-0.14017359458199172,1.2924207377560775,40.3,M
-0.27714701633948013,1.2905772085908398,27.1,M
-0.1614872723516914,1.4107876739142609,5.7,M
0.13779132337333172,1.2323203930808846,16.5,M
-0.664930114924779,1.1633864114154506,16.8,M
1.0708742182509816,0.9325386901814575,0.0,M
0.7650492948641479,1.1843984027462506,0.0,M
1.390035319607658,1.3818110617024442,0.0,M
0.3135988624115843,1.7623154523223588,0.0,M
1.1048373433012475,1.1847929966230561,0.1,M
-0.0871932810683679,1.6977624485588474,0.0,M
0.4383393076028831,1.5699549838801827,0.0,M
0.8712163425202184,1.1590867459020027,1.7,M
0.653709367851085,1.438424159413257,0.0,M
0.1626225520996705,1.8930277086056055,0.0,M
-0.8449006960307508,0.9347421108769802,16.1,M
-1.1661135181497035,0.719082236457362,36.5,M
-0.995976923737499,0.6512526141079111,26.5,M
-0.11105324733967463,1.194850273572096,26.5,M
-0.7838404575412294,0.8953737415859122,18.6,M
-0.7241752259536118,1.115558264778239,6.3,M
-0.6552303546064892,0.9813629208413441,9.7,M
-0.4260812384917939,1.3020579012491338,11.4,M
-0.9756145223060584,1.1915436642714867,25.1,H
-0.7375621063770287,1.201708009142271,0.0,H
-0.7901170771036121,1.345107804032541,3.2,M
-0.9487997825024823,1.4466094748491183,0.7,H
-0.9498641071745443,1.1738220384289546,12.6,M
-0.6501107543510629,0.8624128982552915,10.7,M
-1.1266960025986166,0.4934127255435333,19.3,M
-0.8218176443255272,1.7003784659114263,7.6,M
-0.8218176443255272,1.7003784659114263,8.6,M
-0.8218176443255272,1.7003784659114263,7.5,M
-0.8218176443255272,1.7003784659114263,2.0,M
-0.02271441941714564,1.3698116860176592,9.9,M
-1.6245247071638007,0.5650836007303406,15.8,M
-0.5242000259140702,1.6171624324203453,0.1,M
-0.5497479457432183,1.6297782659463562,0.1,M
-0.3389581873688204,1.3789515391106546,0.0,M
-0.9491260742459436,1.1872487924552644,1.7,M
1.3625007244086296,1.0982220977497947,0.1,M
1.2614041346023632,-0.14751138670646105,4.2,M
0.9308419832652136,1.517212312826021,0.1,M
-0.28277313000685855,1.6560312065133689,0.0,M
-0.5717935111765575,1.8014305927724177,0.0,M
-1.084307231222871,0.9626930083457504,23.2,M
-0.0762367233985795,1.3678771735815496,20.5,M
-0.5509356226584843,1.0997135716566875,19.2,M
-0.45373338184463885,1.6383302530930164,2.3,M
-0.8194396203478451,1.4436477093128293,0.6,M
-1.147310939152491,1.1437122054525035,12.8,M
-0.9643803242463959,1.1748917355256254,2.4,M
0.17118726976808904,1.5706988631400187,9.9,M
-1.4275149110714371,0.9231474306245492,1.3,M
-0.4586032195686992,1.2377734392857296,40.0,M
-0.7912552162804356,1.297811690003215,5.4,M
0.7078851005878531,1.5125470850078435,1.0,M
0.3483306615920328,1.4075388982883765,0.0,M
-2.608798233976422,-0.519395585658468,0.0,M
-2.3147242838188,0.4056494667807954,0.0,M
-0.9727239269318024,1.3819942698775467,9.1,M
-1.0961920580254358,1.2730918945315608,0.3,M
-1.2627820671837688,0.9661684381095708,2.8,M
-1.0946682166006454,0.5608934796949974,10.2,M
-0.9762754553931231,1.254984555760329,6.8,M
-0.1994386561904132,1.3857215529885367,10.8,M
0.8567930126870422,0.8544037297499713,0.0,H
-0.8607947951129814,1.1418985597269138,14.9,M
-0.8909333385574534,0.7112227402487,10.3,M
-0.6790076410548127,0.7877490865682921,9.6,M
-0.8628017093554968,1.2024862620143455,3.2,M
1.632947818028801,0.43540948955549524,0.0,M
-1.053399201764808,1.2438850918478221,0.0,M
-0.662049081321406,-2.3380742105248675,0.0,L
0.6486528013328111,2.0288295993806615,0.2,M
-1.0044803715366317,1.3466325345830725,0.0,M
-1.7154224905604336,0.7444633495877677,0.2,M
-1.365855715439061,0.30730793123909267,5.4,M
-1.369821711254429,1.3021860386964632,0.0,M
-1.0793868565236666,1.1945811039707426,11.2,M
-0.39320166805586226,1.3748790667684514,2.6,M
0.3437948016593506,1.736290624968069,0.0,M
-0.9874337710989157,1.3094176368498225,0.2,M
0.2987631350112079,1.5413113212969907,13.5,M
-0.8995260732659206,1.0857959492993117,3.7,M
-0.6626456434916058,1.908219261814951,0.7,M
-1.194908257126283,-0.11042761000505594,23.6,M
-0.6317701902404473,0.7880142300260503,6.0,M
1.0021570631790304,1.156106059460109,14.0,M
1.453736706707027,0.2775780747332315,8.6,M
-0.29240263010599477,1.8672441463041454,0.1,M
0.009103590050450038,1.6299745779146966,0.1,M
-1.3885425137909242,0.45116481178742335,0.1,M
1.23578657423704,1.1527929315082914,0.1,M
0.7873718573403481,1.358287730294436,0.0,M
-0.24192698500614365,1.1651486316886086,0.0,M
-1.2869601128858927,-0.5251986936776689,1.7,M
1.1324383405325675,1.200034751535073,0.0,M
-1.8755481061143424,0.23327944969692987,12.1,M
-1.786293172753903,0.7307918314901956,0.0,M
-0.12658639640925082,1.6451370411744184,0.5,M
-2.1889785639324013,-0.06687934392951206,0.0,L
-1.6313993251610734,0.6050919284406243,17.5,M
-0.8813485253429031,1.2871770573141406,2.5,M
0.8681438102630905,1.610970615716464,3.5,M
-0.8697717499884897,1.0713996000195072,0.6,M
-0.7276573864922921,1.1252176357857209,2.5,M
-1.933410856152368,-0.3779185908528009,1.3,M
-1.2359482167852747,1.4692964321148063,0.0,M
1.6750282400762782,0.7853536750706439,0.0,M
0.5876292957030077,1.7330873638774207,0.5,M
-0.4505199700182213,1.5248382722816152,0.0,M
1.1807420021746178,1.1668111776550116,0.0,M
-0.18039742132396902,1.8009877207742597,0.0,M
0.05288047404021179,1.4490354224328965,0.0,M
0.06434340623389323,1.7888431809619927,0.1,M
-1.295741077573284,0.6727964475896292,5.8,M
1.3182425537121254,1.0414588660060147,0.0,M
-0.03593664077266547,1.5595860213050055,0.3,M
-1.1745913668869528,1.4163103900044793,0.0,M
0.4240576905181927,1.6152631597087752,0.0,M
-1.5756310537124698,0.41747668506987534,0.9,M
-2.32299283194686,-0.41629833379861997,0.1,M
1.3013408626372227,1.2435883399383452,0.4,M
1.3757427425449174,1.1136569967162193,2.7,M
-2.5799064659423743,0.22843517020968632,0.0,L
-2.3120153234266754,0.3608117850628578,0.0,L
-2.4197282121654897,0.22319359141876005,0.0,L
-1.499146421916464,1.5271411217222408,0.0,L
-0.9713489707816341,1.9516355133480896,0.0,L
-2.0030611995175,1.2289205958838492,0.1,L
0.5512319694593291,1.6924961789752995,0.0,M
0.17255789774679503,1.5705488760064765,0.0,M
-0.8218176443255272,1.7003784659114263,0.0,M
-0.8218176443255272,1.7003784659114263,0.9,M
0.8747006597958346,1.7204065669930266,4.0,M
1.54464626598839,1.0181197930342603,0.0,M
0.29109897662347756,1.86744782679698,0.0,M
-2.276374291471239,0.5836266658822375,0.0,M
-1.8228913202807613,1.12101170129712,0.0,M
-1.3672049002070275,0.8689941086393466,1.2,M
0.4474652876713335,-1.6711298023580368,15.9,M
-1.3761164794278642,0.8357053518119055,0.0,M
-1.2457333373072241,1.4741263352648597,0.0,M
-1.8551601349292726,0.6627826746145399,0.4,M
-1.157124143686688,1.0162006278768723,6.7,M
-0.2728836940787306,1.5257897920440895,0.9,M
-1.0604663895345594,1.2246677250044342,0.5,M
-0.06111612243858823,1.7589385491193463,0.1,M
-1.26967958818697,1.130448470007088,1.3,M
-1.6007666510275516,0.731536826795505,0.4,M
-2.018398956957628,0.4593099721891073,0.0,M
-0.2013642982448341,1.5872783055886468,0.1,M
0.25269206952572515,1.5900461370660937,1.9,M
-0.8056526348542602,1.1080721239848912,0.5,M
-1.0911398063129192,0.8611120270205295,0.2,M
-1.0679948139609752,1.4364842767508672,0.0,M
-1.0241048558759802,0.6630303493590909,8.0,M
-1.2944598964130922,0.4171013984371269,22.8,M
1.3017409974187983,0.8039716261405697,0.0,M
-1.4697350349000864,0.6323598083269066,0.2,M
-2.1211518260082185,-0.2833988902977599,0.0,L
-2.777350085925048,-0.7990159574202051,0.0,L
-3.265784836675113,-1.3661073898280853,0.0,M
-2.7419682359534336,0.6587944998422616,0.0,M
1.015724842763072,1.3631958934041477,0.4,M
-1.4614947944921193,0.23330873466811844,5.8,M
-2.162434798992599,0.544771273201734,0.0,M
0.5833284781881387,1.6817038641017361,0.0,M
-1.7035072708576973,0.3016006931937653,0.1,M
-1.7252772673342303,0.3478769190672623,0.2,M
-0.7339620716368566,1.3991782150242813,0.9,M
0.6169404035366158,1.6483278006768187,0.9,M
-2.0779177842337613,-0.6916340665157092,0.1,M
-2.6691568916555144,-0.4687232528132922,0.0,M
-0.07334763715996191,1.8585532341375242,0.0,M
-0.9834161418360382,1.602277345523028,1.5,M
0.06381929466229985,1.3685127319936803,2.9,M
0.9648619271621107,1.4117866203902831,0.0,M
-1.0010353466223498,1.6967110050956444,0.0,M
-1.3591548741182498,0.04793775297826014,7.0,M
-1.1590870402727242,1.0290856296109747,16.3,M
-2.4003845510678716,-0.307496352815268,0.0,M
-2.3035327007404485,0.6736001014098911,0.0,L
-1.3070538999570798,1.1025924462860193,7.1,M
-0.11087265609686345,1.405634111043847,9.2,M
-0.38231628600805717,1.126913598042461,18.9,M
-1.3043201640056172,0.20285194050922967,14.1,M
-1.0900917461366713,0.971236317795367,0.0,M
-1.8089698278350566,-0.5118868644362791,2.4,M
-1.1051678618857734,0.8594207334331817,11.7,M
0.47996449660796325,1.3045053016357826,0.0,M
0.5217728834573793,1.5231063843634076,0.0,M
0.9902263183879004,1.282127855703925,0.0,M
-0.33285144617726653,1.605867340342191,0.0,H
-1.3040512972316756,0.41994072699416074,13.6,M
-1.1703844685490195,0.82164481120447,12.4,M
0.7968352298483057,1.3527577818931955,14.1,M
0.972802952356331,1.4787002454476046,0.0,M
-0.6968435292613635,1.5725168030029337,10.5,M
-1.3268978507829576,-0.5594122751491677,1.9,M
-0.1368319121379608,1.312888810151366,1.0,M
-1.1021848241470593,1.0321281962139761,3.4,M
-1.5508036667933394,0.8322307294616877,0.0,M
-0.8377190954771234,1.5250661353111838,5.8,M
-0.18887917807401197,1.9508779193199366,0.0,M
0.22182870045123212,1.9172094376087652,0.7,M
-1.084121297530149,1.4867013863723764,1.1,M
-1.3942261541325485,1.1542241684927428,13.5,M
-1.3152719574814002,0.6785717927110186,0.4,H
-0.9665037904651843,0.9136577165527752,2.4,M
-0.9583531400113726,1.1539320859696822,2.4,M
-1.4804243649086055,0.5520359587789112,0.2,M
-1.0600563457561223,1.3417825993141277,0.0,M
-1.1532746239242464,1.0505035182294191,0.1,H
-0.554084724744577,1.670505946653506,15.6,M
-1.1889130984076726,1.0856268440097951,2.9,M
-0.8218176443255272,1.7003784659114263,1.2,M
-0.8218176443255272,1.7003784659114263,1.4,M
-1.6592330630434324,0.795327380707787,0.0,M
-0.9856193042887542,0.9801298827264434,0.2,H
-0.4889312410341183,1.2690729851119034,3.7,M
-0.8366870962284907,1.5597611044659168,12.5,M
-0.8218176443255272,1.7003784659114263,4.4,H
0.5084432713472565,1.1637806665440444,22.9,H
1.507482026857611,0.5055669477935334,0.1,M
0.38402367867764553,1.4913503324889454,0.0,M
-2.263246844451138,0.2758871528033992,0.0,M
-0.9184511907844154,1.4778522964581708,0.9,M
-1.271983449477971,0.6961020789037494,6.3,H
-1.3152516012455138,0.8388761681089243,7.2,M
-1.270170081294973,0.5887851599549038,3.5,M
-1.0640944421577798,1.4018926557225857,1.0,M
-1.044820775820343,1.171857306336474,5.6,M
-0.35229874679568235,1.560732389939477,10.8,M
-0.5783890920491266,1.4272582310845459,0.4,M
0.6867887317039418,1.587835393863133,6.4,M
0.053414093172637775,1.709165566775362,0.6,M
-0.5260335710929855,1.7109613327258921,0.2,M
-0.9673505596258981,1.2869859730360165,2.7,M
-0.935487393778585,1.0280872220202673,0.0,M
-0.18507368724833984,1.6898957749779433,0.0,M
0.4204154818207092,1.7090496840775171,0.0,M
0.9440094029341197,1.2293682309104814,0.0,H
0.012372475685293092,1.3899449348249076,0.0,M
0.47577165497903345,0.9806841144418073,2.2,M
-0.45242974179407736,1.9994517570424508,2.7,M
-0.03610218585068573,1.5095683595573943,0.4,M
-0.12463271212915127,1.4245584182711961,0.3,M
-0.7949789505492191,1.1157546630795063,0.4,M
1.1155728533692477,1.215729085292276,0.2,M
0.10735301861537351,1.5162042505527304,0.2,M
0.9750436378929609,1.1529917190528562,0.2,M
0.015156231156187777,1.669931222732583,9.2,M
-0.7732811840701869,1.0325387209993677,7.2,M
-0.1903562944190517,0.16206320117487286,4.4,M
0.4928957773997829,0.08398662168145386,0.0,M
0.5563001891980837,0.27373362873088203,2.5,M
-0.21140252945569943,0.5293476839844792,3.6,M
0.12582976981801194,0.4735682305935926,2.8,M
-0.18852331932454242,0.39756629393203924,11.4,M
0.5381509831753324,0.536650276537172,0.2,M
-0.4975321969984807,0.9922508316700295,0.8,M
0.058497277063194034,0.43609410518395214,3.3,M
0.2523443877932001,0.18006196141682743,4.4,M
0.4908510951490509,0.19991298704930965,0.2,M
0.22692485373346843,0.18056885323345204,0.0,M
-0.0205613002754466,0.29929455880617495,0.0,M
1.208606707399231,0.5551304592882553,0.1,M
0.611203527382149,1.3917004879339587,0.0,M
0.253298003448771,1.670909968085913,0.1,M
1.0779773873868659,1.503484204201224,0.0,M
-1.2303704883264086,0.27164031632921276,0.4,M
-0.8620481786260512,1.2761163496043408,9.3,M
-1.1152844066861765,0.9109010331548993,15.1,M
-0.7157190318942354,1.0248152357300209,21.8,M
0.2470685403678042,1.398340851280732,6.8,M
-0.18648774156689635,1.2360106481116084,27.1,M
1.4775136313038986,0.559779840036391,0.2,M
1.4750418401741952,0.3669490015458882,0.1,M
-0.5388367412138221,1.4852794236499975,4.1,M
-0.6736638446798147,1.3290135531179545,0.5,M
-0.76391213832954,1.6739289844293843,0.1,M
-1.382869099137862,0.9539774916892105,0.5,M
1.1799033129186611,0.7157011751866611,0.0,M
0.36992840957926254,1.5771978226545196,0.0,M
1.3080006954322843,1.054293213839803,3.4,M
1.73795519604131,0.5055805935288771,0.7,M
1.8984469543914158,0.39937346101356974,0.1,M
1.975716005466107,0.46631133992757373,0.0,M
-1.2621641158191848,1.5514321592446043,0.0,M
0.23284139014700747,2.0467986923570205,0.0,M
-0.8083309828944225,1.55212790133189,8.5,M
-1.594321916651105,0.7454781191194998,13.4,M
-1.284449047657099,0.9707165621193301,7.8,M
0.17501142804903413,1.7110730551476279,0.1,M
0.10416244476317695,1.5765627755027576,5.1,M
-0.4182700617132911,1.241430688953016,0.0,M
-0.27588429312071616,1.5150867489385824,0.1,M
-1.212532296174894,0.6796068206932875,29.4,M
-1.1083603196256957,0.5779596888012397,20.0,M
0.5543132418375545,1.3290360529058423,0.0,M
-0.9459549788966065,1.2025261651626216,1.7,M
-1.332198370976032,0.772559059469764,24.9,M
-0.5738038554357886,1.5363427792934181,7.8,M
-1.0448973586796375,0.9166730659424422,3.4,M
-1.0698398002919427,1.216487896245292,0.1,M
-1.7614884140018683,0.31821151352077565,0.0,M
-1.2815632240807413,0.9745233207490601,0.0,M
-1.3537558933514757,0.8147054567241759,0.0,M
-0.16400224558196694,1.8125957253188238,0.4,M
-0.9273616126773577,1.2792186831548586,0.0,H
-1.1080562034319204,0.888037977811782,1.1,M
-1.116743919805297,0.08534059747799233,4.7,M
1.5818427915806625,0.2403609425932113,0.1,M
-1.0974743234759463,0.8692238545455444,19.2,M
-1.2955014101208187,0.8509853678971047,11.9,M
-1.4252106412966667,-0.6585397694404982,21.4,M
-1.7244636709836463,0.44116328888247985,27.1,M
-1.899652798001553,-0.7705966824772025,3.1,M
-0.5635293507345415,1.6989804798350998,0.2,M
1.094389024202535,1.1117160895233205,0.0,M
0.5541592142740568,1.5753753728033075,0.1,M
1.3425781985787915,0.7126596527802928,0.0,M
1.2033118668436136,1.0545333333343894,0.0,M
-2.448127889222515,0.09575927114861703,0.1,L
-0.18262104850657732,1.7404452167886117,0.0,M
-0.6943191745576168,1.7900616983337836,2.1,M
0.7119165031634469,1.432890397945192,3.2,M
-1.460625115024094,0.4554934394267952,0.5,M
-0.21679937073093292,1.2817948481916566,3.6,M
1.2520346716751631,-0.6264257185997923,0.9,M
-1.3971965051228181,0.3877395080109619,3.1,M
-0.8210318867284673,1.1708145203127152,7.0,M
1.8688379519125935,-0.06591441034510792,0.0,H
-0.8845706881424783,1.1362810821619544,0.2,M
-1.352338837371131,0.5762635412185102,5.6,M
1.0511560597098548,1.219496182091298,0.2,M
-0.699004946585195,1.258964687610192,0.0,M
1.2800772628843067,1.1932737326559324,0.0,M
-1.9923896025805228,-0.2654876108767139,0.3,M
-1.7525047607432576,-0.7843003656586021,0.1,M
-2.2882187667607155,-0.0903043489765126,1.1,M
-1.9796923751384503,0.034901286776872785,0.0,M
-0.0978826515024427,1.8073513732904434,0.0,M
-0.5842342848052899,1.1836681547030197,5.9,M
-1.1800779713073042,1.2650359606095145,0.0,M
-1.478434690964626,-0.353030968262461,0.9,M
-1.9680011826674753,0.7609673744776566,0.1,M
-0.9856616112908058,0.95150995161775,0.0,M
-1.027572127512275,1.4534426451566285,0.1,M
-2.400681998035046,0.21172138368729101,0.0,L
-2.5145178444727527,0.16613250683747222,0.0,L
-0.9512347986270506,1.4569668348596527,0.0,M
0.05018024820848407,1.5792029453777419,0.0,M
-1.6940000513639861,0.9658487593711615,0.7,M
1.3861314715745674,0.5465707122692585,0.2,M
-1.3903913527212592,0.5071606119149503,11.9,M
-1.426905526399356,0.09402456450830567,5.9,M
-2.3976097739408933,-0.3284316852910173,1.0,M
1.0911645777840255,1.2376832648902583,0.0,M
-0.7953055515557582,1.2599956665261158,0.2,M
1.1750489374541877,-1.6675910753502445,0.6,M
-1.920974071061898,-0.7976582089516023,0.8,M
-1.6468224924921928,0.820716563876837,0.0,M
-0.09582447925448462,1.2864360338452927,1.5,M
-1.0498820215059392,1.0145677606343515,2.0,M
-1.0930630292194752,0.6063936132196187,0.6,M
1.4340655600801835,0.6140488330677862,0.2,M
-2.256091666535893,-0.6210075621015382,0.3,M
-2.0089960363600863,0.8202651558425861,0.4,M
1.35083071236862,0.3677721937853457,0.4,M
1.4848638809079977,0.9448699673366912,0.3,M
1.0138345575285785,1.0505900675148376,0.0,M
0.9638609964209216,1.2266099541331255,3.4,M
-1.5633070124138089,0.931918014064441,0.0,M
1.8064593650835679,0.29258257347605776,0.0,M
1.5928119882591067,0.7248792796445978,0.1,M
1.9099998836361467,0.0006667157607222848,0.1,M
-1.4750252866127374,-0.2725810042042771,0.0,M
-0.9533175014309959,1.6666090547772032,0.0,M
-3.060564759549173,-0.3454610724896666,0.1,L
-2.7286915660778726,-0.7117881266328386,0.0,L
-1.765005166189685,-1.4115086834035848,0.0,M
-2.7084731345885245,0.34215972763055136,0.0,L
-0.4208259681797212,1.502166936297561,0.3,M
0.31488757345716034,1.8230046121944568,0.0,M
0.9928206410675706,1.4532402329519294,0.6,M
1.4815911485958604,0.15807488226280442,0.0,M
1.8979834483193254,0.0875147410776192,0.1,M
-2.7698913113900425,0.5801742178742089,0.0,L
-2.8698319704062296,-0.031055782622560278,0.0,L
-2.945868947184477,-0.44972896950743796,0.0,L
-2.9523135022847065,0.21317829211111386,0.0,L
-2.525095532443374,-0.2747590799855655,0.0,L
-1.9294828306879432,1.1180322026133422,0.0,L
-2.417067899942137,0.4575836175709389,0.0,L
-2.304630544180967,0.6330703395580467,0.0,M
0.08708378357601493,1.5976283718806719,0.0,M
-1.4362963039227612,1.289167532688368,0.0,M
-2.978951417251355,0.07904716096193377,0.0,L
-2.44274594959917,0.2908474268699146,0.0,L
-1.7118568929561802,1.1095701771579902,0.0,M
-2.503234200918867,0.4861260488289864,0.0,L
-2.250005651744052,0.943967460837409,0.0,M
0.678000759965191,1.3492275454817186,0.0,H
0.641101405238469,1.6175873973919492,0.1,M
-0.05434061320516192,1.7291463494327157,0.0,M
-0.143235367224553,1.6538088249782823,0.1,M
0.38703991189539066,1.5627860079358302,0.1,M
-0.9378639845035572,1.1706456110074948,0.0,M
-2.5792298436354524,0.06303501963384611,0.1,L
-2.5434912381407235,0.7072851769275045,0.0,L
-2.8364625935107757,0.14170376005641117,0.0,M
-2.479242079107307,1.2796322570112393,0.0,M
-0.8162037517266734,1.5026348311107736,0.1,M
0.16530033966807886,1.6919443837507242,0.0,M
1.5369658980067782,1.401476303176125,0.2,M
-2.039917391503188,-1.0183992516900378,0.0,M
-3.293738898980036,-0.2031848058930063,0.0,M
-2.5509957374115646,0.6797210808177337,0.0,M
1.6039067256458144,1.3085806109782163,0.0,M
1.5441204740769605,0.9633752963079045,0.3,H
1.0019894467466903,1.6728769077873786,0.7,M
-1.7537809504632458,1.5642098253726173,0.4,M
1.2337559141946244,1.6993664537673405,0.0,H
-1.8135439183055102,0.9121175671902699,0.0,H
0.5907693770111159,1.5406140149907432,4.8,H
-1.6328255088332957,-0.3953237378444264,1.6,M
-2.3266794304409153,0.628221957562086,0.0,L
1.778811086603795,0.27537450531126856,0.0,M
-0.22905310491442352,1.5127573087343067,0.0,H
-2.0007735051346276,1.2889163592534998,0.0,M
-3.1856568882904397,0.6434983994445308,0.0,M
-2.1057697768498014,0.7029464040066916,0.0,M
-2.634445559826226,0.9776485014113622,0.0,M
-3.2575851102015863,0.5867190552495464,0.0,L
-3.0119330863506795,0.3303923173230109,0.0,L
1.336039692196683,2.017770537220472,0.0,M
-0.5704695452312097,2.0106378336149193,0.0,H
-1.6969424049730994,0.7615684304145716,2.3,M
0.2334629408745212,1.804964003862188,0.1,H
1.6833038927803956,1.3694480656638155,0.1,M
-2.131437464025012,0.5030649430745745,0.0,M
-1.5488445558404373,2.1255541728790255,0.0,M
-0.3480282056356735,1.3457252201255696,8.7,M
-0.6162416593119557,1.167324383934666,3.5,M
-0.9757591044346593,0.6455959805581748,2.9,M
-0.8100019293290943,1.0799985530004867,0.1,H
2.0325583157304994,0.5279267876844254,0.0,M
-1.011274375331206,1.1878232771748831,5.8,H
-0.330747457156643,1.174310912656616,10.2,H
-1.2352162131832742,0.9196960947449826,0.0,H
0.6008179669477299,1.2534423682773757,0.2,H
1.8009889112980813,0.5392948556970965,0.0,H
1.947867833683486,0.7005076034570951,0.0,M
1.7114733265645965,0.48914113756452143,0.0,H
-1.699233326177407,1.0548014520316444,0.0,M
-0.9232063245252441,1.6491786083855773,0.0,H
-0.7346984136593783,1.499706051520228,0.0,H
-1.223162259467415,0.6810830250524295,0.6,M
-1.3846140247453715,0.5769263406002746,0.0,M
-1.4121984198472382,0.44282685440357333,0.0,H
-1.3802665369291776,0.6366037127079416,0.1,H
-1.7668661473946599,0.10528065914854319,0.0,M
0.4847810060176073,1.8991017287666705,0.0,H
1.802137914989412,0.6623435176384038,0.0,H
0.9912708273946481,1.3563856924770068,0.0,H
-0.8777194727437206,1.2287019684066942,0.0,M
-0.5468736265686037,1.4503203910045888,0.0,H
-1.197849853311026,1.880972017049364,0.3,H
-1.880878578051453,0.8401760378796487,0.2,H
-1.50935093358979,-0.044269168409065196,10.4,H
-1.3093444156720107,1.2351587756837261,0.0,H
-2.263580512823106,0.17059678182042387,0.0,H
1.1693573479199812,1.1355630290149235,1.1,M
-0.7728411292225545,1.5141719152665614,11.8,H
-0.08571640698727381,1.727875197337236,0.0,H
-1.9604230764064559,0.48697162288273826,0.0,H
1.6868489327316392,0.9170281773981264,9.8,H
-1.4014517973477163,0.6383830039332622,0.1,H
-1.4334583606713434,-0.5896584843970493,15.3,H
0.98842401169268,1.1939505739809118,15.7,H
0.6202102979161741,1.5720811640493408,19.0,H
-1.8545001587980396,0.8968997497034138,0.0,H
-0.9465844904260801,1.202030699476847,0.3,M
-0.793406941108155,1.4921814319315867,5.5,M
-1.1799056700895343,1.4764560981250225,4.0,M
-0.354721455906566,1.8665938735353027,0.1,H
0.9856045172429055,1.310795077649584,0.0,H
1.8375118464010853,0.09565675269250294,0.0,M
-2.0599791957032805,-0.20343478873994328,0.0,M
1.501223197782518,1.0811239107704684,0.0,M
-0.03415425379498681,1.8996929980782966,0.0,M
-0.7624502349097368,1.5529229341104107,0.0,M
-0.1497612401884976,1.8138278779799375,10.8,M
0.7668574617011225,1.5618993672555577,1.1,M
1.1268893266419358,1.6280419053269128,0.0,M
1.2604066306188284,1.8999408215763172,0.0,M
-0.013754844233463745,2.1299555873914633,0.6,M
-0.07313980766695671,1.5282508199030813,1.6,M
-0.5248183647516109,1.8052605584844101,0.0,M
-0.575515841585245,1.7371475228328845,0.0,M
0.9241685809838055,1.5910727305570855,0.1,M
1.8089040662213975,0.9212850151867731,0.0,H
-2.5110879117670604,0.308767711034273,0.0,M
1.6038792383370715,0.7000509901652132,0.0,H
1.6219004998460722,0.8475486821410682,0.0,M
1.7565384906253265,0.5805794785829924,0.0,H
-0.42837097105565547,1.8408145781574075,0.0,M
-0.951674970355224,0.9993571687837054,1.0,M
1.1239577709117146,1.0673419926186591,0.0,M
1.70659559528983,0.8121769968038686,0.0,M
-1.2328682210468593,1.4718817715879058,0.0,M
-1.4751138857528854,0.3227057855989316,0.0,M
1.2019254718928323,1.1449782356076437,0.0,L
0.1787512185454589,1.9016172069763444,0.0,M
-0.6053479580270114,1.8641764534808736,0.0,M
2.1454226576663604,0.7416613917225378,0.0,M
1.3923917539193067,1.8054487540823516,0.0,M
-1.1238834388629815,1.302031495721021,3.2,M
0.2635948578230866,1.8614289540375228,0.0,M
-1.109255495013236,1.6037619046426252,0.0,M
1.198904173168144,1.3291835025909735,0.0,M
0.37440897711998516,1.9442782511389585,0.0,M
-2.8070644102774325,0.2697951010559855,0.0,M
-2.7417381062455215,0.6597515871608196,0.0,L
0.8638276755260392,1.6246235708604255,0.0,M
-0.7637048411470696,2.148291161739611,0.0,M
1.6946953233338413,0.5444334312571251,4.7,M
1.0646184204099665,1.3636303087434614,0.0,M
1.422652883075027,0.9843570359774517,0.0,M
1.2463039094781367,1.1115874078179875,0.0,M
1.0510868687305577,1.654332612983916,1.4,M
0.6827173806234541,1.8585739098014504,0.0,M
1.0439859740231945,1.5754977899200115,0.0,M
-0.6856664270525076,1.467740287248752,12.8,M
0.7685975392905676,1.2295356125775636,0.0,M
-2.720859066214124,0.22321725247033508,0.0,M
-2.2668075536304935,1.0778142301917046,0.0,M
-0.6371663849685425,1.9905072212544517,0.2,M
-0.6773476260694667,1.2480385384506592,4.5,M
-0.380044879699027,1.8207597011727144,0.5,M
-0.37044707690017337,1.771685345431326,0.0,M
1.5095865094506273,0.4992480049881739,0.8,M
1.8916300325006836,0.17814550272589622,0.0,M
1.5456449997460877,0.3276912186188651,0.0,M
1.4780990211370257,0.5582322847290065,0.0,M
-1.5083076510410665,0.6179870790000225,0.0,M
-0.931039535656664,1.7019886553805883,0.0,M
0.9585485951519039,1.6636059000653705,0.0,M
0.23498908375033767,1.5320835912306408,0.0,M
0.9151603270208514,1.4326484481013086,0.0,M
1.3962049437060318,0.4268626888951957,4.3,M
1.3107331536685825,1.4572503559354557,0.0,M
1.7171662007205744,0.5722239413925885,0.1,M
1.5537948923614087,0.9086921549521592,0.0,H
-0.6201334398252435,1.3658091070169767,1.5,M
1.2599238320954478,0.01385414443125496,10.9,M
0.5681760860602397,1.202528974798224,0.2,M
1.1228126871971775,1.3553197665012686,0.0,M
1.9152071770568435,0.7586708567949322,11.0,M
1.9758786584597225,0.46562165654467336,0.1,M
1.830631751328651,0.5087115007815294,0.0,M
0.18053327004864236,1.630033048255631,0.4,H
-1.7349057150370337,1.4326905318078427,0.3,M
-0.3710452300288385,1.812408739019112,0.2,M
-0.6570839709467844,1.3595369267235096,1.0,M
-0.6222715751350342,1.2875084802745818,0.1,M
-0.9573408848231296,1.9807822773455108,2.3,M
-0.7528180594290973,1.5576151544580605,3.7,M
-0.7180056636173471,1.4855867080091327,11.9,M
-0.7310603120467535,1.5125973754274806,14.1,M
-0.6092169267056279,1.2604978128562339,4.5,M
-0.5526467835115338,1.1434515873767266,7.7,M
-0.5352405856056588,1.1074373641522628,6.0,M
-0.5221859371762525,1.080426696733915,19.2,M
-0.5613498824644715,1.1614586989889586,6.7,H
-0.6396777730409092,1.3235227034990458,0.3,H
-0.5657014319409402,1.1704622547950745,14.3,M
1.6699084328404052,-0.017487879474132762,18.5,M
1.1110321617890344,-0.6749870631874247,0.0,M
-0.7473290429879302,-1.3235933293526165,0.0,M
2.051236069103403,0.5738733212209994,0.0,M
1.7344195774913742,0.13924341713216715,0.0,M
1.3759243866484216,-1.1759813273288673,1.7,M
0.0712276558325276,-1.4882965501016936,2.6,M
0.3989288946613759,-1.279240296818488,5.4,M
1.052223127355941,-0.9082546395462469,9.4,M
1.1353517275082938,-0.6332270168304044,3.6,M
1.2336755921785922,-0.4969351398953388,33.3,M
0.9095177383853482,-0.7359874207908726,32.3,M
1.225799459919556,-0.291574491444167,8.8,M
-0.8763996353266581,-1.2905516956710028,0.1,M
1.239685712259276,-1.1189635091548837,0.0,M
-0.6882127071561125,-1.2648965450616327,0.0,M
1.8896831677829862,-1.0043393477294706,0.6,M
0.506175686822332,-2.182060075724301,0.0,M
1.9354183409639423,-0.504138716486228,0.0,M
2.1902832116697097,0.5149363578907791,0.0,L
0.6885427877489958,-1.9839125054898066,0.0,M
-1.5692670696850888,-1.4104966728078354,0.0,M
0.7296039228068721,-1.5133004050170684,0.0,M
1.3621406431220846,-1.1613237569062962,7.8,M
1.1834292006292095,0.9538843363312502,16.0,M
-1.0336383212296767,0.8991617323293379,0.3,M
-1.2499251811655236,0.6738598084826936,0.1,M
-1.3764610064607872,0.7551523672034386,0.0,M
-1.4544544093945408,0.213219068079704,0.0,M
-1.8694654519022036,0.044709329497207184,0.1,H
0.09448559087300615,1.7674763005815322,2.8,H
-2.074398905919371,0.38596525636450313,11.4,H
-1.3984687603026862,-0.06546087730444661,6.7,M
1.0757881679462695,0.8643377914373573,0.9,M
-1.9693319655291133,0.4495904909417452,0.0,M
-0.5484169552843491,1.4817688224404792,1.0,M
0.08222252888050131,1.718033601459673,1.5,M
-1.7190443921643137,0.05732693754619373,0.5,M
-1.6876557492933986,0.9567748281998941,0.1,M
-1.6705717017030077,0.4866109220610622,0.0,M
-0.08470329822555046,1.677863329139091,0.1,M
-0.21855768675796994,1.200263528379916,0.0,M
-1.193656618565654,0.7505224026998852,0.4,H
-1.3198449456015486,-0.23153686438674398,5.2,H
-1.0091300658303366,1.0272567888494388,1.3,M
-0.4179981204446219,-1.1674234755669268,0.8,H
-1.953718596690282,0.4277658763232005,0.0,M
-1.6582016834672586,-1.2885523570838517,0.0,M
1.066361606844193,0.7948414454774432,0.0,M
0.9490522490334207,1.4464438560153676,0.0,M
-1.9323434040946672,0.8222219704263768,0.7,L
-2.279761533550598,-0.21630383755963525,0.1,L
1.2904369651962952,0.8032262687779677,0.0,M
-1.4857004533509974,0.9247670857641077,0.8,M
-1.4001546945355117,1.0330376718059067,0.4,M
0.37760401576659425,1.3065279205883593,6.9,M
-1.4844311888345603,0.5411691469542715,1.3,M
0.7802792801546828,0.9378508649893597,0.6,M
1.6878188502401095,0.5653914827569962,0.9,M
-1.2584891890616512,0.17060176146496117,15.4,M
-1.0579090520299108,0.901625441984184,11.6,M
0.7792583687465732,1.5333480996624445,0.0,M
0.056886179625076756,1.629007048041126,17.2,M
-0.8318931250942506,1.1876252895677666,4.1,M
-1.2948191647487732,0.8700823700083169,19.5,M
-1.831026094612404,-0.8764949747993124,0.0,M
-1.8853485915133694,0.23550093095050317,0.1,M
-0.9090143533767933,1.3770232043632997,0.1,M
-1.6996520067266379,0.6223207019135012,0.0,M
-2.1502356347568665,0.20515046922134064,0.0,L
-0.9345702909259738,1.3598082112263261,0.1,M
-1.8634800821148685,1.0521606263119543,0.0,M
-0.5836620042724148,1.8081312631467625,0.0,M
1.2641589097617834,1.4583560096457584,0.0,H
0.200331873517566,1.7888172462420362,0.0,M
-1.4590968694712592,0.5230070032983989,4.4,M
-1.4419803510905316,0.5952248878103363,2.4,M
0.21001258770844564,1.5760693871159361,0.0,M
-1.8104810657610977,1.2847405615611898,0.0,M
-0.8368281183645655,1.398791871693005,0.1,M
-2.2658204324104982,0.39504147639343024,0.0,M
-1.7417733175079224,1.2433123945402642,0.0,M
-2.459997602052061,-0.0034348068518696966,0.0,M
-0.44952352179110044,1.3680382316867192,0.0,H
-1.207854537332809,1.850726186296759,0.0,M
-2.599167448873302,-0.06579188945037617,0.0,M
1.5251037998049572,0.7952725317905058,0.0,M
1.6848894536965773,1.020807292696349,0.0,M
-0.9532871024137091,1.2850072763886105,1.8,M
-0.6231055912654799,1.5924319207217923,0.0,M
1.017467725095364,1.5090259866514113,0.0,H
0.3160949302094092,1.6601758928185617,0.0,H
-1.2525953207379912,0.9793390436745025,0.1,H
-1.9144921882193628,0.6442978047821021,0.0,M
-0.666014619159346,1.3440329337728414,0.0,M
-1.1910036415078775,1.3093549274031755,0.1,M
0.26563624149546233,1.9217277089130407,12.8,M
-0.19090940739993356,1.5986411724230696,1.0,M
1.5088777751978746,0.5322479304928415,6.2,M
-1.0223031816574473,2.2155126279877213,0.0,M
-1.23777966960857,0.9162431388576391,8.7,M
-2.0274760619365857,-0.5073862614164015,1.8,M
-2.5198034573407644,-0.5989077862021239,0.0,M
-2.1192160586784996,-0.46671543432713447,0.0,M
-2.2428329184401,0.7343708191107973,0.0,M
-0.890259811859924,1.8132394953196702,0.0,H
-1.4223573893359,1.182962153664082,3.4,M
-1.5594291969989964,-0.04219691395191754,2.2,M
-0.1246701200509008,1.976071193344636,0.0,M
-1.5130338006699096,1.6517653338263185,0.0,M
-1.728532650914184,-0.0712381549703792,0.2,H
-1.28256850515447,1.8364689024281977,6.4,H
-0.8119891988200818,1.1404707541184567,5.6,H
-0.38106341590548376,1.6772568894055688,0.0,H
0.6963592292151548,1.6381342508741081,0.0,H
-1.3392360687423746,1.3897290211330662,0.0,M
-0.9978831549555647,1.7332712450900258,19.0,M
1.5721313114766293,0.9751426251963216,0.1,M
-1.3477075096923847,-1.267353332073874,0.0,H
-1.2427574291033303,1.2178480908588234,0.0,M
0.19823086750237293,1.456572869158717,0.0,M
-0.9825882815005131,1.3749982796563305,4.8,M
-0.4840780664264267,1.5983017317155268,1.5,H
-0.6711521589513786,1.7668205283884675,0.0,H
-0.29800379897266266,1.3679158365184099,0.0,M
-3.5685376511089593,-0.10217158419909204,0.0,L
-3.307567601003654,-0.2870480182668635,0.0,L
-2.974406506521944,-0.4615256590482517,0.0,M
-2.0979278360984814,0.4222544191872281,0.0,M
-0.08211108759839732,1.888215498637115,0.5,M
-0.4079893504029942,1.6400136249305195,0.1,M
0.2878303050011742,1.4313468187420304,7.1,M
-1.3660964194049539,1.2326315641297545,0.3,M
-0.4973199366561656,1.9784521426115689,11.1,M
-1.1092416925152964,1.1530753954472364,8.3,M
-0.08165900760701021,1.5077903721925798,0.0,M
1.131524718959889,0.7178104278866005,11.6,M
-1.0950813670506607,1.1938160660413548,1.0,M
-1.4934985012125155,0.747236392901182,0.1,M
-1.7269445067210158,0.6054441928915557,0.0,M
-0.5006689699331819,1.2213642300911087,0.0,M
-1.3909040950824028,1.0454596110242627,0.0,M
-1.1127738373289513,0.8495495200141076,0.0,M
-0.823423347536096,1.383500629104465,0.0,M
0.0555267273643322,1.7191034822104827,0.0,M
-1.2080423277267105,1.2383592913289063,0.0,M
-0.7057775463304149,1.4470584145416587,0.8,H
-0.1420396579192225,1.673984687976025,2.2,M
-0.25203674781650426,1.8024642791883783,4.2,M
-1.1548915532729307,0.8262115347650607,7.4,H
-1.1527245812551394,0.8292321989468108,35.1,M
-0.9357253518185197,0.32329253929546137,22.2,M
-1.120588413492892,0.14553902413264602,10.8,M
-1.2354732990657449,0.9524734785260978,9.8,M
-0.9497035749331353,0.843186290068347,2.0,M
-0.6331442703856289,1.2821966826028874,6.3,H
-0.982703194143682,0.7562370211909787,1.8,H
-1.0535719890719075,0.891283380212525,1.2,H
-0.8340130992666102,1.5725209538354978,0.3,M
-0.4362077203969719,1.5497815409489422,4.9,M
-1.0303476655958816,1.402135402877025,0.2,M
-0.7727915601804684,1.3320635136936367,0.0,H
-1.3168963172113621,1.0591902991035895,0.0,M
-1.179708442403226,0.9898929189172708,0.0,H
-1.3043916128586375,0.7606987053387448,0.0,H
0.24269340242857965,1.8945183853469567,0.0,M
0.47233050460649123,1.5391568777802274,0.0,M
1.2434195371010714,1.5537077764996083,0.0,M
-0.38243751045852536,1.7793654910091645,8.8,M
-0.5723399408983401,1.7065834266312574,4.5,M
-0.5154591388901978,1.7559048596477476,2.7,M
-1.4637589535305149,0.9951430680858168,2.2,M
-1.2896576714637542,0.029716837562012644,20.6,M
0.8047170418078464,1.4404618990532267,13.0,M
-1.083113874508247,0.9790119176229333,33.9,M
-1.055149266137779,0.96517357307839,6.5,M
0.1667522207323844,1.5812317024651443,1.1,M
0.17276967905624882,1.500083543673085,0.1,M
-1.1306019056187175,1.1036934950480248,17.5,M
0.13175209822728132,1.524316694329859,17.2,M
0.19533577878974914,1.7893697028631623,0.6,M
0.5043467407092426,1.6025087722493014,0.3,M
1.402806334109258,1.2516127152529828,0.9,M
0.7109558137595823,1.697098061657443,0.0,M
1.0815003239545828,1.6704661173714757,0.0,M
0.17558083791326715,1.5802757257382887,9.6,M
-0.30060144109613884,1.530764114294206,12.5,M
0.6293745873883115,1.5468638042018412,0.0,M
-0.16516277993030387,1.6316621145708121,13.7,M
0.47229611470748545,1.5182346261471624,3.7,H
1.4503983322611875,0.7438041931677755,0.0,M
1.6039035720916832,0.7485942368409867,0.2,M
1.735176682135441,0.6698969187669421,0.0,M
1.8207181259013965,0.5431256816005908,0.0,M
1.374472205108528,0.9485389593390986,0.0,M
0.7442903419474849,1.6279225678402816,0.0,M
1.515431281934635,1.0611164072494352,0.0,M
-0.6689138517526967,1.7033655682011926,0.0,M
-1.3602049939085799,1.1941282906564774,0.1,M
-0.7398928689329566,1.5305419113837289,1.8,M
1.3343037017260744,1.0533914901688235,0.0,M
0.9216368608347063,1.5577822366270417,0.0,M
0.010122866439624572,1.9999743817296873,0.1,M
0.2358299827666456,1.885307460131711,7.4,M
-0.6449361712230304,1.4533263002671417,12.0,M
1.3137921999159103,1.140854966873578,0.0,M
-0.4026391742519346,1.5174919094867427,0.1,M
1.6786422908343435,0.3749134025644155,0.0,M
1.176756469463499,1.3087567427049998,0.2,M
0.6050853515431566,1.6633615714413672,0.0,M
0.053272397918418556,1.4190003705496421,12.9,M
-0.9912386754442576,0.7112284360903421,13.6,M
0.24480849483346404,1.4291846629660472,0.2,M
0.055540785446197276,1.3888899240587855,1.4,M
-0.5785746584599373,1.3186551348203088,5.0,M
-0.06671262811251256,1.7287132281701096,9.5,M
-0.07451662228349243,1.5181723462780696,0.3,M
-1.2341743104225302,1.391550851206334,9.6,M
-1.1245566058783611,-0.28455656761941045,18.1,M
-0.8981824079945251,1.2138238595319983,0.0,H
-1.2474469659950909,0.6784364871007769,38.3,M
-0.5911798257546842,1.4544436783941348,3.2,M
-0.8071672106680485,1.3115186213021768,0.1,M
-0.9077875569935578,1.4254900039522085,9.2,M
-0.6160087784444142,1.637996698677815,8.5,M
0.45487084927399735,1.9167661595720935,12.5,M
-1.1100830161996214,1.1383390080047118,14.4,M
-1.6531459553849988,0.686446247126619,1.2,M
-0.10376814415452901,1.6266936319598488,0.1,M
-0.7850467295953912,1.473974773309089,17.0,M
0.9176186901109716,1.1227091963456184,0.0,M
-0.8103109772369992,1.0420154126351584,2.2,M
-1.0949076433924338,0.719219891577553,8.9,M
-1.1472326987873447,0.9191067048134864,0.8,M
0.2615034912084673,1.4770294255991594,3.1,M
-0.904997853045343,1.0418151880172029,2.9,M
-0.21896131589597345,1.6152262820240089,0.0,M
0.9150035168428345,1.4445997937717021,0.0,M
-0.5357605744638122,1.7393563771838725,10.6,M
0.30371652357590245,1.5199527207472503,21.0,M
-1.493018815806074,0.14455039138317272,9.6,M
-0.07065354092797389,1.3481498719186749,0.2,M
-0.09523572167437692,1.5570902855381124,0.0,H
1.523842248009221,0.33392334926177775,22.5,M
1.0818812763996322,1.0245159363211014,0.1,M
0.8903966066311051,1.4128318664652963,0.0,M
-0.3741686243719057,1.8423891664183318,2.8,M
0.8539246979564766,1.4583938460580324,0.5,M
-0.323115667098397,1.7199117028718534,1.0,M
1.5384621324172056,0.8128556250148635,3.1,M
-0.9865915771767046,1.2341138763679722,8.6,M
-0.9261668688636345,1.304689591826091,11.6,M
-0.9596490077871398,0.9636772187061176,21.9,M
-0.0032986685181469492,1.259995682050541,9.3,H
-0.09916130029326167,1.246060607083038,3.8,H
-1.1645967181313406,0.2445699984006844,12.0,M
-1.2091196908994417,0.9211023684038807,32.9,M
-1.3440529178294331,0.12657706772629476,12.1,M
-1.1412037093281469,0.8782107342862978,9.0,M
1.2501393074961378,0.3565833869560905,26.7,M
-0.6912025230126955,1.1010172896829933,20.3,M
-0.984642334890007,0.7371427760904635,12.5,M
-0.19314891814335616,1.032082116607032,5.7,M
-0.4898057712287506,1.2472731483003268,25.6,M
1.12402827842901,0.2430235159236969,26.2,L
-0.644175847063384,1.1521447296499567,6.7,M
-1.383594412718272,0.21369721826635807,1.8,M
-1.2127022966632286,0.13324090838676586,10.3,M
-1.0815238437596042,0.935524545578282,4.3,H
-0.18328366980071695,1.2263796705687768,4.3,H
-1.716465815923221,0.5743214280932168,0.0,M
-1.967352538296213,0.9620935453787471,0.0,M
-0.7834974266940115,1.7747483715625327,0.0,M
1.720219293006883,1.2045105163371967,0.0,M
1.932922918598446,0.712326463608411,0.0,M
0.06253666687256576,1.598777397043275,0.0,M
-2.3766433649797687,0.33401544230415775,0.0,M
-0.1948190371248454,1.8598240623171183,0.0,M
-0.4098647205960146,1.804026305465292,0.0,M
-1.0766927103326234,0.863210754981997,13.9,M
-1.431574833903521,0.7366773343425915,0.0,M
-1.3434657388309568,1.0740110840151469,0.0,M
-1.4603899158886797,0.9086590634394478,0.0,M
-0.9363199722779129,1.0542319049969453,0.0,H
1.6628062981546168,0.15483931935183523,0.0,M
-0.1435558930065735,1.553380734264168,0.8,M
1.5830130694236364,0.6466603606484297,0.0,M
-0.3259655877695904,1.5051067854441509,0.1,M
-0.8279227765750702,1.2627920953301166,0.3,M
0.19490237147194364,1.608232901539641,0.0,M
-0.4675249269463222,1.255794745443632,0.0,M
-0.4887970679577307,1.6282129548544704,0.1,M
0.8210503599797823,1.3616079855733332,1.1,M
0.39021825569775326,1.6546086283227834,0.3,M
0.49588662083072904,1.563232695180433,0.3,M
-0.6910931935344167,1.4541286730720915,0.1,M
1.5831743601804735,0.34345151807372853,0.0,M
1.7527415850443357,-0.3103174762340493,0.0,M
2.019996277271656,0.003878119215555993,0.0,M
-2.2199933727467127,0.005424477917384707,0.0,L
-2.999997761062243,-0.0036651905173946202,0.0,L
-1.9973659777242057,0.8734581564275582,0.0,M
0.3243792353760225,1.7501937354638393,0.0,M
1.6399658043765257,0.010590584292432212,0.0,M
1.5312269450946288,0.3467622277817622,0.0,H
1.6322572556356134,-0.24132188343557937,0.1,M
1.6883526650263407,-0.07460079422132629,0.0,M
1.6826378707565421,0.15757473114649534,1.5,M
0.49846380681430413,1.4993111195799864,0.0,M
-0.45577702556818955,1.099257614467243,0.1,M
-2.1476897072575176,0.23028009323456172,0.0,L
2.094493820687251,0.15197248140016129,0.0,M
1.845086820906178,0.6309949471416815,1.2,M
-0.524820599483953,1.405191566426907,0.1,M
1.3678879227258702,1.1853196323611215,0.8,M
0.8247573431731201,1.335917409453899,0.1,M
1.40803377334722,0.7386074012041783,0.1,M
-0.8013603807141734,1.5782019960137026,0.1,M
-2.81868472615953,-0.08611860725170045,0.1,L
-2.722977363723989,0.3049496296878501,0.0,L
1.1733952100466112,1.0729602420591684,0.0,M
1.0391591472921125,1.0817339167277364,0.0,M
1.2555497778338804,0.4681823954200897,25.1,M
0.29086957454628987,1.3898902440852157,11.5,M
0.30482158845558155,1.2225726151077556,12.9,M
-1.2366366543798268,0.6979468353995656,0.0,M
0.5900573827278314,1.30258676681762,0.0,M
-1.2386105314844498,1.4009796398576995,0.0,M
-2.3950226280927116,0.8153322089331932,0.0,L
-2.2093048937263093,1.0589956971380858,0.0,L
-2.6885998637634816,1.0041567470126307,0.0,L
0.4530250175584474,1.6073793371404796,0.0,M
1.2729267738667847,0.969359287557044,0.1,M
0.5795226418862718,1.6088049936338324,0.1,M
0.9849426979001734,1.1838445344947655,22.3,M
1.6160689535129236,-0.2791435786322952,13.3,M
1.5943315906739284,0.22406869254570536,0.0,M
1.6266347672441066,0.42007062976684195,0.0,M
-2.0001692369406627,1.3263947465201325,0.1,M
-2.2403933995727727,1.1967612189366574,0.0,L
-2.9476334224283933,0.7016816991934992,0.0,L
-2.2309874547093393,1.1717913538380216,0.3,M
-2.4014627044682197,1.4004916561865632,0.0,M
-2.6142895607108767,1.0573032170376335,0.0,M
-2.8111906471010406,-0.22272661639694497,0.0,M
-0.7173087091112291,1.802517188776069,0.0,M
0.5414068645205427,2.1117004065562983,0.0,M
-1.4157797401561578,1.0286241915118282,3.2,M
-1.7111474777457725,-0.7031886726933828,17.7,M
1.7142621745621631,0.47927570026593613,0.6,M
-1.931529334266418,0.5912651104778027,0.4,M
0.44768137814130904,1.4734929194487154,1.3,M
-1.9715652923885163,0.7516849724778216,0.0,M
-2.658443761458242,0.0909767396852308,0.0,L
-2.55863714477085,0.8930150958404189,0.0,L
-1.7663840791087133,0.8945877738216986,0.0,M
-1.8097921453420418,1.6514092135682938,0.0,L
-2.7168192985075117,1.0701835820349477,0.0,L
-2.929845733176295,1.4966976915157773,0.0,L
-2.516633056991528,0.6120931762872985,0.0,M
-1.6348762562388865,1.6741504194027257,0.0,M
1.0191103363540521,1.5917016436305926,0.0,M
0.43367923478321696,1.5712486503790044,0.0,M
-0.09974526834747557,1.6169263685901998,6.5,M
-0.5907446555357967,0.9866715522178051,4.2,H
-3.2317683018030583,-0.49857160314339855,0.1,L
-2.9662246100497547,-0.7099377175042737,0.0,L
-2.8860919761408352,0.15024348656594214,0.0,L
-2.6790816309344936,0.07015422146510078,0.0,M
0.04453805207501665,1.8094519507069988,5.2,M
1.7146817121781932,0.5137768250141884,0.5,M
0.32084693547189413,1.6490776949550598,0.0,M
2.0781663032383975,-0.2220919090927289,0.1,M
0.8955569737128984,1.8329150844581414,0.0,M
-0.8364424491743163,1.4569708402089834,3.4,M
-0.9518419802126814,1.5979977611701468,0.1,M
-1.87496725475072,0.8532864663244983,0.0,L
-2.577058883348226,0.25858753209695534,0.0,M
-2.157889465243806,1.0039487316540618,3.0,M
-2.3141623606310735,0.6361230766435187,2.0,M
-1.1286018194179719,1.0914018202323306,4.9,M
-0.7770689301637377,1.1404226750526243,5.9,M
1.1953753662474715,-0.39834373820699503,1.2,M
1.140436891445303,0.8792062878702439,22.5,M
0.6150901990581965,1.5094913206184883,0.0,M
1.2179883717655136,1.4971320336710432,5.9,M
-0.5851705461227023,1.6173977346189334,10.9,M
1.156206646010237,1.091460577264135,1.8,M
1.0192844585120464,1.4348028410328035,0.0,M
-0.9880598718549091,1.2457277750897509,0.0,M
-1.1054118577229728,1.1567474334553098,0.0,M
0.2156807113000291,1.2819835532381505,0.0,M
1.743596888269163,0.7030433067870648,0.0,M
-1.177421022197344,1.2538260391648282,0.0,M
-0.9317326723478785,1.2386986022755822,3.8,M
0.7282541230452304,2.0971518619946488,0.0,M
0.952612919281584,1.3716517874511074,6.3,M
-0.6929269697549523,1.6937391223521465,0.0,M
1.174456198627892,1.324217745502801,0.8,M
0.9488393926529878,1.1746505041713085,0.0,M
1.5937545936851396,0.9781852049113787,0.1,M
-0.571682453270045,1.9374155910963302,0.0,M
1.3429588011506257,0.46136932972627653,4.2,M
1.3776056109277177,1.264556357281268,0.8,M
1.0935911940323597,1.3275760996398203,0.1,M
-0.7898075280400452,1.0700953549339767,12.6,M
-0.20558325537160738,1.303892451512322,2.2,M
-0.14195272568419456,1.5936905043548537,0.0,M
-0.7831304090711257,1.1845280758125114,1.5,M
-0.2917730979260131,1.266834029905519,6.5,M
-0.4671486941886075,1.5511840953019984,0.0,M
-1.3636698533047316,0.1315466882435732,0.0,M
-1.6095903760535506,0.5470089773630682,0.0,M
-0.7413150930593493,1.3269709615520635,0.0,M
1.1672232632715311,1.18033463631199,0.0,M
0.7105668502089263,1.3999981254930898,0.0,M
-0.5558260765344273,1.3392376087327986,0.0,H
-0.22965110257597363,1.7852899963551132,0.0,M
-1.7279562465637395,0.3343160330605653,1.7,M
0.38463551158062914,1.4394983581897924,9.3,M
-1.3330303302007136,0.8294155404650774,0.0,M
-1.2083816004349126,1.2658253859558823,0.0,H
-1.312371839571687,1.1117914169030205,0.1,H
-1.1163417385772267,1.412013145374495,10.1,M
-1.77980641234303,0.3292250515720703,9.9,M
-0.6058356042711667,1.306354936683515,0.0,M
-0.6095835882202617,1.3156397109286837,7.9,M
0.8768644260958697,1.091379300815056,1.4,H
-1.0887787970373268,1.213037811085026,1.2,H
1.232871658480404,1.3114981790745186,0.0,M
0.5222402159156715,1.7330219724170703,2.1,M
-0.8102313388755884,1.190430668919392,9.1,M
-0.036657823816231484,1.009334535202803,15.6,M
-0.01769133545297482,0.9298317141557876,1.8,M
-0.5811632914778907,0.9807391236402186,7.3,M
-0.5296540511691377,0.9297131740919458,9.3,M
1.4787847213789298,0.7972425903175523,0.4,M
1.5679184350924535,0.264067758155425,0.2,M
1.9166543353753949,0.6054222978109598,0.0,M
1.3426986951121582,1.2871519778736726,0.0,M
0.9408191254069241,1.6622152006489863,0.0,M
1.0548219463940567,1.421355219994444,0.0,M
-1.1386790642142688,1.3681410704748678,3.7,M
-1.3069898619290041,1.2665612897980116,0.0,M
0.1217046265109385,1.6455053885921591,0.0,M
0.9019689538590022,1.592278872017869,0.0,M
-1.5392089473935378,1.1477089423123255,11.3,M
-0.6550422517273568,1.3382898222925983,1.6,M
-1.2709604119026547,0.8517978817631763,15.5,M
-0.6531968825113518,1.3280564117075189,9.7,M
-0.9216095625104346,0.9309864737413351,4.8,M
-1.1251630631669094,0.8825576928931372,5.2,M
1.07951761160136,1.3002852480292526,0.0,M
1.6211766369651617,1.083644919592358,0.0,M
1.376545479153817,1.0145060590362134,0.0,M
-0.673230370869827,1.362776895804473,17.0,M
-1.4610693283237746,0.849338812154204,0.3,M
-1.4079485577244024,-0.18461001815116937,22.8,M
0.11578255882832869,1.525612794607847,17.9,M
-1.0788311397648562,0.2611960410757821,16.3,M
-0.8030864037091485,1.4299133638712194,9.9,M
-0.6554742529952576,1.6118168331607374,2.2,M
0.05380233599524201,1.6391172345629994,0.0,M
-0.8530412040206812,1.1100994118739758,0.0,M
-0.11560774629188829,1.485508279679824,0.0,M
-0.21639235440076682,1.6962530321142812,0.1,M
-0.3422458086829131,1.3575226725322045,0.0,M
-0.0021642075692672427,1.5499984890978433,0.1,M
0.6234354037138323,1.6351844842084855,0.2,M
0.6316627577317341,1.4809126106879975,0.2,M
1.0712478079741046,1.0923955940549541,1.2,M
1.5497038790935103,0.622348686125814,0.0,M
1.7310764454640146,0.9611318015546424,4.4,M
1.2387905250353963,0.9481550691118659,0.1,M
-1.075744022917817,1.2511094265317446,1.3,M
-0.36941751495971237,1.6286284719484032,2.0,M
-0.5200904105369297,1.8066283416540125,3.6,M
-0.9940681922736381,1.0556175581666976,6.6,M
-0.9317398205040129,1.3252399431375248,3.3,M
-0.4990764655445441,1.6773260510525572,0.3,M
-0.3981390245624945,1.205978987014461,1.8,M
-0.4356142883504033,1.2988996080471238,0.0,M
-0.17434046785109392,1.4999017972085578,2.3,M
0.08244109121076018,1.567834004759426,0.0,M
1.7273052527974158,0.38641501479427004,0.0,M
-0.5701830898428639,1.580282014090284,12.8,M
-0.6838352078716148,1.2101526385027572,1.0,M
-0.4179797157027574,1.5133383485727976,12.9,M
1.5653306810404657,-0.12099528500479588,19.1,M
-1.6282982412370353,-0.4885128837445103,0.0,M
0.9197715851523893,1.3214084270755433,0.0,M
1.2006791668314754,0.882309207895324,0.0,M
1.0559907386134515,1.6512066981340092,0.0,M
-1.8368745503419546,0.10720021597945824,0.0,M
-2.422327914307847,-0.29313388675653984,0.0,M
1.431663596346881,1.2030126129409933,0.0,M
-1.6308768074995807,0.713190604789474,0.0,M
2.187849220150575,0.911161780303872,0.0,M
0.18493089265149512,1.7804214571115238,0.0,M
1.5797375880304008,0.7983289754004246,1.4,M
-1.343846647848119,0.8683756025288677,15.8,M
-0.9172226291391689,1.1359148949613393,9.3,M
-0.3150066479625142,1.4256124339172342,7.4,M
-0.7198500200378535,1.1890819772629226,8.6,M
-1.005203756727525,1.1798582149821524,10.3,M
-0.4217898780219176,1.6571642341054358,2.8,M
-0.6716698225703752,1.2283564830489073,17.0,M
1.4608877955953643,0.6018362307808641,0.0,M
1.1211899414633895,1.484093364704971,0.0,M
-2.4494554714810803,-0.5479670548777511,0.0,M
0.7453069652609519,1.1969200171830656,0.9,M
1.3396617587034503,0.9970989781699597,0.0,M
-0.8196217212746512,1.339074394503449,27.3,M
-0.06930369640679378,1.568469635557015,8.6,M
-1.050746520443989,0.9846480334489324,8.0,L
-1.000026692613109,0.7665158928954354,8.5,M
-0.9069789809179998,0.8746365691948551,20.7,M
0.6643532372736749,0.9509126017274079,6.5,M
0.3799308717205599,1.1488048279467036,7.0,M
-1.04805213953117,0.9282169535319513,0.1,M
-1.5030097901318502,0.48719767114366586,0.0,M
-1.2187036847701962,0.4525056118188442,12.7,M
-1.1910898964600294,0.30692809996941706,5.1,M
-1.2297025914574904,0.02704693259378139,0.4,H
-0.8283333360158595,-0.9889205652856237,2.7,H
-1.3111059283036226,-0.951525745719524,10.6,M
-1.0560183732472335,0.9038391424165401,7.0,M
-1.1843668284412183,1.1773594250219808,0.7,M
-1.0227955653852454,0.9264390057787267,9.7,M
-1.1397003750129038,1.1512962499702006,1.2,H
-1.137514019536937,0.9152386876421477,0.0,M
-1.3100313791186484,0.5978442821709445,10.5,M
-0.5881895225787738,1.1255812212046512,6.2,M
-2.2654919945035195,0.33413473755427625,0.0,M
-0.2483206253642557,1.418427603728405,0.0,M
-1.723519538408265,0.30328270759303183,0.0,M
-1.7423194304757086,-0.1637772944788229,0.0,M
-0.5887595230878374,1.4984866445762481,0.5,M
-1.4387248460275663,0.3016136890510035,0.0,H
-0.29558842993742773,1.3377322153880897,0.0,H
0.9200190144109178,1.1077748025308949,0.0,M
0.3855466727911197,1.4288994937012531,0.0,M
1.6506624613424976,0.17582217924575785,0.0,M
1.6384510072796334,0.7453041639118589,0.1,M
0.8395162143226566,1.4320658245658107,0.0,M
0.3185575609420679,1.5169116916836791,0.1,M
1.1227470895431535,0.6146860767272818,0.1,M
-1.7498984951905139,0.42172888984509366,0.0,M
0.029151988196451085,-1.4397048869765616,0.1,M
1.5668826048250335,0.3701066099068184,0.0,M
-2.114507617298922,0.44097339645928485,0.0,L
-2.0742600895642993,0.8187460417252136,0.0,L
-2.9986248108319673,-0.8248328581373015,0.0,L
-3.0972531439195854,-0.7636248833558555,0.0,L
-2.694039064595036,0.44164863685502803,0.0,L
1.6267554999516374,0.4936259144099894,0.0,M
-0.14275746290440386,-1.934740371932394,0.6,M
-2.3895625053048932,-0.8311985522370701,0.0,M
-2.7764936985565956,-0.27419471525818445,0.0,L
-2.146954818590072,-1.138193747537242,0.0,M
-2.7306290358132137,-0.22641790736114664,0.0,L
-2.099202456878165,-1.7138987849452127,0.0,M
-2.4493165752440325,-0.31898011573583035,0.0,M
1.0575618141209344,1.394296600194248,0.0,M
0.4599694831142985,1.6158057044717862,2.7,M
1.3897839845103814,1.1595690908257466,0.0,M
1.6835433066189844,0.14758704122793384,0.1,M
-1.2154870723862554,0.53989922843239,0.0,M
-0.5039557086909512,-1.4974740878151453,0.9,M
-1.836782550772531,1.3676000369909156,0.0,M
-0.8461783863221216,1.1027611430048168,4.4,M
-1.5939486604480744,0.7223764031692823,0.0,M
-2.7710218640609314,0.6662865966656402,0.0,L
0.8783626992446717,1.2282422271586393,0.0,M
0.1106259803804797,1.6061948488476914,0.0,M
-2.323516127794523,0.3518135925156193,0.0,L
-2.0910152865466096,0.6838531066160342,0.0,M
1.2042890169675986,1.2139966901154282,0.0,M
1.0749822989625735,1.1027298204533786,0.0,M
0.6581981568749613,-1.7075348272543094,0.0,M
-2.6774351252460176,-0.25969433975126055,0.0,M
-2.3032962650832327,0.8052492255529532,0.0,M
-2.818210150345865,-0.683879776340503,0.0,M
-1.714757571943707,-0.6099233308061951,0.1,M
-0.3937389058438402,-1.899623561136494,0.1,M
-2.4529846099363875,0.8312439494006731,0.0,M
-3.049476656533982,-0.8657898828551437,0.0,L
-2.50789196451064,-0.33373326825919064,0.0,L
-2.8628274880164875,0.3140362620099906,0.0,L
-2.5077812066623424,-0.9732077987311673,0.0,M
-2.8683285966639733,0.2590194231320941,0.0,L
-3.318802498104062,-0.27285523373803516,0.0,L
-3.7291348942854756,-1.071425657814137,0.0,L
-3.32904051796266,-0.7386401219558195,0.0,M
-2.8388052988698615,0.2523578314782344,0.0,L
-1.6086851097678059,1.4860121862257194,0.0,M
-2.708770693931313,-0.3397960089507693,0.0,M
-2.8349642208644767,-1.418406805686673,0.0,L
-2.324622368443018,0.4615526450302006,0.0,M
-1.8351987504274756,0.13283654026446362,0.0,M
-3.564765869368485,-0.9531759001283794,0.0,L
-1.0679348742324748,2.014426743368462,0.0,M
-2.7698271935530094,0.030940553554499105,0.0,L
-3.519797816505324,-0.5965931033161148,0.0,M
-3.120005322918918,-0.24993356108697562,0.0,L
-0.928708057216955,1.4477228134074247,0.0,M
-2.547822534276026,0.6107375326891978,0.0,L
0.5251975166379014,1.5852657722026868,0.0,M
0.9142598459958465,1.4568901585224778,0.8,M
-1.1315666681813723,1.0592718609785252,0.6,M
-2.233016845311816,0.9834814530806693,0.0,M
-1.98761766021152,0.7081497276814289,0.0,M
-2.25924338300832,-0.2207245712038466,0.0,M
-2.7599939466448467,0.005780526256566677,0.0,M
-2.3059100541963415,0.9396163163527044,0.0,M
-2.751268583172482,0.70435870353683,0.0,L
-2.542443050413213,0.7473174261353431,0.0,L
-2.42671433417658,0.815265318961821,0.0,L
-3.1220325352881146,0.5493749617542348,0.0,M
-3.7210015660494298,-0.46545391335522096,0.0,M
-3.5632044452693843,-0.7912484320442605,0.0,M
-3.2882290864099195,-0.10793273501484536,0.0,M
-4.092037392966119,-1.2198893288192372,0.0,M
-3.8129474115718582,-0.9924878017323251,0.0,M
-2.9167343833145196,-0.13805990435629442,0.0,M
-2.460286388012259,0.8093768522521455,0.0,M
-2.479092569588148,0.06708227346202335,0.0,M
-3.0047520712835265,0.30309237885066925,0.0,M
-3.230990632910025,0.3509979060445744,0.0,M
-3.6787298718381582,-1.2645341158093006,0.0,M
-1.9762831050410539,1.8688780293880316,0.0,M
-2.1536863847396974,0.2655841790974219,0.0,M
-2.363697646233556,0.27808890159433863,0.0,M
-2.1139394758152084,1.1363361705895494,0.0,H
-2.207046978546096,-0.3828101807561393,3.4,H
-0.4082617041476367,1.6914261381823528,5.1,M
-1.4694949658566854,0.7053258433673466,13.0,H
-2.0381709783283988,0.415041037850305,0.0,M
-1.9356614492568356,-0.864647184614006,0.3,L
-1.8737253140220345,-0.4626591051660263,2.5,M
-2.1351447679725863,-1.1391035158401057,2.6,M
-1.7561691385557336,-0.3948036939852676,0.2,M
-1.6048128534981567,0.38350450485894383,5.2,M
-1.4120131453744948,1.116341738577227,0.8,M
-0.7356087947107823,1.6208885529684482,17.2,M
-0.3770432457210047,1.358653153257361,0.0,M
0.3597721240045911,1.8859915213990823,0.0,M
1.644764938585814,0.7312648609080046,19.3,M
1.1891591659851153,1.4690134369547423,16.8,M
-0.9299870175968232,1.1641409481249967,15.0,M
-1.0082421776449015,1.7619159205869803,4.6,M
-1.2369722644072103,1.0768006394348484,5.2,M
-1.148480286262654,0.3478405267734802,1.8,M
-1.135942932303157,0.49722595924841406,0.1,M
-1.2816111073632372,-0.6993375218613515,0.0,M
-1.3013275709621823,1.4117175896947896,0.0,M
-1.428645800660646,0.763787389431576,6.4,H
-1.4178923429482262,0.6009836135942394,1.6,H
-0.548609091458696,1.5561259797229992,0.0,M
-1.4350304360250519,0.7299230423008645,0.0,M
-2.224838788589995,0.2601775639547017,5.7,M
-0.08875619293913047,1.5875208150493498,7.4,M
-1.6805560909395594,0.1784130746496673,0.4,M
0.7630345925578552,1.4177017354013743,0.4,H
-1.0730428817841897,1.1323334199131816,4.4,M
-1.3282658360772877,0.8181136037922265,40.2,M
-0.8568634729157567,1.433417241692993,6.1,M
-0.5766846710783999,1.3847146962978323,0.0,M
0.3479859474479594,1.7558490198131347,0.0,M
0.8177281390746964,1.2335804353853195,0.3,M
-1.0479314109094005,0.9132030212550949,22.5,H
-0.9371202520189268,0.9296266095890239,23.2,H
0.34434547677931143,1.139090072216253,25.5,M
-0.9482304915024469,0.8448425504110385,17.0,H
-0.7418447912319829,1.2921943761377293,0.1,M
0.41059137226340797,1.5049965863824581,0.0,M
-0.5433813417220229,1.8415039281707692,0.0,M
-0.594651928675533,1.7095289069572557,1.1,M
-0.9415221191689432,1.1548316323670833,0.3,M
0.42820903182000525,1.7277259693214586,0.0,M
0.5528110314564308,1.480135116636342,1.1,M
-0.4458487711496613,1.5990055888783932,0.0,M
0.7209578541929846,1.2810619705843458,15.8,M
-0.4330464176968866,1.436130495505159,15.2,M
-0.7765886940239155,1.1768644783127022,3.7,M
1.3923615342886961,1.172062011086968,0.0,M
-1.359463919428054,1.0207143830540029,0.4,M
-1.4568007908776657,0.9514890728212321,0.0,M
0.16502004360787642,1.8526652113125175,0.0,M
1.0762506095513906,1.4303092761498335,0.0,M
1.1986178176617615,1.2613149199084883,0.0,M
0.79880072342068,1.6575636953862736,0.0,M
-0.4223957388952403,1.5536028577996193,7.5,M
-0.942017120786268,0.9670076236232834,13.8,M
-0.8185329320623326,1.2089680885488419,0.0,M
-1.3522306033029587,1.0629545594666385,0.0,M
-1.324934741382571,0.9665132855152585,0.0,M
-0.9184116532945924,1.1349537590107772,0.1,H
-0.04472908353228554,1.4393051480094003,0.0,H
0.501077458325802,1.7080167975631138,0.1,H
-1.3084743556797387,0.8494085357049886,8.3,M
-0.047787649567604604,1.679320201911715,36.4,M
1.3992561257238707,0.7759396204758615,0.4,M
1.179234795169006,1.3993946183484889,0.0,M
0.6915185575299383,1.844641451499915,0.0,M
1.5561162900370464,1.0370159554613125,0.0,M
1.6313175973808822,1.0683177881489503,0.0,H
1.8327857644416772,0.8252250248628772,0.4,M
1.4321166499394526,1.3960809077436018,0.0,M
0.6108084022765365,1.5650281453406467,0.4,M
1.6405766935885058,0.8974453256071961,0.0,M
-2.6399805386261956,-0.010136847386799548,0.0,M
-1.9311777946068551,0.4369809213425722,0.0,L
0.7971257095612593,1.7467085054915312,0.0,M
1.1082785038910385,1.8540007437466257,0.1,M
-1.802856222096055,1.1896677865898284,0.0,M
-0.7722513741563276,1.7905663392104922,0.1,M
-0.5642643008974634,1.7723447178053984,0.5,M
1.435007446610313,1.1031108866170027,0.7,M
-0.22044662601990617,1.5241401789456375,0.0,M
0.689941164206671,1.8772269947806375,0.0,M
1.8672627053427966,0.4469116123305594,0.1,M
0.07105104727682945,1.3881828945354664,0.0,H
-0.47499768448487273,1.8499938377556853,0.0,M
0.6182891760537397,1.5728377204196204,0.0,M
1.3425390156767745,1.1225368552460262,0.0,M
1.497475491813283,1.1856083465540235,0.0,M
0.1527362845816464,1.8737853738814898,0.0,M
0.581251330188799,1.7668465952520473,0.0,M
0.35701528928951487,1.7948370631379118,0.0,M
-0.9591183494996957,0.7211740370070039,0.0,M
-0.8218176443255272,1.7003784659114263,0.0,M
-0.8218176443255272,1.7003784659114263,3.1114826498422716,M
-0.8218176443255272,1.7003784659114263,3.1114826498422716,M
-0.8218176443255272,1.7003784659114263,7.9,M
-1.281013422159173,0.5395411126578255,29.5,L
-1.150639864612156,0.8658105462312867,19.0,M
-1.0470531310942526,0.8201095906436666,6.1,M
-0.38377017503645466,1.242062982602931,1.4,M
0.48644517174119556,1.587126678904264,0.0,H
0.6429548389516255,1.4213405908045718,4.2,M
0.39372962036979703,1.2389418816245803,0.0,M
0.7206123740665262,1.235159020669891,0.0,M
0.474674792415779,1.850076712313583,0.0,M
1.324217745502801,1.174456198627892,0.0,M
1.6606897716874767,0.6943410417169625,0.0,M
1.1447863443497535,1.174335652950351,0.0,M
-0.5474678837242047,1.3210522004412015,0.0,M
1.0329133329806532,1.3627876014077902,2.8,M
1.1535673126092263,1.1657111371517075,5.8,M
-0.11305787165521503,1.9667531410059558,0.2,M
1.8833722733269982,0.4216739025160258,0.1,M
1.6561713170215384,0.7050507560985544,0.0,M
1.1978585071956713,1.3702317310363814,1.4,M
-1.9671543085199283,0.10584860165104977,0.0,M
1.1806499612614758,1.5645017318537158,0.0,M
-0.40471430959258237,1.423589241182652,0.0,M
1.1836333461093038,1.2889965484740806,0.0,M
-0.060297836748657276,1.6288843331812826,0.4,M
0.5176884747441668,1.4184846291437416,10.3,M
-0.9498951094675326,0.7970566360113089,7.3,M
-0.819446233849014,1.0602395341764366,0.0,H
-0.7482788693683047,1.4929764678845046,32.7,M
0.06622996266871038,1.4584970318944435,2.1,M
-1.5224316746270765,0.38353851969808184,5.4,M
-0.2903720733035309,1.5530885547982798,1.2,M
1.0754634936896905,1.277606462781386,4.6,M
1.0643012828892724,1.3256178858329608,0.0,M
1.3368475576742485,0.9325977737161912,0.0,M
1.7696351383461641,0.539343561313707,0.0,M
0.6419623994239695,1.4217891115512946,0.0,M
-0.05605891790724366,1.2587523178620443,0.1,H
1.1340703296780432,1.3064396225405652,0.0,M
1.1187890287471423,-1.043652772312241,0.0,M
0.1484949130540469,1.8139319890219345,1.6,H
1.3360578450579257,0.8053256699368102,0.0,M
1.465968441531555,0.6656098920790947,0.0,M
0.44615149125943443,1.7644684318080002,0.1,M
0.9179058923938247,1.3831300635546522,13.1,H
0.3735983197692984,1.8629074844085942,0.1,M
1.158434425901701,1.13244411821767,0.1,M
-1.612244335482374,-0.5391365343815966,1.0,M
-1.457049704777276,0.9140055567711024,8.5,M
-0.9449519173388387,0.9919505400561326,7.3,M
-1.4014517973477163,0.6383830039332622,22.1,M
-1.3317430224456015,0.2757907216848574,20.2,M
-1.6418481298565457,-0.40054302950689713,0.1,M
-2.556676283020994,-0.34613058783926187,0.0,M
1.4142831579570034,1.4701711291952262,0.0,M
-1.4167391753247136,1.0610137176776986,0.0,M
-1.425492178081193,0.7904884883597834,29.1,M
-2.2185728912150133,-0.5256751148436235,1.1,M
-1.5605651090201944,0.6486420742665315,8.6,M
-1.3842233048151478,0.8416209612448057,5.7,M
-1.5584431132688155,-0.06967828000892581,6.2,M
-0.8306726287795385,0.642248381700173,20.0,M
-0.8919489169740025,0.9730504249569517,8.9,M
-1.8699792368581647,0.008812134778628812,0.4,M
0.7503651936170116,1.3448241804072771,4.3,M
-0.7325327950752905,1.4673090009058016,2.2,M
1.1460272688574378,1.3225435716962832,0.0,M
1.0025991392811957,1.3480337406432397,0.1,M
0.2792510651285164,1.555126632343678,0.3,M
-0.014702451780253816,1.6199332819322065,0.0,M
-0.5104689925560835,1.6634366256755253,1.1,M
-1.009316106430139,1.176342210966139,0.2,M
-0.18092503124808496,1.2873484893640414,6.8,M
-1.4176453795919202,0.08174091828258567,0.4,M
1.3505656170929456,0.8763974634413035,0.0,H
0.588799273107706,1.6691960388126486,0.0,M
1.050052750180848,-0.7832555278053501,0.9,M
-0.5500208948478674,1.5662301922868014,0.0,M
-0.47654870481250233,1.495928250933689,10.3,M
-0.23391145127703897,1.6232330186887738,7.8,M
-1.2840221971909689,0.9034306819678403,14.0,M
-2.6640709864358167,0.2917632246032651,0.0,L
-2.459455829074196,-0.3185545868967507,0.0,L
-2.0386429391469716,0.07439735658071144,0.0,M
-1.6647273372044766,0.89486473433927,0.0,M
-1.88872319326501,0.7163272291507727,0.0,M
1.5930960321821583,1.2581514345441343,0.0,M
-0.7960111357265244,1.5697026061644188,0.0,M
0.5593046696275009,1.6476584253214839,0.0,M
0.18837383739969737,1.900688111548897,0.0,M
-1.9613153462115633,-0.33666320368435776,0.0,M
1.7134048543522415,0.7237705472607836,0.0,M
1.781731396013483,0.25579920339955164,0.0,M
1.83618543359737,0.1184189741757595,0.0,M
2.146831262906818,0.23815022277108702,0.0,M
2.4694850342743937,0.05043476474415713,0.0,M
-2.0508377112207326,0.49614985864646494,0.0,M
-2.1838354424200035,0.1642034117496584,0.0,M
1.7421901041000534,0.3125278246426152,0.0,M
-1.438382230276672,-0.7878175928629081,0.0,M
-2.1394907379510055,-0.046683853973960486,0.0,M
0.13816552822739625,1.8548612581025152,0.0,M
