EMISION,Mean,Min,Max,Grupo
2023-01-03,11.806451612903226,1.0,170.0,3
2023-01-04,12.666666666666666,1.0,100.0,3
2023-01-05,6.112676056338028,1.0,35.0,3
2023-01-06,4.451612903225806,1.0,30.0,3
2023-01-07,4.5,1.0,20.0,3
2023-01-08,0.0,0.0,0.0,3
2023-01-09,5.3,1.0,25.0,3
2023-01-10,7.235294117647059,1.0,30.0,3
2023-01-11,7.365384615384615,1.0,30.0,3
2023-01-12,5.15,1.0,30.0,3
2023-01-13,3.1724137931034484,1.0,15.0,3
2023-01-14,11.416666666666666,1.0,36.0,3
2023-01-15,0.0,0.0,0.0,3
2023-01-16,6.685714285714286,1.0,50.0,3
2023-01-17,10.955555555555556,1.0,80.0,3
2023-01-18,6.901639344262295,1.0,50.0,3
2023-01-19,9.142857142857142,1.0,50.0,3
2023-01-20,6.04,1.0,50.0,3
2023-01-21,3.588235294117647,1.0,10.0,3
2023-01-22,0.0,0.0,0.0,3
2023-01-23,7.809523809523809,1.0,60.0,3
2023-01-24,9.046153846153846,1.0,125.0,3
2023-01-25,10.12,1.0,40.0,3
2023-01-26,16.735849056603772,1.0,360.0,3
2023-01-27,8.880952380952381,1.0,50.0,3
2023-01-28,5.103448275862069,1.0,40.0,3
2023-01-29,0.0,0.0,0.0,3
2023-01-30,12.428571428571429,1.0,50.0,3
2023-01-31,8.83673469387755,1.0,80.0,3
2023-02-01,10.571428571428571,1.0,160.0,3
2023-02-02,14.018181818181818,1.0,120.0,3
2023-02-03,5.648148148148148,1.0,40.0,3
2023-02-04,8.642857142857142,1.0,50.0,3
2023-02-05,0.0,0.0,0.0,3
2023-02-06,15.875,1.0,60.0,3
2023-02-07,10.48,1.0,100.0,3
2023-02-08,12.538461538461538,1.0,100.0,3
2023-02-09,14.454545454545455,1.0,230.0,3
2023-02-10,11.96551724137931,1.0,105.0,3
2023-02-11,13.333333333333334,1.0,33.0,3
2023-02-12,0.0,0.0,0.0,3
2023-02-13,16.264285714285716,1.0,500.0,3
2023-02-14,4.274418604651163,1.0,60.0,3
2023-02-15,8.56,1.0,100.0,3
2023-02-16,10.22,1.0,50.0,3
2023-02-17,4.787878787878788,1.0,30.0,3
2023-02-18,8.461538461538462,1.0,100.0,3
2023-02-19,0.0,0.0,0.0,3
2023-02-20,0.0,0.0,0.0,3
2023-02-21,0.0,0.0,0.0,3
2023-02-22,11.754716981132075,1.0,50.0,3
2023-02-23,11.40625,1.0,60.0,3
2023-02-24,3.8333333333333335,1.0,35.0,3
2023-02-25,7.173913043478261,1.0,28.0,3
2023-02-26,0.0,0.0,0.0,3
2023-02-27,12.923076923076923,1.0,150.0,3
2023-02-28,8.444444444444445,1.0,75.0,3
2023-03-01,5.315789473684211,1.0,30.0,3
2023-03-02,21.565217391304348,1.0,1000.0,3
2023-03-03,5.6875,1.0,35.0,3
2023-03-04,5.36,1.0,60.0,3
2023-03-05,0.0,0.0,0.0,3
2023-03-06,20.761904761904763,1.0,250.0,3
2023-03-07,12.58108108108108,1.0,142.0,3
2023-03-08,6.127853881278539,1.0,70.0,3
2023-03-09,10.59375,1.0,50.0,3
2023-03-10,4.511111111111111,1.0,30.0,3
2023-03-11,3.606060606060606,1.0,20.0,3
2023-03-12,0.0,0.0,0.0,3
2023-03-13,9.458333333333334,1.0,30.0,3
2023-03-14,8.642857142857142,1.0,120.0,3
2023-03-15,5.7023809523809526,1.0,50.0,3
2023-03-16,6.391304347826087,1.0,40.0,3
2023-03-17,6.823529411764706,1.0,50.0,3
2023-03-18,4.125,1.0,10.0,3
2023-03-19,0.0,0.0,0.0,3
2023-03-20,9.733333333333333,1.0,45.0,3
2023-03-21,17.121951219512194,1.0,100.0,3
2023-03-22,7.693548387096774,1.0,50.0,3
2023-03-23,5.859649122807017,1.0,60.0,3
2023-03-24,6.948717948717949,1.0,50.0,3
2023-03-25,3.4444444444444446,1.0,15.0,3
2023-03-26,0.0,0.0,0.0,3
2023-03-27,10.625,1.0,50.0,3
2023-03-28,17.555555555555557,1.0,182.0,3
2023-03-29,6.204545454545454,1.0,48.0,3
2023-03-30,5.293103448275862,1.0,50.0,3
2023-03-31,3.9384615384615387,1.0,40.0,3
2023-04-01,3.769230769230769,1.0,15.0,3
2023-04-02,0.0,0.0,0.0,3
2023-04-03,21.88235294117647,1.0,192.0,3
2023-04-04,4.717391304347826,1.0,40.0,3
2023-04-05,5.446428571428571,1.0,30.0,3
2023-04-06,6.369565217391305,1.0,38.0,3
2023-04-07,0.0,0.0,0.0,3
2023-04-08,0.0,0.0,0.0,3
2023-04-09,0.0,0.0,0.0,3
2023-04-10,14.973684210526315,1.0,100.0,3
2023-04-11,9.5,1.0,100.0,3
2023-04-12,6.636363636363637,1.0,100.0,3
2023-04-13,8.04109589041096,1.0,50.0,3
2023-04-14,6.086956521739131,1.0,100.0,3
2023-04-15,5.878787878787879,1.0,30.0,3
2023-04-16,0.0,0.0,0.0,3
2023-04-17,14.673913043478262,1.0,150.0,3
2023-04-18,6.931818181818182,1.0,70.0,3
2023-04-19,8.016949152542374,1.0,50.0,3
2023-04-20,9.04,1.0,50.0,3
2023-04-21,6.69811320754717,1.0,30.0,3
2023-04-22,4.482758620689655,1.0,25.0,3
2023-04-23,0.0,0.0,0.0,3
2023-04-24,13.166666666666666,1.0,50.0,3
2023-04-25,8.116666666666667,1.0,80.0,3
2023-04-26,10.603174603174603,1.0,70.0,3
2023-04-27,5.337837837837838,1.0,30.0,3
2023-04-28,5.357142857142857,1.0,100.0,3
2023-04-29,4.535714285714286,1.0,15.0,3
2023-04-30,0.0,0.0,0.0,3
2023-05-01,0.0,0.0,0.0,3
2023-05-02,17.0,1.0,100.0,3
2023-05-03,7.9361702127659575,1.0,50.0,3
2023-05-04,16.5,1.0,215.0,3
2023-05-05,3.6923076923076925,1.0,30.0,3
2023-05-06,4.74,1.0,20.0,3
2023-05-07,0.0,0.0,0.0,3
2023-05-08,17.88235294117647,1.0,100.0,3
2023-05-09,9.021978021978022,1.0,80.0,3
2023-05-10,8.073170731707316,1.0,50.0,3
2023-05-11,9.459016393442623,1.0,400.0,3
2023-05-12,4.793893129770993,1.0,45.0,3
2023-05-13,3.9855072463768115,1.0,30.0,3
2023-05-14,0.0,0.0,0.0,3
2023-05-15,7.9,1.0,30.0,3
2023-05-16,11.893617021276595,1.0,80.0,3
2023-05-17,9.18,1.0,100.0,3
2023-05-18,8.0,1.0,36.0,3
2023-05-19,16.307692307692307,1.0,140.0,3
2023-05-20,6.285714285714286,1.0,30.0,3
2023-05-21,0.0,0.0,0.0,3
2023-05-22,8.5,1.0,60.0,3
2023-05-23,11.386363636363637,1.0,80.0,3
2023-05-24,6.729166666666667,1.0,50.0,3
2023-05-25,5.25,1.0,60.0,3
2023-05-26,0.0,0.0,0.0,3
2023-05-27,8.454545454545455,1.0,60.0,3
2023-05-28,0.0,0.0,0.0,3
2023-05-29,28.27027027027027,1.0,600.0,3
2023-05-30,10.338461538461539,1.0,50.0,3
2023-05-31,11.281553398058252,1.0,150.0,3
2023-06-01,5.788819875776397,1.0,135.0,3
2023-06-02,10.8,1.0,80.0,3
2023-06-03,14.466666666666667,1.0,130.0,3
2023-06-04,0.0,0.0,0.0,3
2023-06-05,12.909090909090908,1.0,50.0,3
2023-06-06,9.901639344262295,1.0,50.0,3
2023-06-07,10.596491228070175,1.0,50.0,3
2023-06-08,7.797297297297297,1.0,50.0,3
2023-06-09,9.125,1.0,40.0,3
2023-06-10,6.4,1.0,22.0,3
2023-06-11,0.0,0.0,0.0,3
2023-06-12,7.825396825396825,1.0,40.0,3
2023-06-13,11.530303030303031,1.0,100.0,3
2023-06-14,10.808510638297872,1.0,60.0,3
2023-06-15,10.730337078651685,1.0,80.0,3
2023-06-16,8.80952380952381,1.0,30.0,3
2023-06-17,10.123287671232877,1.0,432.0,3
2023-06-18,0.0,0.0,0.0,3
2023-06-19,13.846153846153847,1.0,105.0,3
2023-06-20,11.487179487179487,1.0,50.0,3
2023-06-21,14.50909090909091,1.0,100.0,3
2023-06-22,12.166666666666666,1.0,45.0,3
2023-06-23,8.956521739130435,1.0,40.0,3
2023-06-24,6.133333333333334,1.0,22.0,3
2023-06-25,0.0,0.0,0.0,3
2023-06-26,12.970588235294118,1.0,60.0,3
2023-06-27,14.698412698412698,1.0,255.0,3
2023-06-28,9.39622641509434,1.0,50.0,3
2023-06-29,7.211267605633803,1.0,50.0,3
2023-06-30,6.433333333333334,-20.0,50.0,3
2023-07-01,5.8,1.0,20.0,3
2023-07-02,0.0,0.0,0.0,3
2023-07-03,8.28125,1.0,50.0,3
2023-07-04,9.458333333333334,1.0,90.0,3
2023-07-05,13.772727272727273,1.0,300.0,3
2023-07-06,11.571428571428571,1.0,79.0,3
2023-07-07,10.194444444444445,1.0,25.0,3
2023-07-08,7.8,1.0,170.0,3
2023-07-09,0.0,0.0,0.0,3
2023-07-10,16.35,1.0,300.0,3
2023-07-11,8.085714285714285,1.0,111.0,3
2023-07-12,16.410714285714285,1.0,300.0,3
2023-07-13,8.636363636363637,1.0,60.0,3
2023-07-14,9.536585365853659,1.0,120.0,3
2023-07-15,8.892857142857142,1.0,50.0,3
2023-07-16,0.0,0.0,0.0,3
2023-07-17,10.696969696969697,1.0,40.0,3
2023-07-18,19.46153846153846,1.0,250.0,3
2023-07-19,7.421875,1.0,50.0,3
2023-07-20,9.944444444444445,1.0,120.0,3
2023-07-21,9.592592592592593,1.0,33.0,3
2023-07-22,7.75,1.0,60.0,3
2023-07-23,0.0,0.0,0.0,3
2023-07-24,7.6571428571428575,1.0,24.0,3
2023-07-25,7.45,1.0,130.0,3
2023-07-26,14.72340425531915,1.0,180.0,3
2023-07-27,14.26086956521739,1.0,300.0,3
2023-07-28,6.462962962962963,1.0,100.0,3
2023-07-29,3.111111111111111,1.0,15.0,3
2023-07-30,0.0,0.0,0.0,3
2023-07-31,7.92,1.0,80.0,3
2023-08-01,8.779661016949152,1.0,150.0,3
2023-08-02,11.88888888888889,1.0,50.0,3
2023-08-03,15.90625,1.0,77.0,3
2023-08-04,8.2,1.0,40.0,3
2023-08-05,5.4,1.0,20.0,3
2023-08-06,0.0,0.0,0.0,3
2023-08-07,7.222222222222222,1.0,40.0,3
2023-08-08,5.981481481481482,1.0,50.0,3
2023-08-09,9.4,1.0,40.0,3
2023-08-10,4.409090909090909,1.0,15.0,3
2023-08-11,0.0,0.0,0.0,3
2023-08-12,4.916666666666667,2.0,20.0,3
2023-08-13,0.0,0.0,0.0,3
2023-08-14,14.5,1.0,130.0,3
2023-08-15,6.073529411764706,1.0,60.0,3
2023-08-16,8.033898305084746,1.0,160.0,3
2023-08-17,5.1,1.0,17.0,3
2023-08-18,5.04,1.0,40.0,3
2023-08-19,15.95,1.0,200.0,3
2023-08-20,0.0,0.0,0.0,3
2023-08-21,9.181818181818182,1.0,50.0,3
2023-08-22,8.481481481481481,1.0,145.0,3
2023-08-23,11.583333333333334,1.0,120.0,3
2023-08-24,7.96969696969697,1.0,65.0,3
2023-08-25,13.357142857142858,2.0,50.0,3
2023-08-26,12.642857142857142,1.0,90.0,3
2023-08-27,0.0,0.0,0.0,3
2023-08-28,11.61111111111111,1.0,36.0,3
2023-08-29,9.879310344827585,1.0,100.0,3
2023-08-30,9.515625,1.0,80.0,3
2023-08-31,8.72,1.0,50.0,3
2023-09-01,4.954545454545454,1.0,25.0,3
2023-09-02,5.9411764705882355,1.0,30.0,3
2023-09-03,0.0,0.0,0.0,3
2023-09-04,16.435897435897434,1.0,300.0,3
2023-09-05,7.735294117647059,1.0,70.0,3
2023-09-06,12.48,1.0,100.0,3
2023-09-07,6.9,1.0,30.0,3
2023-09-08,8.285714285714286,1.0,30.0,3
2023-09-09,6.25,1.0,20.0,3
2023-09-10,0.0,0.0,0.0,3
2023-09-11,9.10344827586207,1.0,50.0,3
2023-09-12,7.104166666666667,1.0,50.0,3
2023-09-13,9.081967213114755,1.0,75.0,3
2023-09-14,3.75,1.0,33.0,3
2023-09-15,12.431818181818182,1.0,200.0,3
2023-09-16,8.235294117647058,1.0,50.0,3
2023-09-17,0.0,0.0,0.0,3
2023-09-18,7.153846153846154,1.0,50.0,3
2023-09-19,7.520833333333333,1.0,50.0,3
2023-09-20,9.988235294117647,1.0,222.0,3
2023-09-21,13.127272727272727,1.0,80.0,3
2023-09-22,9.74,1.0,100.0,3
2023-09-23,10.6875,1.0,30.0,3
2023-09-24,0.0,0.0,0.0,3
2023-09-25,26.05263157894737,2.0,80.0,3
2023-09-26,8.826086956521738,1.0,35.0,3
2023-09-27,8.985074626865671,1.0,60.0,3
2023-09-28,13.904761904761905,1.0,60.0,3
2023-09-29,9.80952380952381,1.0,40.0,3
2023-09-30,11.0,1.0,50.0,3
2023-10-01,0.0,0.0,0.0,3
2023-10-02,20.566666666666666,1.0,200.0,3
2023-10-03,7.527777777777778,1.0,40.0,3
2023-10-04,12.029411764705882,1.0,75.0,3
2023-10-05,9.755555555555556,1.0,50.0,3
2023-10-06,4.914285714285715,1.0,20.0,3
2023-10-07,5.9,2.0,10.0,3
2023-10-08,0.0,0.0,0.0,3
2023-10-09,0.0,0.0,0.0,3
2023-10-10,12.511627906976743,1.0,134.0,3
2023-10-11,11.27027027027027,1.0,200.0,3
2023-10-12,9.303030303030303,1.0,40.0,3
2023-10-13,5.137931034482759,1.0,30.0,3
2023-10-14,4.15625,1.0,40.0,3
2023-10-15,0.0,0.0,0.0,3
2023-10-16,20.043478260869566,1.0,250.0,3
2023-10-17,11.44,1.0,90.0,3
2023-10-18,14.866666666666667,1.0,50.0,3
2023-10-19,9.548387096774194,1.0,80.0,3
2023-10-20,5.057142857142857,1.0,25.0,3
2023-10-21,7.172413793103448,1.0,96.0,3
2023-10-22,0.0,0.0,0.0,3
2023-10-23,10.5,1.0,40.0,3
2023-10-24,22.07936507936508,1.0,300.0,3
2023-10-25,8.614035087719298,1.0,45.0,3
2023-10-26,6.555555555555555,-20.0,30.0,3
2023-10-27,10.368421052631579,1.0,250.0,3
2023-10-28,5.806451612903226,1.0,35.0,3
2023-10-29,0.0,0.0,0.0,3
2023-10-30,5.757575757575758,1.0,60.0,3
2023-10-31,7.72093023255814,1.0,150.0,3
2023-11-01,13.333333333333334,1.0,170.0,3
2023-11-02,7.333333333333333,1.0,15.0,3
2023-11-03,0.0,0.0,0.0,3
2023-11-04,0.0,0.0,0.0,3
2023-11-05,0.0,0.0,0.0,3
2023-11-06,13.631578947368421,1.0,128.0,3
2023-11-07,10.071428571428571,1.0,115.0,3
2023-11-08,8.10344827586207,1.0,50.0,3
2023-11-09,8.829787234042554,1.0,50.0,3
2023-11-10,7.571428571428571,1.0,40.0,3
2023-11-11,4.04,1.0,20.0,3
2023-11-12,0.0,0.0,0.0,3
2023-11-13,10.512820512820513,1.0,50.0,3
2023-11-14,11.225806451612904,1.0,100.0,3
2023-11-15,10.270833333333334,1.0,70.0,3
2023-11-16,7.76056338028169,1.0,40.0,3
2023-11-17,4.7592592592592595,1.0,50.0,3
2023-11-18,5.269230769230769,1.0,24.0,3
2023-11-19,0.0,0.0,0.0,3
2023-11-20,13.333333333333334,1.0,200.0,3
2023-11-21,8.121951219512194,1.0,40.0,3
2023-11-22,13.510204081632653,1.0,120.0,3
2023-11-23,8.854166666666666,1.0,52.0,3
2023-11-24,7.512820512820513,1.0,50.0,3
2023-11-25,4.8,1.0,36.0,3
2023-11-26,0.0,0.0,0.0,3
2023-11-27,18.03448275862069,1.0,100.0,3
2023-11-28,6.795454545454546,1.0,45.0,3
2023-11-29,5.545454545454546,1.0,40.0,3
2023-11-30,12.305555555555555,1.0,40.0,3
2023-12-01,8.481481481481481,1.0,60.0,3
2023-12-02,5.5,1.0,20.0,3
2023-12-03,0.0,0.0,0.0,3
2023-12-04,6.56,1.0,30.0,3
2023-12-05,11.454545454545455,1.0,100.0,3
2023-12-06,10.980392156862745,1.0,50.0,3
2023-12-07,5.344827586206897,1.0,30.0,3
2023-12-08,0.0,0.0,0.0,3
2023-12-09,11.578947368421053,1.0,50.0,3
2023-12-10,0.0,0.0,0.0,3
2023-12-11,30.2,1.0,300.0,3
2023-12-12,22.0,1.0,300.0,3
2023-12-13,29.98611111111111,1.0,490.0,3
2023-12-14,18.047619047619047,1.0,300.0,3
2023-12-15,15.26086956521739,1.0,200.0,3
2023-12-16,16.086206896551722,1.0,120.0,3
2023-12-17,0.0,0.0,0.0,3
2023-12-18,17.333333333333332,1.0,150.0,3
2023-01-03,14.058823529411764,1.0,150.0,4
2023-01-04,17.675324675324674,1.0,100.0,4
2023-01-05,11.982954545454545,1.0,60.0,4
2023-01-06,8.75257731958763,1.0,70.0,4
2023-01-07,8.763440860215054,1.0,80.0,4
2023-01-08,0.0,0.0,0.0,4
2023-01-09,9.222222222222221,1.0,50.0,4
2023-01-10,10.15079365079365,1.0,120.0,4
2023-01-11,10.787878787878787,1.0,60.0,4
2023-01-12,11.107142857142858,1.0,70.0,4
2023-01-13,5.8321678321678325,1.0,50.0,4
2023-01-14,9.666666666666666,1.0,50.0,4
2023-01-15,0.0,0.0,0.0,4
2023-01-16,9.889423076923077,1.0,130.0,4
2023-01-17,12.733990147783251,1.0,80.0,4
2023-01-18,8.50943396226415,1.0,50.0,4
2023-01-19,9.334745762711865,1.0,100.0,4
2023-01-20,8.409090909090908,1.0,50.0,4
2023-01-21,10.089887640449438,1.0,60.0,4
2023-01-22,0.0,0.0,0.0,4
2023-01-23,8.909090909090908,1.0,60.0,4
2023-01-24,8.744186046511627,1.0,105.0,4
2023-01-25,13.467353951890034,1.0,60.0,4
2023-01-26,10.664473684210526,1.0,85.0,4
2023-01-27,9.130872483221477,1.0,65.0,4
2023-01-28,10.392156862745098,1.0,50.0,4
2023-01-29,0.0,0.0,0.0,4
2023-01-30,7.668393782383419,1.0,80.0,4
2023-01-31,15.342391304347826,1.0,250.0,4
2023-02-01,8.163424124513618,1.0,100.0,4
2023-02-02,10.77366255144033,1.0,120.0,4
2023-02-03,8.77431906614786,1.0,50.0,4
2023-02-04,9.782352941176471,1.0,60.0,4
2023-02-05,0.0,0.0,0.0,4
2023-02-06,6.561224489795919,1.0,60.0,4
2023-02-07,9.495967741935484,1.0,150.0,4
2023-02-08,9.039408866995075,-10.0,50.0,4
2023-02-09,12.400673400673401,1.0,80.0,4
2023-02-10,8.481894150417828,1.0,120.0,4
2023-02-11,6.411347517730497,1.0,30.0,4
2023-02-12,0.0,0.0,0.0,4
2023-02-13,12.61111111111111,1.0,500.0,4
2023-02-14,8.492957746478874,1.0,100.0,4
2023-02-15,10.844559585492227,1.0,100.0,4
2023-02-16,14.933333333333334,1.0,250.0,4
2023-02-17,8.902777777777779,1.0,70.0,4
2023-02-18,14.256756756756756,1.0,100.0,4
2023-02-19,0.0,0.0,0.0,4
2023-02-20,0.0,0.0,0.0,4
2023-02-21,0.0,0.0,0.0,4
2023-02-22,13.745019920318725,1.0,75.0,4
2023-02-23,14.572916666666666,1.0,100.0,4
2023-02-24,9.207407407407407,1.0,50.0,4
2023-02-25,7.566666666666666,1.0,50.0,4
2023-02-26,0.0,0.0,0.0,4
2023-02-27,14.073275862068966,1.0,120.0,4
2023-02-28,10.839080459770114,1.0,200.0,4
2023-03-01,10.558375634517766,1.0,51.0,4
2023-03-02,11.091269841269842,1.0,100.0,4
2023-03-03,9.381756756756756,1.0,60.0,4
2023-03-04,7.862637362637362,1.0,120.0,4
2023-03-05,0.0,0.0,0.0,4
2023-03-06,9.705084745762711,1.0,250.0,4
2023-03-07,12.16260162601626,1.0,110.0,4
2023-03-08,15.041062801932368,1.0,250.0,4
2023-03-09,10.257731958762887,1.0,120.0,4
2023-03-10,9.753036437246964,1.0,100.0,4
2023-03-11,7.392241379310345,1.0,60.0,4
2023-03-12,0.0,0.0,0.0,4
2023-03-13,7.695278969957082,1.0,291.0,4
2023-03-14,9.536,1.0,50.0,4
2023-03-15,13.045871559633028,1.0,510.0,4
2023-03-16,9.041958041958042,1.0,120.0,4
2023-03-17,10.804270462633452,1.0,100.0,4
2023-03-18,12.142276422764228,1.0,160.0,4
2023-03-19,0.0,0.0,0.0,4
2023-03-20,9.00390625,1.0,320.0,4
2023-03-21,11.242622950819673,1.0,100.0,4
2023-03-22,7.053156146179402,1.0,60.0,4
2023-03-23,10.483766233766234,1.0,60.0,4
2023-03-24,9.09731543624161,1.0,100.0,4
2023-03-25,8.578378378378378,1.0,52.0,4
2023-03-26,0.0,0.0,0.0,4
2023-03-27,8.818897637795276,1.0,80.0,4
2023-03-28,11.154471544715447,1.0,100.0,4
2023-03-29,9.285106382978723,1.0,60.0,4
2023-03-30,10.70684039087948,1.0,140.0,4
2023-03-31,10.31304347826087,1.0,60.0,4
2023-04-01,7.857777777777778,1.0,50.0,4
2023-04-02,0.0,0.0,0.0,4
2023-04-03,7.632124352331606,1.0,80.0,4
2023-04-04,5.3031674208144794,1.0,40.0,4
2023-04-05,6.908,1.0,50.0,4
2023-04-06,7.1469194312796205,1.0,50.0,4
2023-04-07,0.0,0.0,0.0,4
2023-04-08,0.0,0.0,0.0,4
2023-04-09,0.0,0.0,0.0,4
2023-04-10,8.983870967741936,1.0,50.0,4
2023-04-11,10.23404255319149,1.0,70.0,4
2023-04-12,8.5,1.0,100.0,4
2023-04-13,9.588390501319262,1.0,100.0,4
2023-04-14,8.422018348623853,1.0,40.0,4
2023-04-15,7.665198237885463,1.0,80.0,4
2023-04-16,0.0,0.0,0.0,4
2023-04-17,11.185667752442997,1.0,150.0,4
2023-04-18,14.828685258964143,1.0,1000.0,4
2023-04-19,9.91304347826087,1.0,50.0,4
2023-04-20,10.452768729641694,1.0,70.0,4
2023-04-21,8.456521739130435,1.0,70.0,4
2023-04-22,10.028169014084508,1.0,75.0,4
2023-04-23,0.0,0.0,0.0,4
2023-04-24,9.795918367346939,1.0,150.0,4
2023-04-25,10.130030959752322,1.0,100.0,4
2023-04-26,10.923076923076923,1.0,150.0,4
2023-04-27,10.098360655737705,1.0,100.0,4
2023-04-28,7.452554744525547,1.0,55.0,4
2023-04-29,12.630434782608695,1.0,82.0,4
2023-04-30,0.0,0.0,0.0,4
2023-05-01,0.0,0.0,0.0,4
2023-05-02,7.98989898989899,1.0,100.0,4
2023-05-03,13.401360544217686,1.0,150.0,4
2023-05-04,14.120833333333334,1.0,100.0,4
2023-05-05,7.205387205387205,1.0,100.0,4
2023-05-06,7.552380952380952,1.0,50.0,4
2023-05-07,0.0,0.0,0.0,4
2023-05-08,14.793893129770993,1.0,200.0,4
2023-05-09,9.501416430594901,1.0,120.0,4
2023-05-10,14.301418439716311,1.0,115.0,4
2023-05-11,8.594674556213018,1.0,50.0,4
2023-05-12,6.9640718562874255,1.0,96.0,4
2023-05-13,8.204419889502763,1.0,50.0,4
2023-05-14,0.0,0.0,0.0,4
2023-05-15,9.350194552529183,1.0,70.0,4
2023-05-16,12.830324909747292,1.0,410.0,4
2023-05-17,9.583050847457628,1.0,70.0,4
2023-05-18,10.154320987654321,1.0,60.0,4
2023-05-19,13.49402390438247,1.0,100.0,4
2023-05-20,10.358565737051793,1.0,50.0,4
2023-05-21,0.0,0.0,0.0,4
2023-05-22,6.7023809523809526,1.0,85.0,4
2023-05-23,11.248407643312103,1.0,80.0,4
2023-05-24,9.284345047923322,1.0,70.0,4
2023-05-25,8.661596958174904,-14.0,165.0,4
2023-05-26,0.0,0.0,0.0,4
2023-05-27,12.769565217391305,1.0,100.0,4
2023-05-28,0.0,0.0,0.0,4
2023-05-29,9.691729323308271,1.0,100.0,4
2023-05-30,13.267326732673267,1.0,200.0,4
2023-05-31,7.440514469453376,1.0,55.0,4
2023-06-01,7.549199084668192,1.0,150.0,4
2023-06-02,7.109756097560975,1.0,100.0,4
2023-06-03,8.17142857142857,1.0,50.0,4
2023-06-04,0.0,0.0,0.0,4
2023-06-05,8.305147058823529,1.0,60.0,4
2023-06-06,12.076,1.0,150.0,4
2023-06-07,9.871794871794872,1.0,50.0,4
2023-06-08,11.129411764705882,1.0,90.0,4
2023-06-09,8.806083650190114,1.0,80.0,4
2023-06-10,12.14453125,1.0,70.0,4
2023-06-11,0.0,0.0,0.0,4
2023-06-12,8.673139158576053,1.0,155.0,4
2023-06-13,8.902298850574713,1.0,75.0,4
2023-06-14,13.347945205479451,1.0,300.0,4
2023-06-15,9.475806451612904,1.0,85.0,4
2023-06-16,8.713310580204778,1.0,100.0,4
2023-06-17,7.420382165605096,1.0,50.0,4
2023-06-18,0.0,0.0,0.0,4
2023-06-19,13.345132743362832,1.0,210.0,4
2023-06-20,9.31,1.0,100.0,4
2023-06-21,9.63103448275862,1.0,80.0,4
2023-06-22,12.103797468354431,1.0,100.0,4
2023-06-23,9.311526479750778,1.0,100.0,4
2023-06-24,10.038062283737025,1.0,82.0,4
2023-06-25,0.0,0.0,0.0,4
2023-06-26,8.439873417721518,1.0,60.0,4
2023-06-27,12.88109756097561,1.0,200.0,4
2023-06-28,17.18954248366013,1.0,266.0,4
2023-06-29,12.312865497076023,1.0,500.0,4
2023-06-30,7.808139534883721,-20.0,90.0,4
2023-07-01,9.419117647058824,1.0,65.0,4
2023-07-02,0.0,0.0,0.0,4
2023-07-03,8.149572649572649,1.0,100.0,4
2023-07-04,17.822535211267606,1.0,380.0,4
2023-07-05,13.2720207253886,1.0,300.0,4
2023-07-06,13.112903225806452,1.0,355.0,4
2023-07-07,12.982905982905983,1.0,300.0,4
2023-07-08,8.099009900990099,1.0,30.0,4
2023-07-09,0.0,0.0,0.0,4
2023-07-10,13.968847352024921,1.0,300.0,4
2023-07-11,10.295336787564766,1.0,200.0,4
2023-07-12,14.387900355871887,1.0,180.0,4
2023-07-13,8.75,1.0,65.0,4
2023-07-14,9.70754716981132,1.0,90.0,4
2023-07-15,9.66183574879227,1.0,50.0,4
2023-07-16,0.0,0.0,0.0,4
2023-07-17,9.541832669322709,1.0,142.0,4
2023-07-18,12.036184210526315,1.0,100.0,4
2023-07-19,8.910344827586206,1.0,150.0,4
2023-07-20,9.515570934256056,1.0,80.0,4
2023-07-21,9.396761133603238,1.0,100.0,4
2023-07-22,9.472103004291846,1.0,110.0,4
2023-07-23,0.0,0.0,0.0,4
2023-07-24,6.756198347107438,1.0,50.0,4
2023-07-25,10.148854961832061,1.0,130.0,4
2023-07-26,14.128133704735376,1.0,200.0,4
2023-07-27,13.759450171821307,1.0,115.0,4
2023-07-28,8.481481481481481,1.0,100.0,4
2023-07-29,9.556756756756757,1.0,50.0,4
2023-07-30,0.0,0.0,0.0,4
2023-07-31,9.67741935483871,1.0,50.0,4
2023-08-01,11.958677685950413,1.0,150.0,4
2023-08-02,11.08,1.0,330.0,4
2023-08-03,19.124567474048444,1.0,910.0,4
2023-08-04,10.368852459016393,1.0,200.0,4
2023-08-05,10.622754491017965,1.0,230.0,4
2023-08-06,0.0,0.0,0.0,4
2023-08-07,9.55,1.0,100.0,4
2023-08-08,6.654166666666667,1.0,100.0,4
2023-08-09,8.81191222570533,1.0,60.0,4
2023-08-10,7.017021276595744,1.0,100.0,4
2023-08-11,0.0,0.0,0.0,4
2023-08-12,10.933962264150944,1.0,100.0,4
2023-08-13,0.0,0.0,0.0,4
2023-08-14,6.388059701492537,1.0,40.0,4
2023-08-15,6.13063063063063,1.0,40.0,4
2023-08-16,9.809716599190283,1.0,80.0,4
2023-08-17,6.424657534246576,1.0,75.0,4
2023-08-18,6.097560975609756,1.0,50.0,4
2023-08-19,6.092682926829268,1.0,30.0,4
2023-08-20,0.0,0.0,0.0,4
2023-08-21,12.914798206278027,1.0,200.0,4
2023-08-22,10.463414634146341,1.0,200.0,4
2023-08-23,13.99250936329588,1.0,210.0,4
2023-08-24,9.72829131652661,1.0,100.0,4
2023-08-25,11.131578947368421,1.0,190.0,4
2023-08-26,12.988095238095237,1.0,90.0,4
2023-08-27,0.0,0.0,0.0,4
2023-08-28,7.803149606299213,1.0,60.0,4
2023-08-29,9.124600638977636,-30.0,110.0,4
2023-08-30,9.59375,1.0,120.0,4
2023-08-31,13.01418439716312,-25.0,100.0,4
2023-09-01,8.252559726962458,1.0,100.0,4
2023-09-02,7.476793248945148,1.0,32.0,4
2023-09-03,0.0,0.0,0.0,4
2023-09-04,8.84870848708487,1.0,300.0,4
2023-09-05,10.95131086142322,1.0,310.0,4
2023-09-06,10.278884462151394,1.0,100.0,4
2023-09-07,9.516923076923076,1.0,100.0,4
2023-09-08,9.200803212851406,1.0,80.0,4
2023-09-09,9.306818181818182,1.0,70.0,4
2023-09-10,0.0,0.0,0.0,4
2023-09-11,12.795744680851064,1.0,200.0,4
2023-09-12,9.959677419354838,1.0,200.0,4
2023-09-13,9.108225108225108,1.0,130.0,4
2023-09-14,8.178861788617887,1.0,58.0,4
2023-09-15,6.942084942084942,-60.0,40.0,4
2023-09-16,11.675438596491228,1.0,100.0,4
2023-09-17,0.0,0.0,0.0,4
2023-09-18,8.572953736654805,1.0,100.0,4
2023-09-19,11.823529411764707,1.0,218.0,4
2023-09-20,13.412371134020619,1.0,100.0,4
2023-09-21,14.102389078498293,1.0,119.0,4
2023-09-22,13.578947368421053,1.0,400.0,4
2023-09-23,14.695402298850574,1.0,60.0,4
2023-09-24,0.0,0.0,0.0,4
2023-09-25,10.57510729613734,1.0,100.0,4
2023-09-26,13.07089552238806,1.0,200.0,4
2023-09-27,9.985714285714286,1.0,120.0,4
2023-09-28,10.92910447761194,1.0,100.0,4
2023-09-29,8.244274809160306,1.0,40.0,4
2023-09-30,11.820512820512821,1.0,100.0,4
2023-10-01,0.0,0.0,0.0,4
2023-10-02,11.142857142857142,1.0,200.0,4
2023-10-03,11.06806282722513,1.0,150.0,4
2023-10-04,9.968181818181819,1.0,60.0,4
2023-10-05,8.71631205673759,1.0,51.0,4
2023-10-06,7.7407407407407405,1.0,100.0,4
2023-10-07,8.568345323741006,1.0,50.0,4
2023-10-08,0.0,0.0,0.0,4
2023-10-09,0.0,0.0,0.0,4
2023-10-10,10.803418803418804,1.0,110.0,4
2023-10-11,10.288990825688073,1.0,75.0,4
2023-10-12,10.424107142857142,1.0,100.0,4
2023-10-13,6.425,1.0,65.0,4
2023-10-14,8.427631578947368,1.0,43.0,4
2023-10-15,0.0,0.0,0.0,4
2023-10-16,7.833333333333333,1.0,70.0,4
2023-10-17,15.577405857740585,1.0,95.0,4
2023-10-18,16.34010152284264,1.0,100.0,4
2023-10-19,13.097472924187725,1.0,150.0,4
2023-10-20,12.107142857142858,1.0,180.0,4
2023-10-21,6.863157894736842,1.0,50.0,4
2023-10-22,0.0,0.0,0.0,4
2023-10-23,9.458128078817735,1.0,100.0,4
2023-10-24,11.689814814814815,1.0,100.0,4
2023-10-25,15.527638190954773,1.0,300.0,4
2023-10-26,11.684684684684685,-20.0,100.0,4
2023-10-27,8.373076923076923,1.0,57.0,4
2023-10-28,6.446428571428571,1.0,41.0,4
2023-10-29,0.0,0.0,0.0,4
2023-10-30,6.348314606741573,1.0,30.0,4
2023-10-31,5.484536082474227,1.0,30.0,4
2023-11-01,5.978260869565218,1.0,50.0,4
2023-11-02,7.081632653061225,1.0,72.0,4
2023-11-03,0.0,0.0,0.0,4
2023-11-04,0.0,0.0,0.0,4
2023-11-05,0.0,0.0,0.0,4
2023-11-06,13.81860465116279,1.0,100.0,4
2023-11-07,7.846441947565543,1.0,60.0,4
2023-11-08,8.84304932735426,1.0,50.0,4
2023-11-09,10.849785407725323,1.0,150.0,4
2023-11-10,8.330188679245284,1.0,160.0,4
2023-11-11,7.673469387755102,1.0,60.0,4
2023-11-12,0.0,0.0,0.0,4
2023-11-13,10.271428571428572,1.0,130.0,4
2023-11-14,11.871657754010695,1.0,100.0,4
2023-11-15,10.864864864864865,1.0,100.0,4
2023-11-16,8.96124031007752,1.0,50.0,4
2023-11-17,10.545774647887324,1.0,140.0,4
2023-11-18,8.419753086419753,1.0,37.0,4
2023-11-19,0.0,0.0,0.0,4
2023-11-20,6.463235294117647,1.0,50.0,4
2023-11-21,11.502164502164502,1.0,100.0,4
2023-11-22,9.698347107438016,1.0,50.0,4
2023-11-23,9.447761194029852,1.0,50.0,4
2023-11-24,8.841726618705035,1.0,100.0,4
2023-11-25,9.191176470588236,1.0,70.0,4
2023-11-26,0.0,0.0,0.0,4
2023-11-27,10.454545454545455,1.0,100.0,4
2023-11-28,13.07773851590106,1.0,155.0,4
2023-11-29,7.900862068965517,1.0,65.0,4
2023-11-30,11.631970260223047,1.0,70.0,4
2023-12-01,7.777777777777778,1.0,35.0,4
2023-12-02,8.929577464788732,1.0,40.0,4
2023-12-03,0.0,0.0,0.0,4
2023-12-04,11.01271186440678,1.0,100.0,4
2023-12-05,9.456204379562044,1.0,80.0,4
2023-12-06,10.567307692307692,1.0,250.0,4
2023-12-07,10.155462184873949,1.0,110.0,4
2023-12-08,0.0,0.0,0.0,4
2023-12-09,10.686486486486487,1.0,50.0,4
2023-12-10,0.0,0.0,0.0,4
2023-12-11,14.45631067961165,1.0,300.0,4
2023-12-12,12.693140794223826,1.0,200.0,4
2023-12-13,13.415224913494809,1.0,120.0,4
2023-12-14,11.613333333333333,1.0,88.0,4
2023-12-15,11.610223642172524,1.0,200.0,4
2023-12-16,12.63425925925926,1.0,60.0,4
2023-12-17,0.0,0.0,0.0,4
2023-12-18,10.057575757575757,1.0,100.0,4
2023-01-03,2.4134078212290504,1.0,20.0,5
2023-01-04,2.8686868686868685,1.0,50.0,5
2023-01-05,2.068535825545171,1.0,20.0,5
2023-01-06,1.8387096774193548,1.0,12.0,5
2023-01-07,1.9622641509433962,1.0,15.0,5
2023-01-08,0.0,0.0,0.0,5
2023-01-09,2.6013513513513513,1.0,20.0,5
2023-01-10,3.0,1.0,15.0,5
2023-01-11,3.59375,1.0,50.0,5
2023-01-12,3.4424242424242424,1.0,70.0,5
2023-01-13,2.6621621621621623,-2.0,14.0,5
2023-01-14,2.6956521739130435,1.0,8.0,5
2023-01-15,1.0,1.0,1.0,5
2023-01-16,2.8503401360544216,1.0,10.0,5
2023-01-17,2.5483870967741935,1.0,15.0,5
2023-01-18,2.6331877729257642,1.0,50.0,5
2023-01-19,2.4541666666666666,1.0,12.0,5
2023-01-20,2.4915254237288136,1.0,15.0,5
2023-01-21,2.6610169491525424,1.0,40.0,5
2023-01-22,0.0,0.0,0.0,5
2023-01-23,2.4830917874396135,1.0,10.0,5
2023-01-24,2.427027027027027,1.0,10.0,5
2023-01-25,2.6323529411764706,1.0,50.0,5
2023-01-26,2.87192118226601,1.0,15.0,5
2023-01-27,2.4816326530612245,1.0,12.0,5
2023-01-28,2.3,1.0,10.0,5
2023-01-29,0.0,0.0,0.0,5
2023-01-30,2.381443298969072,1.0,15.0,5
2023-01-31,2.9202127659574466,1.0,17.0,5
2023-02-01,2.8527918781725887,1.0,50.0,5
2023-02-02,2.427906976744186,1.0,10.0,5
2023-02-03,2.6346153846153846,1.0,50.0,5
2023-02-04,2.1041666666666665,1.0,10.0,5
2023-02-05,0.0,0.0,0.0,5
2023-02-06,2.6334841628959276,1.0,20.0,5
2023-02-07,2.6320754716981134,1.0,20.0,5
2023-02-08,2.5481171548117154,1.0,50.0,5
2023-02-09,2.5641025641025643,1.0,20.0,5
2023-02-10,2.8675213675213675,1.0,20.0,5
2023-02-11,1.8333333333333333,1.0,6.0,5
2023-02-12,0.0,0.0,0.0,5
2023-02-13,2.9899497487437188,1.0,60.0,5
2023-02-14,2.931297709923664,1.0,10.0,5
2023-02-15,2.9672131147540983,1.0,50.0,5
2023-02-16,2.6968085106382977,1.0,13.0,5
2023-02-17,2.6693548387096775,1.0,20.0,5
2023-02-18,2.4074074074074074,1.0,10.0,5
2023-02-19,0.0,0.0,0.0,5
2023-02-20,0.0,0.0,0.0,5
2023-02-21,0.0,0.0,0.0,5
2023-02-22,2.7409090909090907,1.0,30.0,5
2023-02-23,2.763157894736842,1.0,20.0,5
2023-02-24,2.7537688442211055,1.0,15.0,5
2023-02-25,2.206896551724138,1.0,10.0,5
2023-02-26,0.0,0.0,0.0,5
2023-02-27,2.8577981651376145,1.0,20.0,5
2023-02-28,2.683333333333333,1.0,50.0,5
2023-03-01,2.9581151832460733,1.0,50.0,5
2023-03-02,2.3705357142857144,1.0,10.0,5
2023-03-03,2.5476190476190474,1.0,12.0,5
2023-03-04,2.707317073170732,1.0,15.0,5
2023-03-05,0.0,0.0,0.0,5
2023-03-06,2.6303317535545023,1.0,12.0,5
2023-03-07,2.786046511627907,1.0,23.0,5
2023-03-08,3.2450980392156863,1.0,50.0,5
2023-03-09,2.6584158415841586,1.0,11.0,5
2023-03-10,2.6401869158878504,1.0,28.0,5
2023-03-11,1.5172413793103448,1.0,4.0,5
2023-03-12,0.0,0.0,0.0,5
2023-03-13,2.421875,1.0,12.0,5
2023-03-14,2.7035175879396984,1.0,22.0,5
2023-03-15,2.622568093385214,1.0,25.0,5
2023-03-16,2.603448275862069,1.0,12.0,5
2023-03-17,2.4452054794520546,1.0,16.0,5
2023-03-18,2.725806451612903,1.0,10.0,5
2023-03-19,0.0,0.0,0.0,5
2023-03-20,2.682819383259912,1.0,24.0,5
2023-03-21,2.5136186770428015,1.0,20.0,5
2023-03-22,2.6952789699570814,1.0,50.0,5
2023-03-23,2.680497925311203,1.0,35.0,5
2023-03-24,3.0072992700729926,1.0,16.0,5
2023-03-25,2.1666666666666665,1.0,8.0,5
2023-03-26,0.0,0.0,0.0,5
2023-03-27,2.727699530516432,1.0,16.0,5
2023-03-28,2.725663716814159,1.0,55.0,5
2023-03-29,3.014018691588785,1.0,50.0,5
2023-03-30,2.662037037037037,1.0,20.0,5
2023-03-31,2.853846153846154,1.0,20.0,5
2023-04-01,3.276595744680851,1.0,12.0,5
2023-04-02,0.0,0.0,0.0,5
2023-04-03,2.7411764705882353,1.0,15.0,5
2023-04-04,2.507936507936508,1.0,16.0,5
2023-04-05,3.022222222222222,1.0,50.0,5
2023-04-06,3.5039370078740157,1.0,24.0,5
2023-04-07,0.0,0.0,0.0,5
2023-04-08,0.0,0.0,0.0,5
2023-04-09,0.0,0.0,0.0,5
2023-04-10,2.581151832460733,1.0,20.0,5
2023-04-11,2.6451612903225805,1.0,26.0,5
2023-04-12,3.1538461538461537,1.0,50.0,5
2023-04-13,2.7224669603524227,1.0,12.0,5
2023-04-14,2.8537735849056602,1.0,14.0,5
2023-04-15,2.3114754098360657,1.0,8.0,5
2023-04-16,0.0,0.0,0.0,5
2023-04-17,2.7960199004975124,1.0,16.0,5
2023-04-18,2.5123152709359604,1.0,16.0,5
2023-04-19,3.0463917525773194,1.0,50.0,5
2023-04-20,2.766990291262136,1.0,20.0,5
2023-04-21,2.6233766233766236,1.0,10.0,5
2023-04-22,3.5555555555555554,1.0,16.0,5
2023-04-23,0.0,0.0,0.0,5
2023-04-24,2.506172839506173,1.0,16.0,5
2023-04-25,2.5873015873015874,1.0,16.0,5
2023-04-26,2.9726027397260273,1.0,50.0,5
2023-04-27,2.675,1.0,20.0,5
2023-04-28,2.7991803278688523,1.0,24.0,5
2023-04-29,2.65,1.0,20.0,5
2023-04-30,0.0,0.0,0.0,5
2023-05-01,0.0,0.0,0.0,5
2023-05-02,2.439153439153439,1.0,14.0,5
2023-05-03,2.8509615384615383,1.0,50.0,5
2023-05-04,2.9078341013824884,1.0,30.0,5
2023-05-05,2.602272727272727,1.0,15.0,5
2023-05-06,2.38,1.0,12.0,5
2023-05-07,0.0,0.0,0.0,5
2023-05-08,2.7885714285714287,1.0,15.0,5
2023-05-09,2.8325358851674642,1.0,20.0,5
2023-05-10,3.2116402116402116,1.0,50.0,5
2023-05-11,2.6774193548387095,1.0,14.0,5
2023-05-12,3.691666666666667,1.0,20.0,5
2023-05-13,2.8,1.0,10.0,5
2023-05-14,0.0,0.0,0.0,5
2023-05-15,2.6018957345971563,1.0,20.0,5
2023-05-16,2.559090909090909,1.0,19.0,5
2023-05-17,4.861751152073733,1.0,450.0,5
2023-05-18,2.7329842931937174,1.0,25.0,5
2023-05-19,2.1515151515151514,1.0,12.0,5
2023-05-20,2.4722222222222223,1.0,10.0,5
2023-05-21,0.0,0.0,0.0,5
2023-05-22,2.5925925925925926,1.0,20.0,5
2023-05-23,2.532967032967033,1.0,15.0,5
2023-05-24,2.779342723004695,1.0,16.0,5
2023-05-25,2.9681818181818183,1.0,32.0,5
2023-05-26,0.0,0.0,0.0,5
2023-05-27,3.2222222222222223,1.0,13.0,5
2023-05-28,0.0,0.0,0.0,5
2023-05-29,2.6804733727810652,1.0,15.0,5
2023-05-30,2.979899497487437,1.0,26.0,5
2023-05-31,2.8904109589041096,1.0,27.0,5
2023-06-01,2.588235294117647,1.0,20.0,5
2023-06-02,3.1826086956521737,1.0,16.0,5
2023-06-03,3.6923076923076925,1.0,18.0,5
2023-06-04,0.0,0.0,0.0,5
2023-06-05,2.7629310344827585,1.0,20.0,5
2023-06-06,2.7848101265822787,1.0,20.0,5
2023-06-07,2.8273092369477912,1.0,23.0,5
2023-06-08,2.5517241379310347,1.0,12.0,5
2023-06-09,2.546448087431694,1.0,19.0,5
2023-06-10,1.6756756756756757,1.0,6.0,5
2023-06-11,0.0,0.0,0.0,5
2023-06-12,2.989847715736041,1.0,10.0,5
2023-06-13,2.919047619047619,1.0,20.0,5
2023-06-14,2.591666666666667,1.0,16.0,5
2023-06-15,2.5,1.0,11.0,5
2023-06-16,3.0381679389312977,1.0,15.0,5
2023-06-17,2.66,1.0,15.0,5
2023-06-18,0.0,0.0,0.0,5
2023-06-19,3.130434782608696,1.0,50.0,5
2023-06-20,2.515957446808511,1.0,18.0,5
2023-06-21,3.1052631578947367,1.0,35.0,5
2023-06-22,3.014218009478673,1.0,16.0,5
2023-06-23,2.9044585987261144,1.0,15.0,5
2023-06-24,2.619047619047619,1.0,15.0,5
2023-06-25,0.0,0.0,0.0,5
2023-06-26,2.88412017167382,1.0,30.0,5
2023-06-27,2.4486486486486485,1.0,10.0,5
2023-06-28,3.203125,1.0,30.0,5
2023-06-29,2.4566210045662102,1.0,10.0,5
2023-06-30,2.413793103448276,1.0,11.0,5
2023-07-01,2.189189189189189,1.0,8.0,5
2023-07-02,0.0,0.0,0.0,5
2023-07-03,2.711206896551724,1.0,10.0,5
2023-07-04,2.3205741626794256,1.0,20.0,5
2023-07-05,2.7523809523809524,1.0,50.0,5
2023-07-06,2.6298076923076925,1.0,16.0,5
2023-07-07,2.725225225225225,1.0,30.0,5
2023-07-08,1.890625,1.0,10.0,5
2023-07-09,0.0,0.0,0.0,5
2023-07-10,2.653658536585366,1.0,20.0,5
2023-07-11,2.6218487394957983,1.0,20.0,5
2023-07-12,2.589108910891089,1.0,25.0,5
2023-07-13,2.963470319634703,1.0,20.0,5
2023-07-14,2.6184971098265897,1.0,12.0,5
2023-07-15,3.1,1.0,15.0,5
2023-07-16,0.0,0.0,0.0,5
2023-07-17,2.6636363636363636,1.0,21.0,5
2023-07-18,2.8143459915611815,1.0,24.0,5
2023-07-19,2.5555555555555554,1.0,36.0,5
2023-07-20,3.2282608695652173,1.0,80.0,5
2023-07-21,2.5876777251184833,1.0,10.0,5
2023-07-22,2.426470588235294,1.0,10.0,5
2023-07-23,0.0,0.0,0.0,5
2023-07-24,2.912663755458515,1.0,20.0,5
2023-07-25,2.6363636363636362,1.0,15.0,5
2023-07-26,2.7819148936170213,1.0,35.0,5
2023-07-27,2.850828729281768,1.0,11.0,5
2023-07-28,2.6377551020408165,1.0,16.0,5
2023-07-29,2.450980392156863,1.0,15.0,5
2023-07-30,0.0,0.0,0.0,5
2023-07-31,2.456896551724138,1.0,10.0,5
2023-08-01,3.0442477876106193,1.0,100.0,5
2023-08-02,2.772727272727273,1.0,20.0,5
2023-08-03,2.61139896373057,1.0,16.0,5
2023-08-04,2.3692946058091287,1.0,12.0,5
2023-08-05,2.2857142857142856,1.0,11.0,5
2023-08-06,0.0,0.0,0.0,5
2023-08-07,2.5476190476190474,1.0,13.0,5
2023-08-08,2.8,1.0,17.0,5
2023-08-09,2.7354260089686098,1.0,18.0,5
2023-08-10,2.934640522875817,1.0,20.0,5
2023-08-11,0.0,0.0,0.0,5
2023-08-12,1.9166666666666667,1.0,5.0,5
2023-08-13,0.0,0.0,0.0,5
2023-08-14,2.591743119266055,1.0,10.0,5
2023-08-15,2.593073593073593,1.0,14.0,5
2023-08-16,2.6262135922330097,1.0,15.0,5
2023-08-17,2.6952789699570814,1.0,30.0,5
2023-08-18,2.971264367816092,1.0,20.0,5
2023-08-19,2.046511627906977,1.0,6.0,5
2023-08-20,0.0,0.0,0.0,5
2023-08-21,2.7260273972602738,1.0,20.0,5
2023-08-22,2.8137254901960786,1.0,25.0,5
2023-08-23,2.6682464454976302,1.0,24.0,5
2023-08-24,2.8442211055276383,1.0,12.0,5
2023-08-25,2.7111111111111112,1.0,16.0,5
2023-08-26,1.9069767441860466,1.0,9.0,5
2023-08-27,0.0,0.0,0.0,5
2023-08-28,2.768181818181818,1.0,20.0,5
2023-08-29,2.369158878504673,1.0,10.0,5
2023-08-30,2.915929203539823,1.0,25.0,5
2023-08-31,2.8944444444444444,1.0,15.0,5
2023-09-01,3.018987341772152,1.0,20.0,5
2023-09-02,2.9444444444444446,1.0,30.0,5
2023-09-03,0.0,0.0,0.0,5
2023-09-04,2.643192488262911,1.0,10.0,5
2023-09-05,2.8098159509202456,1.0,15.0,5
2023-09-06,3.0655737704918034,1.0,18.0,5
2023-09-07,2.480952380952381,1.0,18.0,5
2023-09-08,2.9136363636363636,1.0,16.0,5
2023-09-09,2.3703703703703702,1.0,8.0,5
2023-09-10,0.0,0.0,0.0,5
2023-09-11,2.943820224719101,1.0,20.0,5
2023-09-12,2.8534031413612566,1.0,15.0,5
2023-09-13,2.984126984126984,1.0,35.0,5
2023-09-14,2.9,1.0,12.0,5
2023-09-15,3.1666666666666665,1.0,26.0,5
2023-09-16,1.8225806451612903,1.0,10.0,5
2023-09-17,0.0,0.0,0.0,5
2023-09-18,2.6912442396313363,1.0,12.0,5
2023-09-19,2.776595744680851,1.0,15.0,5
2023-09-20,3.2666666666666666,1.0,19.0,5
2023-09-21,2.6572769953051645,1.0,14.0,5
2023-09-22,2.553435114503817,1.0,14.0,5
2023-09-23,2.4782608695652173,1.0,10.0,5
2023-09-24,0.0,0.0,0.0,5
2023-09-25,3.186868686868687,1.0,15.0,5
2023-09-26,2.3676470588235294,1.0,14.0,5
2023-09-27,2.9766355140186915,1.0,50.0,5
2023-09-28,2.933920704845815,1.0,24.0,5
2023-09-29,2.683720930232558,1.0,15.0,5
2023-09-30,2.411764705882353,1.0,13.0,5
2023-10-01,0.0,0.0,0.0,5
2023-10-02,2.761421319796954,1.0,10.0,5
2023-10-03,2.904494382022472,1.0,16.0,5
2023-10-04,2.9371069182389937,1.0,20.0,5
2023-10-05,2.755952380952381,1.0,10.0,5
2023-10-06,2.9421965317919074,1.0,25.0,5
2023-10-07,2.9,1.0,10.0,5
2023-10-08,0.0,0.0,0.0,5
2023-10-09,0.0,0.0,0.0,5
2023-10-10,2.7039106145251397,1.0,11.0,5
2023-10-11,3.2098765432098766,1.0,30.0,5
2023-10-12,2.986666666666667,1.0,20.0,5
2023-10-13,3.5067567567567566,1.0,40.0,5
2023-10-14,2.382978723404255,1.0,9.0,5
2023-10-15,0.0,0.0,0.0,5
2023-10-16,3.142857142857143,1.0,16.0,5
2023-10-17,3.1496062992125986,1.0,16.0,5
2023-10-18,3.5703703703703704,1.0,28.0,5
2023-10-19,2.971223021582734,1.0,12.0,5
2023-10-20,3.2162162162162162,1.0,10.0,5
2023-10-21,2.7142857142857144,1.0,11.0,5
2023-10-22,0.0,0.0,0.0,5
2023-10-23,2.9770114942528734,1.0,20.0,5
2023-10-24,2.75974025974026,1.0,20.0,5
2023-10-25,3.012987012987013,1.0,40.0,5
2023-10-26,2.6587301587301586,1.0,15.0,5
2023-10-27,3.2298850574712645,1.0,12.0,5
2023-10-28,3.347826086956522,1.0,10.0,5
2023-10-29,0.0,0.0,0.0,5
2023-10-30,4.168539325842697,1.0,30.0,5
2023-10-31,3.533333333333333,1.0,10.0,5
2023-11-01,4.101694915254237,1.0,20.0,5
2023-11-02,3.5714285714285716,1.0,10.0,5
2023-11-03,0.0,0.0,0.0,5
2023-11-04,0.0,0.0,0.0,5
2023-11-05,0.0,0.0,0.0,5
2023-11-06,2.9685534591194966,1.0,15.0,5
2023-11-07,3.1076923076923078,1.0,72.0,5
2023-11-08,2.8106796116504853,1.0,20.0,5
2023-11-09,2.935,1.0,17.0,5
2023-11-10,2.798994974874372,1.0,18.0,5
2023-11-11,2.111111111111111,1.0,10.0,5
2023-11-12,0.0,0.0,0.0,5
2023-11-13,3.0729166666666665,1.0,33.0,5
2023-11-14,2.513227513227513,1.0,13.0,5
2023-11-15,2.2055555555555557,1.0,13.0,5
2023-11-16,3.0602409638554215,1.0,20.0,5
2023-11-17,2.6451612903225805,1.0,10.0,5
2023-11-18,2.267605633802817,1.0,9.0,5
2023-11-19,0.0,0.0,0.0,5
2023-11-20,3.0245098039215685,1.0,12.0,5
2023-11-21,2.7847533632286994,1.0,12.0,5
2023-11-22,2.8225806451612905,1.0,20.0,5
2023-11-23,2.7549019607843137,1.0,15.0,5
2023-11-24,2.772727272727273,1.0,18.0,5
2023-11-25,2.45,1.0,8.0,5
2023-11-26,0.0,0.0,0.0,5
2023-11-27,2.892018779342723,1.0,12.0,5
2023-11-28,2.89237668161435,1.0,15.0,5
2023-11-29,2.743478260869565,1.0,30.0,5
2023-11-30,2.5267857142857144,1.0,15.0,5
2023-12-01,2.6341463414634148,1.0,11.0,5
2023-12-02,2.4918032786885247,1.0,10.0,5
2023-12-03,0.0,0.0,0.0,5
2023-12-04,2.631818181818182,1.0,13.0,5
2023-12-05,3.144186046511628,1.0,59.0,5
2023-12-06,3.401639344262295,1.0,80.0,5
2023-12-07,2.8866666666666667,1.0,40.0,5
2023-12-08,0.0,0.0,0.0,5
2023-12-09,2.3947368421052633,1.0,10.0,5
2023-12-10,0.0,0.0,0.0,5
2023-12-11,3.2018348623853212,1.0,30.0,5
2023-12-12,3.0526315789473686,1.0,50.0,5
2023-12-13,3.577889447236181,1.0,130.0,5
2023-12-14,3.927601809954751,1.0,150.0,5
2023-12-15,2.6315789473684212,1.0,28.0,5
2023-12-16,2.3267326732673266,1.0,10.0,5
2023-12-17,0.0,0.0,0.0,5
2023-12-18,3.107142857142857,1.0,20.0,5
2023-01-03,1.9836065573770492,1.0,5.0,6
2023-01-04,1.8513513513513513,1.0,10.0,6
2023-01-05,1.8478260869565217,1.0,4.0,6
2023-01-06,1.607843137254902,1.0,4.0,6
2023-01-07,1.6829268292682926,1.0,5.0,6
2023-01-08,0.0,0.0,0.0,6
2023-01-09,1.8405797101449275,1.0,7.0,6
2023-01-10,1.765625,1.0,5.0,6
2023-01-11,1.8831168831168832,1.0,10.0,6
2023-01-12,1.7714285714285714,1.0,5.0,6
2023-01-13,1.96,1.0,10.0,6
2023-01-14,2.5,1.0,7.0,6
2023-01-15,1.0,1.0,1.0,6
2023-01-16,1.5396825396825398,1.0,4.0,6
2023-01-17,1.7142857142857142,1.0,5.0,6
2023-01-18,1.9611650485436893,1.0,10.0,6
2023-01-19,1.7623762376237624,1.0,8.0,6
2023-01-20,1.7234042553191489,1.0,4.0,6
2023-01-21,1.7027027027027026,1.0,4.0,6
2023-01-22,0.0,0.0,0.0,6
2023-01-23,1.6428571428571428,1.0,7.0,6
2023-01-24,2.0625,1.0,9.0,6
2023-01-25,1.8255813953488371,1.0,11.0,6
2023-01-26,1.8695652173913044,1.0,8.0,6
2023-01-27,1.6721311475409837,1.0,6.0,6
2023-01-28,1.76,1.0,4.0,6
2023-01-29,0.0,0.0,0.0,6
2023-01-30,1.6206896551724137,1.0,7.0,6
2023-01-31,1.8333333333333333,1.0,6.0,6
2023-02-01,1.9080459770114941,1.0,11.0,6
2023-02-02,1.9166666666666667,1.0,4.0,6
2023-02-03,1.8842105263157896,1.0,7.0,6
2023-02-04,1.4324324324324325,1.0,4.0,6
2023-02-05,0.0,0.0,0.0,6
2023-02-06,1.7654320987654322,1.0,4.0,6
2023-02-07,1.6987951807228916,1.0,8.0,6
2023-02-08,1.783132530120482,1.0,11.0,6
2023-02-09,2.026315789473684,1.0,20.0,6
2023-02-10,1.9391304347826086,1.0,8.0,6
2023-02-11,2.72,1.0,7.0,6
2023-02-12,0.0,0.0,0.0,6
2023-02-13,2.3275862068965516,1.0,28.0,6
2023-02-14,2.1621621621621623,1.0,20.0,6
2023-02-15,1.9714285714285715,1.0,16.0,6
2023-02-16,1.7173913043478262,1.0,11.0,6
2023-02-17,1.7951807228915662,1.0,11.0,6
2023-02-18,1.9,1.0,4.0,6
2023-02-19,0.0,0.0,0.0,6
2023-02-20,0.0,0.0,0.0,6
2023-02-21,0.0,0.0,0.0,6
2023-02-22,1.7701149425287357,1.0,11.0,6
2023-02-23,1.7195121951219512,1.0,5.0,6
2023-02-24,1.95,1.0,6.0,6
2023-02-25,1.7,1.0,6.0,6
2023-02-26,0.0,0.0,0.0,6
2023-02-27,2.017543859649123,1.0,12.0,6
2023-02-28,1.7625,1.0,6.0,6
2023-03-01,1.7142857142857142,1.0,11.0,6
2023-03-02,1.775,1.0,6.0,6
2023-03-03,1.8545454545454545,1.0,8.0,6
2023-03-04,1.7209302325581395,1.0,4.0,6
2023-03-05,0.0,0.0,0.0,6
2023-03-06,1.620253164556962,1.0,4.0,6
2023-03-07,1.735632183908046,1.0,10.0,6
2023-03-08,2.45,1.0,53.0,6
2023-03-09,1.7169811320754718,1.0,11.0,6
2023-03-10,1.5263157894736843,1.0,4.0,6
2023-03-11,1.5,1.0,3.0,6
2023-03-12,0.0,0.0,0.0,6
2023-03-13,1.6282051282051282,1.0,6.0,6
2023-03-14,1.9142857142857144,1.0,6.0,6
2023-03-15,1.7428571428571429,1.0,11.0,6
2023-03-16,1.5578947368421052,1.0,4.0,6
2023-03-17,1.5813953488372092,1.0,4.0,6
2023-03-18,1.75,1.0,3.0,6
2023-03-19,0.0,0.0,0.0,6
2023-03-20,2.0632911392405062,1.0,25.0,6
2023-03-21,1.6987951807228916,1.0,14.0,6
2023-03-22,1.755813953488372,1.0,6.0,6
2023-03-23,2.238095238095238,1.0,30.0,6
2023-03-24,1.7333333333333334,1.0,6.0,6
2023-03-25,1.9,1.0,8.0,6
2023-03-26,0.0,0.0,0.0,6
2023-03-27,2.0142857142857142,1.0,30.0,6
2023-03-28,1.7045454545454546,1.0,4.0,6
2023-03-29,1.7162162162162162,1.0,12.0,6
2023-03-30,1.8636363636363635,1.0,6.0,6
2023-03-31,1.614678899082569,1.0,6.0,6
2023-04-01,1.88,1.0,6.0,6
2023-04-02,0.0,0.0,0.0,6
2023-04-03,1.9322033898305084,1.0,5.0,6
2023-04-04,1.765625,1.0,5.0,6
2023-04-05,1.7846153846153847,1.0,7.0,6
2023-04-06,1.7938144329896908,1.0,6.0,6
2023-04-07,0.0,0.0,0.0,6
2023-04-08,0.0,0.0,0.0,6
2023-04-09,0.0,0.0,0.0,6
2023-04-10,2.457627118644068,1.0,50.0,6
2023-04-11,1.6883116883116882,1.0,5.0,6
2023-04-12,1.6842105263157894,1.0,5.0,6
2023-04-13,1.8529411764705883,1.0,11.0,6
2023-04-14,1.7701149425287357,1.0,8.0,6
2023-04-15,1.7142857142857142,1.0,4.0,6
2023-04-16,0.0,0.0,0.0,6
2023-04-17,1.6833333333333333,1.0,5.0,6
2023-04-18,1.7714285714285714,1.0,12.0,6
2023-04-19,1.6376811594202898,1.0,10.0,6
2023-04-20,1.7857142857142858,1.0,6.0,6
2023-04-21,2.0919540229885056,1.0,10.0,6
2023-04-22,1.6896551724137931,1.0,5.0,6
2023-04-23,0.0,0.0,0.0,6
2023-04-24,1.9259259259259258,1.0,30.0,6
2023-04-25,1.6176470588235294,1.0,4.0,6
2023-04-26,1.6597938144329898,1.0,10.0,6
2023-04-27,1.7037037037037037,1.0,6.0,6
2023-04-28,1.7,1.0,5.0,6
2023-04-29,1.8,1.0,4.0,6
2023-04-30,0.0,0.0,0.0,6
2023-05-01,0.0,0.0,0.0,6
2023-05-02,1.7534246575342465,1.0,7.0,6
2023-05-03,1.5675675675675675,1.0,4.0,6
2023-05-04,1.6329113924050633,1.0,7.0,6
2023-05-05,1.7096774193548387,1.0,10.0,6
2023-05-06,1.9411764705882353,1.0,4.0,6
2023-05-07,0.0,0.0,0.0,6
2023-05-08,1.88135593220339,1.0,7.0,6
2023-05-09,1.676923076923077,1.0,8.0,6
2023-05-10,1.588235294117647,1.0,5.0,6
2023-05-11,1.5,1.0,4.0,6
2023-05-12,1.8533333333333333,1.0,7.0,6
2023-05-13,1.84,1.0,5.0,6
2023-05-14,0.0,0.0,0.0,6
2023-05-15,1.7611940298507462,1.0,8.0,6
2023-05-16,1.641025641025641,1.0,10.0,6
2023-05-17,1.5797101449275361,1.0,6.0,6
2023-05-18,1.6493506493506493,1.0,6.0,6
2023-05-19,1.5542168674698795,1.0,6.0,6
2023-05-20,1.8857142857142857,1.0,7.0,6
2023-05-21,0.0,0.0,0.0,6
2023-05-22,1.4745762711864407,1.0,4.0,6
2023-05-23,1.5396825396825398,1.0,8.0,6
2023-05-24,1.6493506493506493,1.0,4.0,6
2023-05-25,1.703125,1.0,5.0,6
2023-05-26,0.0,0.0,0.0,6
2023-05-27,1.75,1.0,4.0,6
2023-05-28,0.0,0.0,0.0,6
2023-05-29,1.5593220338983051,1.0,5.0,6
2023-05-30,2.7051282051282053,1.0,34.0,6
2023-05-31,1.7976190476190477,1.0,7.0,6
2023-06-01,1.5643564356435644,1.0,8.0,6
2023-06-02,1.5945945945945945,1.0,7.0,6
2023-06-03,2.1481481481481484,1.0,6.0,6
2023-06-04,0.0,0.0,0.0,6
2023-06-05,1.7352941176470589,1.0,8.0,6
2023-06-06,2.1066666666666665,1.0,40.0,6
2023-06-07,1.9444444444444444,1.0,8.0,6
2023-06-08,1.5853658536585367,1.0,8.0,6
2023-06-09,1.7901234567901234,1.0,6.0,6
2023-06-10,1.9310344827586208,1.0,10.0,6
2023-06-11,0.0,0.0,0.0,6
2023-06-12,1.703125,1.0,4.0,6
2023-06-13,1.8,1.0,6.0,6
2023-06-14,1.875,1.0,10.0,6
2023-06-15,1.9125,1.0,6.0,6
2023-06-16,1.6666666666666667,1.0,7.0,6
2023-06-17,2.0,1.0,6.0,6
2023-06-18,0.0,0.0,0.0,6
2023-06-19,1.8024691358024691,1.0,10.0,6
2023-06-20,2.388888888888889,1.0,40.0,6
2023-06-21,1.6363636363636365,1.0,8.0,6
2023-06-22,1.7733333333333334,1.0,5.0,6
2023-06-23,1.6346153846153846,1.0,6.0,6
2023-06-24,1.9722222222222223,1.0,8.0,6
2023-06-25,0.0,0.0,0.0,6
2023-06-26,1.6133333333333333,1.0,7.0,6
2023-06-27,1.7285714285714286,1.0,5.0,6
2023-06-28,1.6764705882352942,1.0,6.0,6
2023-06-29,2.0125,1.0,6.0,6
2023-06-30,1.617283950617284,1.0,6.0,6
2023-07-01,1.92,1.0,4.0,6
2023-07-02,0.0,0.0,0.0,6
2023-07-03,1.6851851851851851,1.0,7.0,6
2023-07-04,1.4743589743589745,1.0,5.0,6
2023-07-05,1.9491525423728813,1.0,8.0,6
2023-07-06,1.635135135135135,1.0,5.0,6
2023-07-07,1.8666666666666667,1.0,6.0,6
2023-07-08,1.9333333333333333,1.0,4.0,6
2023-07-09,0.0,0.0,0.0,6
2023-07-10,2.015873015873016,1.0,7.0,6
2023-07-11,1.7837837837837838,1.0,6.0,6
2023-07-12,1.6142857142857143,1.0,5.0,6
2023-07-13,1.7790697674418605,1.0,8.0,6
2023-07-14,1.7162162162162162,1.0,7.0,6
2023-07-15,1.6944444444444444,1.0,6.0,6
2023-07-16,0.0,0.0,0.0,6
2023-07-17,1.532258064516129,1.0,6.0,6
2023-07-18,1.8405797101449275,1.0,5.0,6
2023-07-19,1.6395348837209303,1.0,5.0,6
2023-07-20,1.7702702702702702,1.0,13.0,6
2023-07-21,1.620253164556962,1.0,4.0,6
2023-07-22,1.68,1.0,5.0,6
2023-07-23,0.0,0.0,0.0,6
2023-07-24,1.469387755102041,1.0,4.0,6
2023-07-25,2.0327868852459017,1.0,6.0,6
2023-07-26,1.8,1.0,9.0,6
2023-07-27,1.6567164179104477,1.0,6.0,6
2023-07-28,1.796875,1.0,4.0,6
2023-07-29,1.5333333333333334,1.0,4.0,6
2023-07-30,0.0,0.0,0.0,6
2023-07-31,1.6491228070175439,1.0,4.0,6
2023-08-01,1.7714285714285714,1.0,4.0,6
2023-08-02,1.847457627118644,1.0,12.0,6
2023-08-03,1.7162162162162162,1.0,6.0,6
2023-08-04,1.7972972972972974,1.0,8.0,6
2023-08-05,1.71875,1.0,4.0,6
2023-08-06,0.0,0.0,0.0,6
2023-08-07,1.576271186440678,1.0,6.0,6
2023-08-08,1.7164179104477613,1.0,6.0,6
2023-08-09,1.8245614035087718,1.0,6.0,6
2023-08-10,1.4605263157894737,1.0,4.0,6
2023-08-11,0.0,0.0,0.0,6
2023-08-12,2.0625,1.0,6.0,6
2023-08-13,0.0,0.0,0.0,6
2023-08-14,1.7457627118644068,1.0,6.0,6
2023-08-15,1.8450704225352113,1.0,5.0,6
2023-08-16,1.894736842105263,1.0,4.0,6
2023-08-17,1.5609756097560976,1.0,5.0,6
2023-08-18,1.9240506329113924,1.0,8.0,6
2023-08-19,1.5483870967741935,1.0,4.0,6
2023-08-20,0.0,0.0,0.0,6
2023-08-21,1.5862068965517242,1.0,4.0,6
2023-08-22,1.6956521739130435,1.0,7.0,6
2023-08-23,2.1538461538461537,1.0,8.0,6
2023-08-24,1.8409090909090908,1.0,8.0,6
2023-08-25,1.671641791044776,1.0,8.0,6
2023-08-26,1.6129032258064515,1.0,4.0,6
2023-08-27,0.0,0.0,0.0,6
2023-08-28,1.8245614035087718,1.0,6.0,6
2023-08-29,1.7272727272727273,1.0,4.0,6
2023-08-30,1.9130434782608696,1.0,8.0,6
2023-08-31,1.8225806451612903,1.0,5.0,6
2023-09-01,1.8266666666666667,1.0,8.0,6
2023-09-02,1.7380952380952381,1.0,5.0,6
2023-09-03,0.0,0.0,0.0,6
2023-09-04,1.4375,1.0,4.0,6
2023-09-05,1.5714285714285714,1.0,5.0,6
2023-09-06,1.7258064516129032,1.0,5.0,6
2023-09-07,1.72,1.0,6.0,6
2023-09-08,1.4880952380952381,1.0,4.0,6
2023-09-09,1.3142857142857143,1.0,4.0,6
2023-09-10,0.0,0.0,0.0,6
2023-09-11,1.7234042553191489,1.0,5.0,6
2023-09-12,1.5901639344262295,1.0,4.0,6
2023-09-13,1.7272727272727273,1.0,5.0,6
2023-09-14,1.6666666666666667,1.0,6.0,6
2023-09-15,1.6274509803921569,1.0,8.0,6
2023-09-16,1.5384615384615385,1.0,5.0,6
2023-09-17,0.0,0.0,0.0,6
2023-09-18,1.9074074074074074,1.0,5.0,6
2023-09-19,1.518987341772152,1.0,5.0,6
2023-09-20,1.6031746031746033,1.0,4.0,6
2023-09-21,1.7586206896551724,1.0,8.0,6
2023-09-22,1.8805970149253732,1.0,7.0,6
2023-09-23,1.75,1.0,5.0,6
2023-09-24,0.0,0.0,0.0,6
2023-09-25,1.671875,1.0,6.0,6
2023-09-26,1.643835616438356,1.0,6.0,6
2023-09-27,1.6956521739130435,1.0,6.0,6
2023-09-28,1.6363636363636365,1.0,9.0,6
2023-09-29,2.0253164556962027,1.0,12.0,6
2023-09-30,1.8,1.0,8.0,6
2023-10-01,0.0,0.0,0.0,6
2023-10-02,1.53125,1.0,4.0,6
2023-10-03,1.5294117647058822,1.0,4.0,6
2023-10-04,1.705128205128205,1.0,5.0,6
2023-10-05,1.6764705882352942,1.0,5.0,6
2023-10-06,1.6307692307692307,1.0,8.0,6
2023-10-07,1.368421052631579,1.0,3.0,6
2023-10-08,0.0,0.0,0.0,6
2023-10-09,0.0,0.0,0.0,6
2023-10-10,1.3478260869565217,1.0,3.0,6
2023-10-11,1.8421052631578947,1.0,12.0,6
2023-10-12,1.5694444444444444,1.0,9.0,6
2023-10-13,1.917808219178082,1.0,8.0,6
2023-10-14,1.4838709677419355,1.0,3.0,6
2023-10-15,0.0,0.0,0.0,6
2023-10-16,1.5,1.0,5.0,6
2023-10-17,1.6938775510204083,1.0,9.0,6
2023-10-18,1.55,1.0,6.0,6
2023-10-19,1.5822784810126582,1.0,4.0,6
2023-10-20,1.8058252427184467,1.0,7.0,6
2023-10-21,1.84,1.0,6.0,6
2023-10-22,0.0,0.0,0.0,6
2023-10-23,1.5873015873015872,1.0,8.0,6
2023-10-24,1.5735294117647058,1.0,6.0,6
2023-10-25,1.7017543859649122,1.0,8.0,6
2023-10-26,1.690909090909091,1.0,4.0,6
2023-10-27,1.8604651162790697,1.0,17.0,6
2023-10-28,1.9166666666666667,1.0,7.0,6
2023-10-29,0.0,0.0,0.0,6
2023-10-30,1.75,1.0,19.0,6
2023-10-31,1.9841269841269842,1.0,11.0,6
2023-11-01,1.7857142857142858,1.0,10.0,6
2023-11-02,2.1176470588235294,1.0,8.0,6
2023-11-03,0.0,0.0,0.0,6
2023-11-04,0.0,0.0,0.0,6
2023-11-05,0.0,0.0,0.0,6
2023-11-06,1.5737704918032787,1.0,9.0,6
2023-11-07,1.7424242424242424,1.0,4.0,6
2023-11-08,1.9761904761904763,1.0,8.0,6
2023-11-09,1.9565217391304348,1.0,17.0,6
2023-11-10,1.6071428571428572,1.0,4.0,6
2023-11-11,1.4761904761904763,1.0,3.0,6
2023-11-12,0.0,0.0,0.0,6
2023-11-13,1.576271186440678,1.0,5.0,6
2023-11-14,1.7142857142857142,1.0,6.0,6
2023-11-15,1.6507936507936507,1.0,8.0,6
2023-11-16,1.5151515151515151,1.0,5.0,6
2023-11-17,1.775,1.0,9.0,6
2023-11-18,1.7586206896551724,1.0,6.0,6
2023-11-19,0.0,0.0,0.0,6
2023-11-20,1.92,1.0,6.0,6
2023-11-21,1.7945205479452055,1.0,8.0,6
2023-11-22,1.4230769230769231,1.0,4.0,6
2023-11-23,2.0,1.0,9.0,6
2023-11-24,1.671641791044776,1.0,6.0,6
2023-11-25,1.8148148148148149,1.0,7.0,6
2023-11-26,0.0,0.0,0.0,6
2023-11-27,1.6774193548387097,1.0,6.0,6
2023-11-28,1.893939393939394,1.0,9.0,6
2023-11-29,1.5964912280701755,1.0,4.0,6
2023-11-30,1.8133333333333332,1.0,10.0,6
2023-12-01,1.7727272727272727,1.0,6.0,6
2023-12-02,1.4848484848484849,1.0,6.0,6
2023-12-03,0.0,0.0,0.0,6
2023-12-04,1.507936507936508,1.0,5.0,6
2023-12-05,1.8823529411764706,1.0,10.0,6
2023-12-06,1.7088607594936709,1.0,5.0,6
2023-12-07,1.5555555555555556,1.0,7.0,6
2023-12-08,0.0,0.0,0.0,6
2023-12-09,1.7727272727272727,1.0,6.0,6
2023-12-10,0.0,0.0,0.0,6
2023-12-11,1.6349206349206349,1.0,10.0,6
2023-12-12,1.691358024691358,1.0,6.0,6
2023-12-13,2.0454545454545454,1.0,15.0,6
2023-12-14,1.7325581395348837,1.0,8.0,6
2023-12-15,2.073529411764706,1.0,23.0,6
2023-12-16,1.8571428571428572,1.0,7.0,6
2023-12-17,0.0,0.0,0.0,6
2023-12-18,2.6885245901639343,1.0,30.0,6
