FECHA,QH0889,QH0894,PRECIPITACION M0141,PRECIPITACION M0501,PRECIPITACION M0431,SST,SPI M0141,SPI M0501,SPI M0431
1980-01,54.521,15.784,119.3,245.5,,27.16,0.37,0.88,
1980-02,54.666,30.408,120.2,31.4,,27.57,0.39,-1.51,
1980-03,120.46,37.035,128.8,161.2,,27.85,0.57,-0.06,
1980-04,110.465,85.364,156.6,224.3,,28.18,1.16,0.65,
1980-05,92.278,46.099,75.3,82.8,,28.17,-0.56,-0.93,
1980-06,153.654,63.712,91.0,178.7,,27.86,-0.23,0.14,
1980-07,141.59,80.768,116.0,154.0,,27.37,0.30,-0.14,
1980-08,65.978,39.99,69.0,168.3,,26.92,-0.69,0.02,
1980-09,74.513,38.7,46.4,189.5,,26.87,-1.17,0.26,
1980-10,78.252,68.728,157.9,345.7,,26.86,1.18,2.00,
1980-11,57.877,46.307,172.9,103.8,,27.26,1.50,-0.70,
1980-12,56.097,39.157,111.3,19.9,,27.16,0.20,-1.64,
1981-01,41.517,,54.8,29.9,,27.15,-0.99,-1.52,
1981-02,82.59,,168.0,141.2,,27.28,1.40,-0.28,
1981-03,79.129,,250.1,97.4,,27.65,3.13,-0.77,
1981-04,91.654,,145.4,130.0,,27.85,0.92,-0.41,
1981-05,54.307,,114.5,140.1,,27.98,0.27,-0.29,
1981-06,106.142,,88.3,100.8,,27.42,-0.28,-0.73,
1981-07,90.242,,89.5,99.3,,26.82,-0.26,-0.75,
1981-08,53.67,,64.3,121.8,,26.30,-0.79,-0.50,
1981-09,39.961,,64.1,158.6,,26.30,-0.80,-0.09,
1981-10,40.806,,73.8,83.3,,26.32,-0.59,-0.93,
1981-11,30.064,,33.0,157.7,,26.33,-1.45,-0.10,
1981-12,54.812,,144.7,,,26.49,0.91,,
1982-01,37.346,,102.4,89.9,131.2,26.57,0.01,-0.85,0.26
1982-02,35.319,,60.8,63.0,76.1,26.85,-0.86,-1.15,-0.71
1982-03,50.699,,89.1,225.2,80.7,27.43,-0.27,0.66,-0.63
1982-04,70.06,,144.1,299.9,81.4,27.82,0.89,1.49,-0.62
1982-05,89.29,,178.1,178.0,126.8,27.99,1.61,0.13,0.18
1982-06,83.156,,53.9,271.5,,27.49,-1.01,1.17,
1982-07,103.968,,111.4,211.7,,26.79,0.20,0.51,
1982-08,91.149,,79.1,97.6,,26.33,-0.48,-0.77,
1982-09,58.912,,118.8,206.4,,26.22,0.36,0.45,
1982-10,49.69,,171.6,108.0,,26.24,1.47,-0.65,
1982-11,56.593,,85.8,190.3,,26.33,-0.34,0.27,
1982-12,63.055,,186.0,,,26.37,1.78,,
1983-01,106.734,64.747,146.9,174.7,117.5,26.45,0.95,0.09,0.01
1983-02,103.959,64.134,104.9,45.9,193.2,26.59,0.07,-1.35,1.35
1983-03,93.805,68.543,166.6,241.8,139.1,27.00,1.37,0.84,0.39
1983-04,67.7,96.25,149.7,222.9,145.3,27.29,1.01,0.63,0.50
1983-05,99.32,83.372,187.8,271.4,120.8,27.42,1.81,1.17,0.07
1983-06,78.231,37.671,59.3,131.0,54,27.15,-0.90,-0.40,-1.10
1983-07,74.531,29.4,50.5,110.4,147.2,26.68,-1.08,-0.63,0.54
1983-08,60.916,38.485,71.1,144.9,111.4,26.45,-0.65,-0.24,-0.09
1983-09,77.404,36.004,56.9,205.4,109,26.40,-0.95,0.44,-0.14
1983-10,80.16,57.62,140.5,237.8,159.9,26.57,0.82,0.80,0.76
1983-11,49.091,57.62,77.0,145.2,33,26.77,-0.52,-0.24,-1.47
1983-12,54.664,57.62,156.6,81.5,153.1,26.85,1.16,-0.95,0.64
1984-01,36.188,,50.2,96.0,134.8,26.92,-1.09,-0.79,0.32
1984-02,71.306,,179.2,194.0,222.2,27.17,1.63,0.31,1.86
1984-03,70.258,,142.2,145.8,147.8,27.50,0.85,-0.23,0.55
1984-04,59.251,,162.6,244.5,253.6,27.89,1.28,0.87,2.41
1984-05,59.251,,102.7,63.1,253.4,27.99,0.02,-1.15,2.41
1984-06,59.251,,93.0,181.0,322.6,27.69,-0.19,0.16,3.62
1984-07,59.251,,77.8,96.4,266.5,27.14,-0.51,-0.78,2.64
1984-08,59.251,,70.3,240.5,136.3,26.83,-0.66,0.83,0.35
1984-09,59.251,,119.9,122.1,169,26.69,0.38,-0.49,0.92
1984-10,59.251,,116.8,129.3,101,26.78,0.32,-0.41,-0.28
1984-11,59.251,,82.9,75.5,86.8,26.81,-0.40,-1.02,-0.53
1984-12,59.251,,71.4,165.7,104.2,27.65,-0.64,-0.01,-0.22
1985-01,37.068,22.431,67.7,56.2,63.2,27.27,-0.72,-1.23,-0.94
1985-02,51.012,20.028,43.8,39.2,115.7,27.38,-1.22,-1.42,-0.02
1985-03,70.17,17.865,27.5,96.5,63.6,27.62,-1.57,-0.78,-0.93
1985-04,47.152,24.897,129.5,165.6,159.1,28.97,0.58,-0.01,0.75
1985-05,95.662,41.707,72.6,159.9,204.7,28.14,-0.62,-0.07,1.55
1985-06,142.84,116.329,90.3,253.4,308.8,27.77,-0.24,0.97,3.38
1985-07,109.067,92.859,89.8,171.4,334.9,27.35,-0.25,0.06,3.84
1985-08,106.82,65.656,67.7,202.2,308.5,27.72,-0.72,0.40,3.38
1985-09,58.863,38.227,53.4,125.5,113.3,27.14,-1.02,-0.46,-0.06
1985-10,60.998,34.638,71.4,71.3,54.6,27.29,-0.64,-1.06,-1.09
1985-11,44.446,32.377,82.2,99.6,45.4,27.49,-0.41,-0.75,-1.25
1985-12,38.597,28.145,127.0,48.3,43,27.47,0.53,-1.32,-1.30
1986-01,56.387,29.358,75.0,16.5,116.8,27.44,-0.57,-1.67,0.00
1986-02,39.802,32.927,79.3,51.7,142.8,27.63,-0.47,-1.28,0.46
1986-03,48.969,68.292,100.8,91.8,113.3,27.84,-0.02,-0.83,-0.06
1986-04,110.325,55.609,153.5,121.6,235.6,28.21,1.09,-0.50,2.09
1986-05,95.221,54.909,90.1,119.6,229.1,28.36,-0.25,-0.52,1.98
1986-06,67.152,95.963,54.3,204.3,204.4,27.50,-1.00,0.42,1.54
1986-07,109.07,31.598,97.4,35.5,264.5,26.71,-0.09,-1.46,2.60
1986-08,60.707,57.498,26.3,104.6,180.4,26.20,-1.59,-0.69,1.12
1986-09,74.181,51.975,97.6,54.8,206.6,26.87,-0.09,-1.25,1.58
1986-10,52.972,51.359,112.2,60.9,249.3,26.21,0.22,-1.18,2.33
1986-11,58.022,31.263,101.5,63.6,195.4,26.33,-0.01,-1.15,1.39
1986-12,77.396,50.98,66.6,,94.4,26.50,-0.74,0.00,-0.39
1987-01,82.693,22.412,66.1,39.7,115.5,26.54,-0.75,-1.42,-0.02
1987-02,159.204,66.041,114.8,45.8,214,26.81,0.27,-1.35,1.71
1987-03,66.897,65.984,97.1,36.4,167.9,27.39,-0.10,-1.45,0.90
1987-04,79.98,53.212,147.6,30.6,291.1,28.94,0.97,-1.52,3.07
1987-05,75.38,87.197,119.2,89.0,200.7,28.19,0.37,-0.86,1.48
1987-06,85.714,54.536,48.6,67.9,171.4,27.61,-1.12,-1.10,0.96
1987-07,128.404,66.248,86.4,19.3,185.4,26.93,-0.32,-1.64,1.21
1987-08,66.555,44.073,68.5,33.1,127,26.56,-0.70,-1.49,0.18
1987-09,55.729,44.595,86.8,37.6,140.7,26.41,-0.32,-1.44,0.42
1987-10,42.775,41.985,94.3,48.9,87.5,26.25,-0.16,-1.31,-0.51
1987-11,29.617,12.548,97.6,18.0,117.9,26.30,-0.09,-1.66,0.02
1987-12,50.931,20.098,34.6,21.6,103,26.30,-1.42,-1.62,-0.24
1988-01,58.566,28.528,149.8,26.7,60.7,26.41,1.01,-1.56,-0.99
1988-02,86.096,53.615,140.9,39.1,132.6,26.50,0.83,-1.42,0.28
1988-03,70.677,26.818,52.8,26.2,94.8,26.82,-1.03,-1.57,-0.39
1988-04,76.246,97.131,264.4,70.4,165.6,27.36,3.43,-1.07,0.86
1988-05,74.711,115.031,102.2,56.8,134.6,26.82,0.01,-1.22,0.32
1988-06,52.489,76.016,53.2,83.3,83.6,26.29,-1.03,-0.93,-0.58
1988-07,80.348,89.167,81.8,,37.8,25.80,-0.42,,-1.39
1988-08,47.75,58.674,,,119.4,25.48,0.00,,0.05
1988-09,34.002,70.657,45.1,,129.2,25.46,-1.20,,0.22
1988-10,46.032,95.442,121.4,,26.8,25.79,0.41,,-1.58
1988-11,46.047,96.686,163.9,,,25.93,1.31,,
1988-12,30.533,36.795,121.3,,,26.79,0.41,,
1989-01,89.683,81.399,171.2,25.5,73.2,26.23,1.46,-1.57,-0.77
1989-02,67.634,112.597,175.2,,71.1,26.66,1.55,,-0.80
1989-03,57.115,150.28,159.7,,118.6,27.68,1.22,,0.03
1989-04,70.33,113.188,80.0,,76,27.46,-0.46,,-0.72
1989-05,114.82,147.675,81.6,,109.1,27.76,-0.43,,-0.13
1989-06,124.044,162.47,125.1,,161.2,27.41,0.49,,0.78
1989-07,85.142,150.524,95.0,,145.9,26.83,-0.14,,0.51
1989-08,64.808,102.647,31.8,,51.4,26.50,-1.48,,-1.15
1989-09,51.329,88.127,93.8,,55.7,26.50,-0.17,,-1.07
1989-10,72.784,125.155,103.2,,101.9,26.73,0.03,,-0.26
1989-11,50.671,86.871,27.2,,42.2,26.97,-1.57,,-1.31
1989-12,27.385,45.685,22.7,,17.5,27.20,-1.67,,-1.75
1990-01,88.546,26.785,101.5,94.6,96.9,27.14,-0.01,-0.80,-0.35
1990-02,72.805,53.502,62.7,146.6,62.4,27.27,-0.82,-0.22,-0.96
1990-03,145.554,64.937,118.8,303.6,136.1,27.62,0.36,1.53,0.34
1990-04,98.779,111.337,140.5,292.4,139.9,28.12,0.82,1.41,0.41
1990-05,83.997,71.779,128.4,85.9,85.1,28.23,0.56,-0.90,-0.56
1990-06,175.931,65.339,89.3,202.6,192.6,27.79,-0.26,0.40,1.34
1990-07,109.499,30.507,81.8,122.0,87.3,27.14,-0.42,-0.50,-0.52
1990-08,74.423,44.93,55.1,206.7,140.2,26.84,-0.99,0.45,0.41
1990-09,60.555,38.094,,170.3,79.1,26.97,0.00,0.04,-0.66
1990-10,46.545,32.153,153.9,153.5,116.5,27.13,1.10,-0.14,0.00
1990-11,77.091,53.94,91.2,112.7,93,27.37,-0.22,-0.60,-0.42
1990-12,84.838,53.94,55.7,,73.2,27.58,-0.97,0.00,-0.77
1991-01,53.264,,42.8,130.4,67.1,27.57,-1.24,-0.40,-0.87
1991-02,97.557,,63.1,134.9,102.8,27.78,-0.82,-0.35,-0.24
1991-03,89.39,,126.1,63.8,70,28.63,0.51,-1.15,-0.82
1991-04,71.198,,102.0,186.9,120.4,28.33,0.00,0.23,0.07
1991-05,79.929,,131.0,273.5,165.2,28.43,0.62,1.20,0.85
1991-06,103.776,,,289.4,160.3,27.93,0.00,1.37,0.77
1991-07,124.918,,118.9,209.1,137.4,27.44,0.36,0.48,0.36
1991-08,72.191,,87.1,141.1,138.6,27.29,-0.31,-0.28,0.39
1991-09,47.678,,61.7,99.3,62.2,26.93,-0.85,-0.75,-0.96
1991-10,46.283,,100.4,91.9,69.2,26.65,-0.03,-0.83,-0.84
1991-11,39.901,,158.6,107.3,84.7,26.90,1.20,-0.66,-0.56
1991-12,32.839,,88.1,80.1,35.5,26.73,-0.29,-0.96,-1.43
1992-01,48.697,,40.2,17.7,23.2,26.70,-1.30,-1.66,-1.65
1992-02,46.898,,109.8,115.8,56.5,26.82,0.17,-0.57,-1.06
1992-03,92.351,,152.6,162.5,109.9,27.11,1.07,-0.04,-0.12
1992-04,58.831,,,109.6,105.5,27.56,0.00,-0.63,-0.20
1992-05,117.258,,88.5,200.3,91.3,27.91,-0.28,0.38,-0.45
1992-06,120.819,,,193.7,180.3,27.69,0.00,0.31,1.12
1992-07,59.042,,58.8,111.8,179.6,27.16,-0.91,-0.61,1.11
1992-08,74.792,,39.6,111.3,65.2,26.83,-1.31,-0.62,-0.91
1992-09,45.181,,,92.5,87.2,26.90,0.00,-0.83,-0.52
1992-10,42.684,,,84.2,38.7,27.20,0.00,-0.92,-1.37
1992-11,62.66,,,208.8,64.6,27.44,0.00,0.47,-0.92
1992-12,69.928,,89.3,162.6,85.8,27.45,-0.26,-0.04,-0.54
1993-01,51.965,,130.9,200.6,44.4,27.54,0.61,0.38,-1.27
1993-02,63.713,,156.7,169.5,119.9,27.52,1.16,0.03,0.06
1993-03,102.225,,199.2,384.1,191.4,27.67,2.06,2.43,1.32
1993-04,93.823,,149.2,375.9,134.5,28.28,1.00,2.34,0.31
1993-05,51.86,,86.5,216.6,91.3,28.38,-0.32,0.56,-0.45
1993-06,135.743,,83.2,290.9,132.2,27.85,-0.39,1.39,0.27
1993-07,104.693,,99.5,217.6,204.8,27.26,-0.05,0.57,1.55
1993-08,86,,54.0,217.6,93.5,26.97,-1.01,0.57,-0.41
1993-09,74.195,,66.3,182.2,58.2,26.99,-0.75,0.18,-1.03
1993-10,78.334,,73.9,218.2,93.7,27.15,-0.59,0.58,-0.40
1993-11,58.029,,74.1,84.5,74.9,27.35,-0.58,-0.91,-0.74
1993-12,98.451,,122.5,27.1,98.5,26.98,0.44,-1.56,-0.32
1994-01,70.139,,98.2,88.8,46.6,26.85,-0.08,-0.87,-1.23
1994-02,90.094,,112.6,120.6,106.3,26.89,0.23,-0.51,-0.18
1994-03,116.098,,175.5,166.1,139.1,27.34,1.56,0.00,0.39
1994-04,117.281,,164.9,263.7,163.5,27.25,1.33,1.09,0.82
1994-05,157.58,,120.1,372.8,229.9,27.20,0.39,2.31,1.99
1994-06,142.507,,122.1,361.2,181.6,26.38,0.43,2.18,1.14
1994-07,85.731,,120.6,346.5,245.2,25.74,0.40,2.01,2.26
1994-08,91.964,,143.2,,117.2,25.21,0.87,0.00,0.01
1994-09,61.489,,96.5,299.8,85.4,25.38,-0.11,1.49,-0.55
1994-10,49.921,,38.2,199.4,138.8,25.41,-1.34,0.37,0.39
1994-11,68.895,,110.0,224.9,64.2,25.65,0.17,0.65,-0.92
1994-12,95.609,,96.2,220.3,,25.65,-0.12,0.60,0.00
1995-01,65.616,,48.7,169.8,36.4,25.68,-1.12,0.04,-1.41
1995-02,48.492,,78.7,221.2,41.7,25.99,-0.49,0.61,-1.32
1995-03,57.326,,112.9,174.0,42.9,26.25,0.23,0.09,-1.30
1995-04,45.009,,113.7,172.1,141.7,26.63,0.25,0.06,0.44
1995-05,86.041,,,401.6,152.5,26.73,0.00,2.63,0.63
1995-06,66.597,,,290.8,126.4,26.33,0.00,1.39,0.17
1995-07,80.377,,,246.7,142.6,25.94,0.00,0.90,0.46
1995-08,36.267,,21.9,91.6,44.4,25.73,-1.69,-0.84,-1.27
1995-09,37.92,,59.5,140.8,67.5,25.72,-0.89,-0.29,-0.87
1995-10,30.959,,138.3,116.3,40.7,25.98,0.77,-0.56,-1.34
1995-11,44.636,,155.1,177.9,92.5,26.25,1.12,0.13,-0.43
1995-12,38.749,,179.7,150.8,113.9,26.35,1.64,-0.17,-0.05
1996-01,35,,120.4,118.1,103.1,26.50,0.39,-0.54,-0.24
1996-02,59.599,,141.2,135.2,183.9,26.56,0.83,-0.35,1.18
1996-03,53.794,,190.5,74.6,95.5,27.11,1.87,-1.03,-0.37
1996-04,58.871,,250.8,81.1,125.6,27.79,3.14,-0.95,0.16
1996-05,66.929,,168.1,91.9,87.5,28.33,1.40,-0.83,-0.51
1996-06,64.935,,73.6,46.2,48.2,27.67,-0.59,-1.34,-1.21
1996-07,98.765,,162.0,,203.8,27.16,1.27,,1.53
1996-08,73.855,,68.4,,117.2,27.16,-0.70,,0.01
1996-09,58.916,,92.7,,101.5,27.00,-0.19,,-0.27
1996-10,51.87,,181.2,,109.2,27.20,1.68,,-0.13
1996-11,44.246,,37.8,,46.9,27.46,-1.35,,-1.23
1996-12,47.886,,63.5,,63.8,27.69,-0.81,,-0.93
1997-01,30.401,,118.1,64.2,72.8,27.72,0.34,-1.14,-0.77
1997-02,101.548,,117.0,141.7,112.5,27.95,0.32,-0.28,-0.07
1997-03,116.139,,165.8,108.7,156.5,28.15,1.35,-0.64,0.70
1997-04,110.179,,203.6,156.8,115.8,28.45,2.15,-0.11,-0.02
1997-05,150.667,,104.6,145.1,140,28.62,0.06,-0.24,0.41
1997-06,63.948,,52.6,148.6,61.6,28.58,-1.04,-0.20,-0.97
1997-07,122.466,,116.4,146.7,165.4,27.32,0.31,-0.22,0.86
1997-08,102.026,,68.6,137.3,169.7,27.00,-0.70,-0.32,0.93
1997-09,64.571,,50.2,163.8,71.7,26.80,-1.09,-0.03,-0.79
1997-10,38.567,,82.7,191.2,61.1,26.81,-0.40,0.28,-0.98
1997-11,60.263,,287.3,,65.1,26.91,3.91,,-0.91
1997-12,79.395,,101.8,,,27.47,0.00,,0.00
1998-01,68.032,,50.8,270.8,94.4,27.30,-1.08,1.17,-0.39
1998-02,49.887,,191.4,195.1,74.1,27.53,1.89,0.32,-0.75
1998-03,59.74,,190.0,270.8,96.9,27.79,1.86,1.17,-0.35
1998-04,88.818,,129.1,405.5,169.9,28.14,0.58,2.67,0.94
1998-05,72.617,,148.0,235.7,97.4,28.46,0.97,0.77,-0.34
1998-06,133.934,,117.7,201.8,201.1,28.12,0.34,0.40,1.49
1998-07,105.364,,132.2,171.2,191.7,27.42,0.64,0.05,1.32
1998-08,61.879,,62.8,98.8,66.1,26.91,-0.82,-0.75,-0.89
1998-09,41.327,,30.4,55.4,30.7,27.00,-1.51,-1.24,-1.51
1998-10,75.733,,,88.2,146.2,27.11,0.00,-0.87,0.52
1998-11,75.733,,57.7,52.2,53.2,27.28,-0.93,-1.28,-1.12
1998-12,75.733,,40.1,63.6,60.3,27.28,-1.30,-1.15,-0.99
1999-01,79.506,73.592,139.4,84.0,73.6,27.29,0.79,-0.92,-0.76
1999-02,75.988,81.748,196.4,231.8,125.2,27.28,2.00,0.73,0.15
1999-03,69.484,73.214,170.5,197.9,206.7,27.51,1.45,0.35,1.58
1999-04,173.175,44.947,227.1,233.8,194.9,27.73,2.64,0.75,1.38
1999-05,136.868,55.227,189.1,288.0,113.8,27.82,1.84,1.36,-0.05
1999-06,129.434,24.609,,211.8,116.9,27.29,0.00,0.51,0.00
1999-07,146.983,58.89,113.0,179.5,140.3,26.64,0.24,0.15,0.42
1999-08,96.406,58.89,95.7,145.1,128.1,25.99,-0.13,-0.24,0.20
1999-09,108.68,58.89,127.7,56.1,28.1,26.86,0.55,-1.23,-1.56
1999-10,64.146,58.89,63.4,66.8,79.8,26.25,-0.81,-1.11,-0.65
1999-11,34.642,58.89,43.9,85.1,,26.49,-1.22,-0.91,
1999-12,33.231,58.89,179.1,141.5,,26.69,1.63,-0.28,
2000-01,45.711,66.622,,102.4,44.9,26.83,0.00,-0.71,-1.26
2000-02,52.809,53.962,207.0,95.9,61.7,27.14,2.22,-0.79,-0.97
2000-03,62.402,67.692,150.5,203.6,81.7,27.49,1.03,0.42,-0.62
2000-04,86.388,46.701,191.0,268.5,123.6,28.00,1.88,1.14,0.12
2000-05,69.425,58.744,223.7,197.8,186.3,28.11,2.57,0.35,1.23
2000-06,76.668,58.744,103.1,214.8,132.6,27.53,0.03,0.54,0.28
2000-07,76.679,58.744,61.8,208.4,81.4,27.14,-0.84,0.47,-0.62
2000-08,85.051,58.744,68.3,75.9,124.1,26.61,-0.71,-1.01,0.13
2000-09,96.008,58.744,214.1,,124.8,26.41,2.37,,0.14
2000-10,62.187,58.744,48.9,,57.6,26.43,-1.12,,-1.04
2000-11,55.353,58.744,35.6,,47.7,26.67,-1.40,,-1.21
2000-12,74.113,58.744,50.3,,69.1,26.71,-1.09,,-0.84
2001-01,49.177,29.44,151.1,109.2,34.8,26.75,1.04,-0.64,-1.44
2001-02,45.531,46.197,87.1,231.8,91.6,26.87,-0.31,0.73,-0.44
2001-03,81.893,85.263,165.8,197.9,84.3,27.13,1.35,0.35,-0.57
2001-04,79.726,47.558,123.0,233.8,191.4,27.54,0.45,0.75,1.32
2001-05,103.164,110.235,107.6,,93.4,27.59,0.12,,-0.41
2001-06,225.034,46.793,139.8,,244.7,27.97,0.80,,2.25
2001-07,97.421,66.497,94.9,,105.7,26.42,-0.15,,-0.19
2001-08,97.421,45.044,89.3,,100.4,26.78,-0.26,,-0.29
2001-09,97.421,19.813,65.3,,83,26.75,-0.77,,-0.59
2001-10,97.421,22.713,39.3,,30.1,26.12,-1.32,,-1.52
2001-11,97.421,30.295,,,49.4,26.13,0.00,,-1.18
2001-12,97.421,49.986,,,51,26.16,0.00,,-1.16
2002-01,66.078,28.646,82.7,172.5,70.9,26.36,-0.40,0.07,-0.81
2002-02,44.8,18.538,90.9,194.6,134.6,26.64,-0.23,0.32,0.32
2002-03,30.845,28.966,116.7,,107.1,27.33,0.31,,-0.17
2002-04,47.86,64.283,128.0,,104.1,27.88,0.55,,-0.22
2002-05,47.396,79.756,126.8,,161.8,27.95,0.53,,0.79
2002-06,47.396,43.305,57.5,,152.6,27.42,-0.93,,0.63
2002-07,47.396,66.169,83.4,,153.6,27.37,-0.39,,0.65
2002-08,47.396,51.078,59.7,,112.8,26.74,-0.89,,-0.07
2002-09,47.396,19.386,,,49.6,26.69,0.00,,-1.18
2002-10,47.396,35.29,155.1,,149.1,27.37,1.12,,0.57
2002-11,47.396,57.931,121.1,,156.4,27.33,0.41,,0.70
2002-12,47.396,37.879,105.1,,77.9,27.39,0.07,,-0.68
2003-01,65.115,23.22,37.5,282.0,68.5,27.39,-1.36,1.29,-0.85
2003-02,69.356,17.963,46.8,92.7,50.7,27.64,-1.16,-0.82,-1.16
2003-03,67.593,24.413,87.0,285.6,68.9,28.24,-0.31,1.33,-0.84
2003-04,201.483,65.842,138.5,270.0,64.6,28.91,0.77,1.16,-0.92
2003-05,187.744,139.443,135.3,498.9,204.3,28.65,0.71,3.71,1.54
2003-06,311.115,56.339,96.6,218.6,124.4,28.11,-0.11,0.58,0.14
2003-07,308.395,60.979,71.9,350.1,129.1,27.76,-0.63,2.05,0.22
2003-08,49.287,28.766,30.9,293.7,57.1,27.41,-1.50,1.42,-1.05
2003-09,47.807,27.716,59.6,153.2,84.2,27.36,-0.89,-0.15,-0.57
2003-10,41.482,28.782,85.2,173.8,58.8,27.54,-0.35,0.08,-1.02
2003-11,23.252,27.481,138.0,138.5,123.9,27.63,0.76,-0.31,0.13
2003-12,115.387,47.001,98.7,152.2,106.1,27.71,-0.07,-0.16,-0.19
2004-01,156.917,14.645,55.9,24.7,56.9,27.63,-0.97,-1.58,-1.05
2004-02,126.613,13.797,117.2,124.3,62.5,27.48,0.33,-0.47,-0.95
2004-03,44.324,44.85,99.4,212.3,179.5,27.37,-0.05,0.51,1.11
2004-04,60.747,49.141,174.1,272.7,155.1,27.66,1.53,1.19,0.68
2004-05,58.874,46.358,126.7,536.7,110.5,27.88,0.53,4.14,-0.11
2004-06,216.43,128.841,120.2,484.1,251.4,27.41,0.39,3.55,2.37
2004-07,133.526,55.643,74.5,357.5,115.7,26.77,-0.58,2.13,-0.02
2004-08,84.595,43.862,54.5,129.6,107.6,26.12,-1.00,-0.41,-0.16
2004-09,49.749,50.276,86.0,236.4,86.4,26.15,-0.33,0.78,-0.53
2004-10,56.354,42.15,84.0,203.1,112.1,26.17,-0.38,0.41,-0.08
2004-11,58.822,51.216,128.4,310.2,150.2,26.26,0.56,1.61,0.59
2004-12,90.944,49.038,140.1,,,26.18,0.81,0.00,0.00
2005-01,35.746,16.357,59.0,,51.3,26.38,-0.90,0.00,-1.15
2005-02,100.454,102.422,146.6,,85.7,26.64,0.95,0.00,-0.55
2005-03,169.509,149.969,219.0,,159.4,26.96,2.47,0.00,0.75
2005-04,114.303,106.286,115.8,,227,27.29,0.30,0.00,1.94
2005-05,67.553,46.893,91.3,,96.3,27.37,-0.22,0.00,-0.36
2005-06,174.076,99.425,125.0,,164.9,26.85,0.49,0.00,0.85
2005-07,115.188,71.624,40.6,,90.2,26.32,-1.29,0.00,-0.47
2005-08,51.895,36.174,35.7,,44.6,26.42,-1.39,0.00,-1.27
2005-09,65.932,28.643,43.9,,78.9,25.81,-1.22,0.00,-0.66
2005-10,99.406,44.233,55.8,,43.8,25.88,-0.97,0.00,-1.28
2005-11,99.406,37.92,73.6,,158.4,25.89,-0.59,0.00,0.73
2005-12,99.406,67.797,210.9,,,25.96,2.30,0.00,0.00
2006-01,92.133,34.358,122.7,219.8,70.8,26.61,0.44,0.60,-0.81
2006-02,88.915,111.238,126.1,208.3,72,26.26,0.51,0.47,-0.79
2006-03,78.245,61.655,174.9,233.3,55.7,26.80,1.54,0.75,-1.07
2006-04,57.336,110.947,164.5,433.7,115.2,27.13,1.32,2.99,-0.03
2006-05,69.779,38.669,76.7,205.9,101.2,27.24,-0.53,0.44,-0.27
2006-06,95.122,39.326,89.7,349.2,137,26.93,-0.26,2.04,0.36
2006-07,100.828,41.52,40.5,193.6,70.6,26.30,-1.29,0.30,-0.81
2006-08,61.128,30.877,65.7,173.2,70.1,26.99,-0.76,0.08,-0.82
2006-09,48.917,25.87,54.6,117.0,85.7,26.71,-1.00,-0.55,-0.55
2006-10,45.425,20.791,57.0,132.5,60.2,26.26,-0.95,-0.38,-0.99
2006-11,38.734,34.053,190.4,79.0,68,26.56,1.87,-0.98,-0.86
2006-12,59.938,60.681,141.5,174.7,108.7,26.74,0.84,0.09,-0.14
2007-01,107.576,35.76,106.8,236.1,83.6,26.92,0.11,0.78,-0.58
2007-02,55.474,21.595,36.3,32.1,59.5,27.15,-1.38,-1.50,-1.01
2007-03,62.012,47.685,167.0,264.0,94.6,27.58,1.38,1.09,-0.39
2007-04,70.952,94.047,170.8,256.1,146.6,27.75,1.46,1.00,0.53
2007-05,86.933,89.595,107.5,312.8,111.1,27.97,0.12,1.64,-0.10
2007-06,185.8,193.659,209.3,386.7,235.5,27.68,2.27,2.46,2.09
2007-07,65.189,29.881,35.3,216.3,74.5,27.26,-1.40,0.56,-0.74
2007-08,100.64,59.851,104.7,178.0,141.8,26.84,0.06,0.13,0.44
2007-09,72.041,37.599,58.7,158.5,95.6,26.83,-0.91,-0.09,-0.37
2007-10,44.487,38.194,115.4,246.4,128.6,27.21,0.29,0.89,0.21
2007-11,103.44,61.671,147.2,360.9,106.6,27.28,0.96,2.17,-0.18
2007-12,44.872,44.431,107.5,114.7,88.2,27.53,0.12,-0.58,-0.50
2008-01,66.433,41.071,148.2,86.6,103.2,27.59,0.98,-0.89,-0.24
2008-02,95.803,91.019,223.9,176.7,159.1,27.90,2.58,0.12,0.75
2008-03,72.388,100.026,158.5,118.8,120.6,28.64,1.20,-0.53,0.07
2008-04,77.907,94.552,196.8,189.7,109.1,28.39,2.00,0.26,-0.13
2008-05,65.751,115.355,201.4,318.5,183.5,28.43,2.10,1.70,1.18
2008-06,74.723,75.667,96.6,148.6,123.2,28.14,-0.11,-0.20,0.11
2008-07,121.99,92.674,109.4,102.2,128.7,27.67,0.16,-0.72,0.21
2008-08,94.58,69.596,79.6,167.2,116.4,27.31,-0.47,0.01,0.00
2008-09,67.831,60.42,82.6,189.6,87.5,27.47,-0.40,0.26,-0.51
2008-10,58.757,82.162,152.9,108.4,116.6,27.39,1.08,-0.65,0.00
2008-11,39.095,41.435,121.3,,142.4,27.41,0.41,0.00,0.45
2008-12,34.499,78.543,70.8,,92.4,27.48,-0.65,0.00,-0.43
2009-01,63.386,63.813,169.3,160.9,124.1,27.36,1.42,-0.06,0.13
2009-02,62.16,58.105,110.5,77.0,60.9,27.47,0.18,-1.00,-0.98
2009-03,68.848,54.459,106.0,176.2,68.4,27.75,0.09,0.11,-0.85
2009-04,92.118,63.503,127.9,147.0,158,28.15,0.55,-0.22,0.73
2009-05,75.564,74.247,74.0,199.2,100.2,28.20,-0.59,0.37,-0.29
2009-06,94.618,65.911,100.5,177.1,125.6,27.58,-0.03,0.12,0.16
2009-07,131.839,60.108,81.0,201.2,146.5,26.93,-0.44,0.39,0.52
2009-08,93.5,47.184,60.5,166.7,141,26.57,-0.87,0.00,0.43
2009-09,64.303,30.854,,32.4,76.2,26.57,0.00,-1.50,-0.71
2009-10,61.915,24.378,97.2,194.8,88.7,26.59,-0.10,0.32,-0.49
2009-11,40.249,16.01,77.0,72.2,33.5,26.68,-0.52,-1.05,-1.46
2009-12,79.325,23.884,96.7,146.5,65.9,26.82,-0.11,-0.22,-0.89
2010-01,73.944,20.543,68.1,91.2,69.2,27.18,-0.71,-0.84,-0.84
2010-02,76.087,49.901,136.9,106.3,85,27.53,0.74,-0.67,-0.56
2010-03,70.487,25.058,80.0,130.2,66,28.32,-0.46,-0.40,-0.89
2010-04,68.972,50.437,109.6,181.6,170.1,28.43,0.16,0.17,0.94
2010-05,101.015,55.805,126.9,371.0,141.4,28.52,0.53,2.29,0.44
2010-06,153.764,83.845,111.0,250.3,176.9,27.84,0.19,0.94,1.06
2010-07,133.185,58.511,84.0,98.8,168.1,27.28,-0.38,-0.75,0.90
2010-08,44.98,43.025,39.5,30.8,62.6,26.82,-1.31,-1.51,-0.95
2010-09,45.855,27.666,38.3,26.1,52.5,26.72,-1.34,-1.57,-1.13
2010-10,24.472,18.817,36.1,178.1,85.2,26.76,-1.39,0.13,-0.55
2010-11,16.795,21.916,48.1,120.4,111.6,26.93,-1.13,-0.51,-0.09
2010-12,18.006,39.185,85.8,,132.9,27.66,-0.34,0.00,0.29
2011-01,25.056,47.718,115.3,181.3,117.2,27.19,0.28,0.17,0.01
2011-02,55.594,72.827,83.3,127.3,54.9,27.41,-0.39,-0.44,-1.09
2011-03,29.788,39.6,75.6,130.1,106.1,27.89,-0.55,-0.41,-0.19
2011-04,74.246,121.274,215.9,328.9,191.8,28.30,2.41,1.82,1.32
2011-05,61.368,103.972,112.1,269.8,173.7,28.37,0.22,1.16,1.00
2011-06,89.311,90.619,,191.1,120.6,28.13,0.00,0.28,0.07
2011-07,196.165,158.811,135.0,418.3,247.9,27.60,0.70,2.81,2.31
2011-08,61.008,30.954,53.6,132.1,112.1,27.22,-1.02,-0.38,-0.08
2011-09,93.605,69.978,81.5,175.8,152.9,27.19,-0.43,0.11,0.64
2011-10,48.072,51.804,101.6,139.2,64.7,27.50,0.00,-0.30,-0.91
2011-11,34.689,68.366,122.0,151.5,124.3,27.64,0.43,-0.17,0.13
2011-12,66.285,77.811,111.5,169.2,141.7,27.79,0.20,0.03,0.44
2012-01,92.72,75.086,130.3,222.6,91.9,29.00,0.60,0.63,-0.44
2012-02,88.486,91.801,129.5,224.3,114.6,28.85,0.58,0.65,-0.04
2012-03,111.152,74.874,91.3,357.1,100,28.29,-0.22,2.13,-0.29
2012-04,123.465,86.958,70.6,315.2,97.3,28.52,-0.66,1.66,-0.34
2012-05,103.808,67.274,55.1,157.1,139.4,28.55,-0.99,-0.10,0.40
2012-06,130.241,74.324,60.3,167.6,146.5,27.94,-0.88,0.01,0.52
2012-07,130.98,51.868,44.2,175.4,120.7,27.20,-1.22,0.10,0.07
2012-08,66.066,48.347,52.1,68.0,109.4,26.88,-1.05,-1.10,-0.13
2012-09,41.888,28.546,22.5,184.7,43.9,26.98,-1.67,0.20,-1.28
2012-10,50.543,33.743,80.2,152.4,65,27.88,-0.46,-0.16,-0.91
2012-11,68.433,33.698,102.1,101.5,33.2,27.46,0.01,-0.72,-1.47
2012-12,91.617,22.727,58.9,100.3,78.7,27.18,-0.91,-0.74,-0.67
2013-01,141.089,36.17,69.1,158.0,132.9,27.24,-0.69,-0.09,0.29
2013-02,98.931,48.222,85.1,210.3,90.3,27.42,-0.35,0.49,-0.46
2013-03,84.832,37.501,69.7,221.2,78,27.43,-0.68,0.61,-0.68
2013-04,64.213,28.688,36.8,173.0,47.2,27.71,-1.37,0.07,-1.22
2013-05,94.681,39.94,148.7,142.5,112.2,27.80,0.99,-0.27,-0.08
2013-06,175.599,88.294,107.6,283.4,160.1,27.54,0.12,1.31,0.76
2013-07,145.078,54.915,101.9,167.6,145.7,26.94,0.00,0.01,0.51
2013-08,87.063,34.734,41.5,107.0,98.6,26.26,-1.27,-0.66,-0.32
2013-09,51.577,33.824,32.8,107.8,77.3,26.32,-1.46,-0.65,-0.69
2013-10,69.954,13.825,71.5,125.4,122.7,26.44,-0.64,-0.46,0.11
2013-11,28.746,12.4,26.3,151.9,89.4,26.68,-1.59,-0.16,-0.48
2013-12,50.119,38.956,58.1,96.9,46,26.70,-0.92,-0.78,-1.24
2014-01,64.999,25.678,86.1,123.5,144.8,26.86,-0.33,-0.48,0.49
2014-02,60.545,13.352,47.9,129.6,62.8,27.15,-1.14,-0.41,-0.95
2014-03,125.423,50.189,139.8,198.4,178.8,27.70,0.80,0.36,1.09
2014-04,95.932,63.5,69.3,218.0,132.4,28.25,-0.69,0.58,0.28
2014-05,115.632,76.638,119.0,297.2,182.4,27.81,0.36,1.46,1.16
2014-06,190.301,77.804,66.0,244.1,163.4,27.46,-0.76,0.87,0.82
2014-07,180.275,74.12,68.8,140.8,171.9,26.96,-0.70,-0.29,0.97
2014-08,96.256,48.404,52.5,105.7,187.4,26.67,-1.04,-0.68,1.24
2014-09,47.668,24.673,83.5,201.0,92.1,26.62,-0.39,0.39,-0.43
2014-10,54.885,59.885,106.6,99.9,178.1,26.78,0.10,-0.74,1.08
2014-11,36.619,25.223,73.2,108.1,78.7,26.92,-0.60,-0.65,-0.67
2014-12,56.661,29.941,53.9,175.7,60.6,27.14,-1.01,0.10,-0.99
2015-01,115.944,44.621,96.8,250.0,131.1,27.67,-0.11,0.93,0.25
2015-02,104.317,33.786,38.0,383.5,114.9,27.33,-1.35,2.43,-0.03
2015-03,121.998,62.093,110.3,136.7,158.1,27.58,0.18,-0.33,0.73
2015-04,203.688,95.073,110.2,228.8,159.2,27.89,0.18,0.70,0.75
2015-05,150.572,58.866,48.1,53.1,169.6,27.99,-1.13,-1.27,0.93
2015-06,139.304,114.579,95.0,131.5,300.9,27.77,-0.14,-0.39,3.24
2015-07,139.304,102.536,103.5,223.2,227.9,27.28,0.04,0.64,1.96
2015-08,139.304,48.98,49.0,91.2,105.5,26.85,-1.11,-0.84,-0.20
2015-09,139.304,36.401,30.4,126.9,52.6,26.70,-1.51,-0.44,-1.13
2015-10,139.304,45.359,96.6,135.9,132.5,26.99,-0.11,-0.34,0.28
2015-11,139.304,24.895,51.4,149.7,96,27.30,-1.06,-0.19,-0.36
2015-12,139.304,23.305,31.6,126.5,68.2,27.78,-1.48,-0.45,-0.85
2016-01,,13.2432401676898,58.4,161.0,34,27.24,-0.92,-0.06,-1.46
2016-02,,31.3320435259737,87.2,218.1,146.1,27.38,-0.31,0.58,0.52
2016-03,,22.288,134.9,267.1,145.3,27.69,0.70,1.13,0.50
2016-04,,22.288,152.8,356.2,225.8,28.15,1.08,2.12,1.92
2016-05,,22.288,106.8,334.9,159.1,28.43,0.11,1.88,0.75
2016-06,,22.288,122.4,221.5,295.9,27.96,0.43,0.62,3.15
2016-07,,22.288,46.7,169.2,127.7,27.34,-1.16,0.03,0.19
2016-08,,22.288,36.4,189.8,95.5,27.70,-1.38,0.26,-0.37
2016-09,,22.288,68.9,163.7,101.7,27.11,-0.69,-0.03,-0.26
2016-10,,22.288,66.9,128.1,71.8,27.25,-0.74,-0.43,-0.79
2016-11,,22.288,42.9,165.2,35.1,27.49,-1.24,-0.01,-1.44
2016-12,,22.288,104.3,110.9,57.9,27.49,0.05,-0.62,-1.03
2017-01,7.37932253909177,83.6667803844824,86.3,187.0,89.4,27.52,-0.33,0.23,-0.48
2017-02,7.37932253909177,79.6150739906005,98.8,147.3,68.2,27.79,-0.06,-0.21,-0.85
2017-03,7.37932253909177,51.0957259012864,169.6,219.2,117.7,27.95,1.43,0.59,0.02
2017-04,7.37932253909177,63.3325987606642,107.6,201.1,79.9,27.96,0.12,0.39,-0.65
2017-05,7.37932253909177,20.6294959188984,122.2,65.4,120.3,28.41,0.43,-1.13,0.06
2017-06,7.37932253909177,17.8380568020511,78.5,191.3,65,27.90,-0.49,0.28,-0.91
2017-07,53.247,27.3459578805763,69.8,123.4,116.5,27.47,-0.68,-0.48,0.00
2017-08,53.247,9.22698916987131,30.3,166.5,94.2,27.15,-1.51,0.00,-0.40
2017-09,53.247,8.41670581805923,35.1,155.4,85.5,27.17,-1.41,-0.12,-0.55
2017-10,53.247,40.13,86.6,161.8,196.3,27.32,-0.32,-0.05,1.40
2017-11,53.247,40.13,78.9,134.5,103.3,27.67,-0.48,-0.36,-0.24
2017-12,53.247,40.13,53.7,161.8,103.3,27.67,-1.01,-0.05,-0.24
2018-01,7.37932253909177,34.1123348151362,,,117.8,27.72,,,
2018-02,7.37932253909177,14.2154703110943,,,281.8,28.00,,,
2018-03,7.37932253909177,11.8385209392207,,,,28.36,,,
2018-04,7.37932253909177,43.0274142469089,,,,28.81,,,
2018-05,7.37932253909177,53.6266068786837,,,,28.79,,,
2018-06,61.781,41.29,,,,28.38,,,
2018-07,61.781,41.29,,,,27.80,,,
2018-08,61.781,41.29,,,,27.53,,,
2018-09,61.781,41.29,,,,27.61,,,
2018-10,61.781,41.29,,,,27.73,,,
2018-11,61.781,41.29,,,,27.83,,,
2018-12,61.781,41.29,,,,27.86,,,
