0,1,2,3,4,5,6,7,8,9,10,11,12,13,14,15,16,17,18,19,20,21,22,23,24,25,26,27,28,29,30,31,32,33,34,35,36,37,38,39,40,41,42,43,humidity
0.0,0.0,0.0,0.0,0.0,0.0,0.0,0.0,0.0,0.0,0.0,5.3758682e-05,0.00039423036,0.0011289323,0.0031628027,0.009013539,0.02445124,0.070952505,0.08444593,0.10547454,0.13857196,0.19749148,0.28828093,0.3331605,0.37725157,0.36027277,0.3406867,0.2736048,0.25667083,0.13600051,0.056554135,0.025992325,0.014111655,0.013117119,0.012937923,0.012158423,0.044332996,0.35461915,0.09818128,0.124926224,0.13675313,0.008117561,8.959781e-06,0.0,10
0.0,0.0,0.0,0.0,0.0,0.0,0.0,0.0,0.0,0.0,1.760435e-05,0.00017604351,0.00037849354,0.00096823927,0.004049001,0.0068128835,0.012710341,0.035516776,0.062838726,0.084051974,0.09853155,0.11426984,0.18988933,0.26329947,0.3544548,0.41808572,0.3993987,0.3411107,0.37124935,0.23397942,0.13263997,0.060717404,0.031811062,0.023616236,0.01743711,0.01403947,0.018889468,0.14106366,0.1517847,0.08950052,0.119040616,0.040481202,0.0014171503,0.0,10
0.0,0.0,0.0,0.0,0.0,0.0,0.0,0.0,0.0,0.0,0.0,0.0,1.779674e-05,0.00037373154,0.002260186,0.005819534,0.016275119,0.052055463,0.07051958,0.08577139,0.110873684,0.13569124,0.20677142,0.27203205,0.34964365,0.40295377,0.41405895,0.35954753,0.34376183,0.22675715,0.1184551,0.055107605,0.031518027,0.03018327,0.023598477,0.01806369,0.02384763,0.14167984,0.120305955,0.10816858,0.121783085,0.02755825,0.0006762761,0.0,10
0.0,0.0,0.0,0.0,0.0,0.0,0.0,0.0,0.0,0.0,0.0,9.052808e-06,9.9580895e-05,0.00039832358,0.0015389774,0.00631886,0.012040235,0.031132609,0.060816765,0.08620989,0.09586924,0.10708567,0.16461627,0.20956346,0.26797217,0.32466087,0.35999396,0.31272927,0.42909405,0.39558962,0.2835249,0.15628769,0.07342733,0.063297234,0.045698576,0.02984711,0.022650126,0.03588533,0.07468567,0.08759497,0.10731199,0.082733616,0.01466555,5.431685e-05,10
0.0,0.0,0.0,9.011505e-06,0.0,9.011505e-06,2.7034515e-05,1.802301e-05,4.5057528e-05,9.0115056e-05,8.110355e-05,9.0115056e-05,0.00029737968,0.0008110355,0.0026583942,0.007308331,0.0144995125,0.04960834,0.07865242,0.09211561,0.09856784,0.12254746,0.18566404,0.253773,0.34099537,0.3923249,0.37694225,0.3100048,0.35321498,0.20429082,0.10516427,0.046913896,0.023547065,0.022727016,0.019077357,0.01586025,0.043084007,0.33989596,0.14347218,0.11528419,0.12897266,0.03560446,0.0011624842,0.0,10
0.0,0.0,0.0,0.0,0.0,0.0,0.0,0.0,0.0,1.8298631e-05,9.149316e-06,0.00016468768,0.00021043426,0.000841737,0.0026898987,0.008353326,0.018216288,0.055664435,0.08563759,0.100331396,0.11874897,0.141851,0.21000424,0.26997802,0.33408725,0.37814122,0.39343888,0.31916472,0.37536898,0.24751644,0.13314085,0.05913203,0.030595312,0.026359178,0.020604258,0.016743248,0.02553574,0.20682028,0.13209783,0.09650698,0.13882257,0.037759226,0.00088748365,0.0,10
0.0,0.0,0.0,0.0,0.0,0.0,0.0,0.0,0.0,0.0,3.676521e-05,0.00024816516,0.0007353042,0.0016911996,0.00479786,0.010110433,0.019209823,0.05668276,0.088015914,0.10174772,0.10922025,0.13153674,0.20234652,0.26845038,0.3407032,0.3926065,0.37626436,0.3209235,0.3451426,0.24202538,0.1253326,0.059578024,0.029816585,0.023640031,0.017610535,0.014981823,0.030248577,0.26110652,0.14062692,0.100608,0.147309,0.03915495,0.0012224432,0.0,10
0.0,0.0,0.0,0.0,0.0,8.947544e-06,8.947544e-06,6.263281e-05,0.000107370535,0.00020579352,0.00030421652,0.00060843304,0.000805279,0.0013510792,0.003731126,0.008688065,0.0165798,0.06381389,0.09641874,0.10131305,0.11222905,0.13355105,0.19817021,0.26836368,0.35046637,0.39310142,0.42803264,0.3253864,0.3445073,0.18329939,0.077262044,0.03494911,0.01989039,0.017313499,0.014530812,0.013170785,0.019845653,0.19137008,0.17013755,0.111325346,0.1676412,0.028623194,0.00037579687,0.0,10
0.0,0.0,0.0,0.0,0.0,0.0,0.0,1.8082752e-05,2.7124128e-05,9.041376e-06,9.041376e-06,0.00012657927,0.0005243998,0.0016545719,0.005081253,0.01274834,0.018806063,0.04776559,0.08864165,0.10414761,0.11716719,0.1266516,0.17825978,0.21516666,0.28067145,0.33902448,0.36660066,0.3479845,0.44622806,0.34522685,0.21202931,0.09394894,0.042015273,0.037006352,0.025216397,0.017648766,0.015813367,0.082611054,0.10913845,0.074229695,0.13578339,0.04816341,0.0022784267,0.0,10
0.0,0.0,0.0,0.0,0.0,0.0,0.0,0.0,0.0,0.0,8.842809e-06,7.074247e-05,0.0003006555,0.0010522943,0.0034486954,0.007967371,0.01709315,0.05481657,0.08394478,0.08948038,0.096395455,0.11888272,0.17357549,0.23196456,0.31343335,0.37744644,0.4269662,0.35170504,0.4142237,0.25942147,0.12690315,0.062837,0.02758072,0.025042834,0.017703302,0.013980481,0.01892361,0.15477568,0.106776915,0.08929468,0.14667566,0.03841316,0.00082238123,0.0,10
0.0,0.0,0.0,0.0,0.0,0.0,0.0,0.0,0.0,9.003334e-06,1.8006667e-05,4.501667e-05,6.302333e-05,0.00030611333,0.00156658,0.0059241937,0.011884401,0.037390843,0.082632594,0.098883614,0.10871525,0.12040158,0.19260831,0.24892417,0.31821382,0.372729,0.39008743,0.34605214,0.39446306,0.26302338,0.12702803,0.056531932,0.028999738,0.023309631,0.01712434,0.014198257,0.01747547,0.15842266,0.19386879,0.08985327,0.16039439,0.039362576,0.0013414967,0.0,10
0.0,0.0,0.0,0.0,0.0,0.0,0.0,0.0,1.8340452e-05,3.6680904e-05,4.5851128e-05,0.00011004271,0.00022008542,0.0008436608,0.0035121965,0.011435271,0.022650458,0.062641814,0.093169495,0.122679286,0.13078576,0.14808998,0.21586712,0.26589987,0.34632275,0.3934302,0.37980324,0.35664842,0.34437865,0.2548314,0.14049703,0.066080645,0.033040322,0.030270915,0.024236906,0.019229963,0.0199269,0.10861216,0.12434826,0.0903359,0.14604501,0.037717137,0.0007886394,0.0,10
0.0,0.0,0.0,0.0,0.0,0.0,0.0,0.0,0.0,8.928295e-06,8.928295e-06,5.356977e-05,0.00023213567,0.0007321202,0.0034284652,0.008321171,0.015517376,0.049632393,0.0807475,0.09183644,0.09663094,0.1149518,0.1809051,0.24628702,0.33348075,0.39246997,0.42284405,0.32888266,0.38538983,0.26997378,0.15596838,0.070979945,0.034525715,0.029347304,0.020811856,0.016936975,0.02105292,0.14099564,0.11365719,0.08700623,0.13490653,0.039507706,0.0011338935,0.0,10
0.0,0.0,0.0,0.0,0.0,0.0,0.0,0.0,0.0,0.0,8.945413e-06,1.7890827e-05,8.050872e-05,0.00028625323,0.001297085,0.005349357,0.012246271,0.03773175,0.07120549,0.090151876,0.107022926,0.114653364,0.17935553,0.22109483,0.28480408,0.33544406,0.3786862,0.32394025,0.43340528,0.35530287,0.24100733,0.11918869,0.04755382,0.034922894,0.022005716,0.01751512,0.014133753,0.03653307,0.12572779,0.0726457,0.13928904,0.06993524,0.0040791086,0.0,10
0.0,0.0,0.0,0.0,0.0,0.0,0.0,0.0,0.0,0.0,1.8457687e-05,0.00013843266,0.0005721883,0.0011997496,0.0038945721,0.009404192,0.021983106,0.076433286,0.10854966,0.12570608,0.1316956,0.16642374,0.2652462,0.32576895,0.38799906,0.39903674,0.36549914,0.28146127,0.2510984,0.17228405,0.09066416,0.043449398,0.02266604,0.023081338,0.018937588,0.027077427,0.21825293,0.21637024,0.074532144,0.112038165,0.06445424,0.013714062,0.00043375566,0.0,10
0.0,0.0,0.0,0.0,0.0,0.0,0.0,0.0,0.0,0.0,3.5637637e-05,0.00010691291,0.00026728227,0.00072166213,0.003376666,0.007207712,0.018602846,0.058124986,0.08373063,0.10078324,0.11445027,0.1334986,0.19860855,0.2526352,0.31373593,0.36541942,0.38122472,0.36460868,0.39595196,0.31459123,0.1639153,0.06470904,0.029686151,0.02293282,0.015422188,0.01387195,0.014985627,0.10244039,0.096676,0.084639385,0.13367678,0.029703971,0.0005969304,0.0,10
0.0,0.0,0.0,0.0,0.0,0.0,0.0,0.0,0.0,0.0,1.8147035e-05,9.073518e-05,0.0003538672,0.0016423067,0.004582126,0.012094999,0.02365466,0.05994873,0.08963728,0.09864728,0.116458595,0.1419824,0.1981384,0.2501841,0.32932332,0.37589768,0.3889091,0.35141733,0.37632415,0.3085268,0.17806777,0.08614398,0.043217164,0.03954239,0.025414923,0.018509977,0.02491588,0.09202361,0.07701602,0.074675046,0.12349965,0.040404372,0.0011614102,0.0,10
0.0,0.0,0.0,0.0,0.0,0.0,0.0,0.0,0.0,0.0,0.0,6.1311825e-05,0.00066567125,0.0015240369,0.0044494867,0.008951527,0.016545434,0.056021493,0.08197391,0.09068019,0.099290125,0.118866116,0.17245264,0.22732674,0.3142844,0.3826471,0.42530262,0.38210407,0.40097058,0.22022332,0.09697779,0.038241062,0.018813971,0.01800816,0.015494375,0.013873991,0.025470685,0.19354391,0.11970696,0.107400805,0.13419408,0.028693935,0.0005868418,0.0,10
0.0,0.0,0.0,0.0,0.0,0.0,0.0,8.878155e-06,0.0,5.326893e-05,0.00010653786,0.00015092864,0.00039063883,0.00088781555,0.0024770054,0.0050516706,0.011852337,0.050658755,0.07628999,0.08915444,0.09863631,0.12285592,0.18378669,0.24012747,0.3173408,0.37698424,0.36555806,0.27316308,0.25994352,0.12665576,0.049309276,0.023882238,0.014693347,0.01371675,0.012899959,0.038380265,0.25889587,0.46335092,0.12983415,0.12747255,0.1103821,0.02209773,0.00027522282,0.0,10
0.0,0.0,0.0,0.0,0.0,0.0,0.0,0.0,0.0,0.0,0.0,1.7994751e-05,7.1979004e-05,0.00074678217,0.0031670763,0.007476819,0.015340526,0.05477602,0.09036064,0.1031909,0.11115358,0.12705193,0.19015953,0.24348697,0.31832716,0.36895537,0.41135103,0.3231947,0.40092304,0.25252935,0.124163784,0.047389176,0.02173766,0.016717123,0.014341816,0.012875244,0.020747948,0.21941,0.12827559,0.09980789,0.15180372,0.038553756,0.0011516641,0.0,10
0.0,0.0,0.0,0.0,0.0,0.0,0.0,0.0,9.171079e-06,1.8342158e-05,4.5855395e-05,0.0001283951,0.00038518533,0.001504057,0.004897356,0.011271256,0.019250095,0.06282189,0.09988222,0.12072808,0.11966424,0.1502773,0.21847345,0.28103855,0.36003822,0.39643824,0.38269997,0.31013837,0.35086715,0.20820184,0.092371106,0.049175326,0.031144984,0.031044103,0.027283961,0.019947097,0.036225762,0.24175881,0.082732305,0.08926211,0.1423168,0.051128764,0.0017516761,0.0,10
0.0014744869,0.002317051,0.0034404695,0.004834712,0.0077335336,0.037082843,0.37772945,0.036721747,0.0011836018,0.0013139986,0.0014042732,0.0024675087,0.004644132,0.0067806337,0.011053637,0.022578709,0.031295232,0.06788658,0.10689529,0.13309501,0.16304615,0.16892405,0.24034137,0.27097458,0.31211978,0.31483805,0.31512895,0.26718304,0.30823797,0.2805136,0.18115126,0.0878072,0.04333186,0.029790655,0.017272562,0.014965541,0.05404446,0.08225029,0.0950693,0.091488406,0.14214255,0.026430428,0.00031094623,0.0,10
0.0,0.0,0.0,0.0,0.0,0.0,0.0,0.0,0.0,4.6586934e-05,0.000102491256,0.0005124563,0.001807573,0.003251768,0.007947731,0.015159388,0.019165864,0.048189525,0.08819838,0.1140914,0.13078816,0.1395465,0.21093632,0.25967556,0.3269471,0.38137928,0.39459133,0.31817013,0.3761895,0.2615018,0.15429592,0.07978478,0.040418822,0.037455894,0.02663841,0.021765415,0.021374086,0.15068078,0.139062,0.091291755,0.14370206,0.051366754,0.0025995509,1.8634773e-05,10
0.0,0.0,0.0,0.0,0.0,0.0,0.0,0.0,0.0,1.7978853e-05,1.7978853e-05,0.00014383082,0.0003775559,0.001051763,0.004000295,0.011048005,0.019992484,0.048830565,0.08020366,0.101247914,0.119505435,0.14067553,0.2059118,0.25162303,0.31675142,0.36623824,0.37914705,0.35051572,0.38439688,0.3236643,0.17920421,0.07907099,0.032056294,0.024828795,0.01755635,0.013609991,0.014814575,0.08298139,0.11306002,0.0818757,0.13710673,0.033440668,0.00082702725,0.0,10
0.0,0.0,0.0,0.0,0.0,0.0,0.0,3.4878183e-05,6.103682e-05,4.3597727e-05,1.7439092e-05,7.847591e-05,0.00019183001,0.0006888441,0.0020578129,0.0058595347,0.012652061,0.04088595,0.06390555,0.07749932,0.08704723,0.11494977,0.17782642,0.24550754,0.3369494,0.3895457,0.41996822,0.2980428,0.313738,0.20546737,0.07496194,0.0276584,0.0136548085,0.015241766,0.012774135,0.012965964,0.067672394,0.3827096,0.13609467,0.11287452,0.11776619,0.03013475,0.0007062832,0.0,10
0.0,0.0,0.0,0.0,0.0,0.0,0.0,0.0,0.0,2.705238e-05,5.410476e-05,0.00026150633,0.0008476412,0.0018305443,0.0040308046,0.0083682025,0.013814748,0.04593494,0.09102224,0.09984132,0.102258,0.11158205,0.17112434,0.22954845,0.3093079,0.37881446,0.39511803,0.34110346,0.40296322,0.23072073,0.10155463,0.044915967,0.024220897,0.02321094,0.01917112,0.015717432,0.018630072,0.20179272,0.23300214,0.09821817,0.16130432,0.046070203,0.0016231427,0.0,10
0.0,0.0,0.0,0.0,0.0,0.0,2.6724116e-05,5.344823e-05,5.344823e-05,8.9080386e-05,8.9080386e-05,0.0003206894,0.00038304567,0.0010333324,0.0030821813,0.0065117762,0.013192805,0.045662604,0.07449792,0.09071056,0.10381428,0.12518467,0.1873806,0.245461,0.33107617,0.39036807,0.40596604,0.32954398,0.3948221,0.28011328,0.1579128,0.059977822,0.027534747,0.023062913,0.016729297,0.014938781,0.034126695,0.15753867,0.10727951,0.08581114,0.12479271,0.039827842,0.0013718379,0.0,10
0.0,0.0,0.0,0.0,0.0,0.0,0.0,0.0,0.0,0.0,4.374288e-05,7.873718e-05,0.00012248007,0.00053366314,0.0030182586,0.011066949,0.018975662,0.044259045,0.0642233,0.07734616,0.09350478,0.11725716,0.18330017,0.25850293,0.33498296,0.39080763,0.41765702,0.36617166,0.37314427,0.25535342,0.113425285,0.051039193,0.024907196,0.021416513,0.015327505,0.014137698,0.021451509,0.16572428,0.13535796,0.10412555,0.10958466,0.02322747,0.000804869,0.0,10
0.0,0.0,0.0,0.0,0.0,1.7996725e-05,3.599345e-05,0.00017096888,0.00017096888,0.00010798035,0.0002159607,0.00044091974,0.00061188865,0.0011517904,0.0025465365,0.007333665,0.014658332,0.0477993,0.084656596,0.10260832,0.11707769,0.12457333,0.19359976,0.24491742,0.32116055,0.38162956,0.39148274,0.35536334,0.40123698,0.25899985,0.13720703,0.06684884,0.030612428,0.02373768,0.017330846,0.01351554,0.0146313375,0.131889,0.15129846,0.09184629,0.1434249,0.04319214,0.0015837117,0.0,10
0.0,0.0,0.0,0.0,0.0,0.0,0.0,0.0,3.6409252e-05,9.102313e-06,9.102313e-06,3.6409252e-05,0.00022755783,0.0008465151,0.0034497767,0.009120517,0.017385418,0.04659474,0.077360556,0.10045312,0.11585424,0.15342858,0.24890275,0.3245794,0.38122308,0.41033226,0.3739139,0.29917482,0.3328716,0.19134882,0.10956454,0.06760288,0.044919915,0.04501094,0.0326591,0.023784343,0.0271522,0.16284949,0.106751926,0.09263424,0.12546629,0.037683576,0.0017294395,0.0,11
0.0,0.0,0.0,0.0,0.0,0.0,1.837626e-05,7.350504e-05,3.675252e-05,0.00011944569,6.431691e-05,9.18813e-05,0.0007534267,0.0015160415,0.0039784606,0.0096567245,0.018532459,0.055753574,0.092414215,0.11228814,0.12634598,0.16816115,0.25121266,0.32107002,0.38551557,0.4008046,0.37038273,0.2817632,0.31626463,0.17890209,0.09483988,0.052225333,0.03017382,0.028428074,0.022538483,0.019341014,0.027794095,0.1956061,0.11777345,0.10180448,0.16372329,0.05081955,0.0015619821,0.0,11
0.0,0.0,0.0,0.0,0.0,0.0,0.0,0.0,0.0,1.8799108e-05,0.0001033951,0.00036658262,0.0008271608,0.0017013192,0.0052167526,0.010273713,0.021017402,0.07195359,0.10979619,0.13626534,0.15892766,0.20482568,0.3060777,0.35284045,0.3789994,0.35719246,0.32204753,0.26015145,0.23436849,0.1432586,0.08078916,0.045587838,0.028725037,0.026647735,0.023113504,0.051161774,0.30599308,0.16468959,0.086964674,0.11492835,0.070872635,0.017765157,0.0009775537,0.0,11
0.0,0.0,0.0,0.0,0.0,0.0,0.0,0.0,0.0,0.0,0.0,6.403173e-05,0.00021038998,0.0012074555,0.0036955457,0.008589399,0.020965818,0.06930063,0.09973399,0.11010714,0.13780543,0.17434926,0.2615239,0.32306752,0.39010876,0.40391216,0.37973562,0.2786295,0.27980953,0.16533908,0.083479084,0.049432497,0.027122011,0.024734544,0.019063162,0.01461753,0.027926983,0.20814887,0.110957846,0.09857228,0.16828454,0.043102503,0.0010062129,0.0,11
0.0,0.0,0.0,0.0,0.0,0.0,0.0,0.0,0.0,2.7590562e-05,5.5181124e-05,0.00031269304,0.0005702049,0.0013795281,0.0042397496,0.010889076,0.023231253,0.06204198,0.0952978,0.11045422,0.13099998,0.16775982,0.26411524,0.33431485,0.3937725,0.39915267,0.3601948,0.28109264,0.27760705,0.15195961,0.093394056,0.051373627,0.027618153,0.023424387,0.019892795,0.01634281,0.03125091,0.232147,0.13385102,0.10423715,0.15884806,0.04303208,0.0012691659,0.0,11
0.0,0.0,0.0,0.0,0.0,0.0,0.0,3.669828e-05,4.5872846e-05,3.669828e-05,0.00010092027,9.174569e-05,0.00029358623,0.0011651703,0.0039725886,0.010202121,0.02130335,0.06413942,0.09939729,0.113480255,0.13631576,0.18556485,0.26856717,0.33045882,0.39371747,0.40189204,0.3616432,0.26680565,0.2837878,0.16965614,0.08709419,0.044294823,0.022596965,0.019780371,0.015486673,0.014092139,0.061221905,0.2307129,0.10510387,0.09510359,0.14320585,0.043817744,0.0012569161,0.0,11
0.0,0.0,0.0,0.0,0.0,0.0,0.0,0.0,0.0,0.0,0.0,8.010208e-05,0.0003115081,0.0012816333,0.0044857166,0.009665651,0.021422857,0.06369006,0.09478746,0.12034003,0.1460973,0.1999971,0.3067999,0.3725192,0.41659313,0.3917793,0.31590483,0.21842948,0.20407341,0.104034804,0.051292036,0.031675924,0.019455906,0.015557605,0.016714634,0.06038807,0.33565444,0.09534818,0.07395203,0.10255737,0.06722345,0.0142581705,0.0005696148,0.0,11
0.0,0.0,0.0,0.0,0.0,0.0,0.0,0.0,0.0,0.0,1.8113216e-05,5.433965e-05,0.00027169826,0.00081509474,0.0033418883,0.008658118,0.0176785,0.051115498,0.08265061,0.10858873,0.12868534,0.16449517,0.2515292,0.30851334,0.37200925,0.3956198,0.38200772,0.3079247,0.3407549,0.19424613,0.10255703,0.05251927,0.030086052,0.024869446,0.017343404,0.01444529,0.023438502,0.16157895,0.12315176,0.09341891,0.13824007,0.042747192,0.0016845291,0.0,11
0.0,0.0,0.0,0.0,0.0,0.0,0.0,0.0,0.0,0.0,0.0,1.780567e-05,0.00010683402,0.0005875871,0.0028934216,0.0078255925,0.01711125,0.057877332,0.0854049,0.10384267,0.12648258,0.17121933,0.25701594,0.33338448,0.3859112,0.40360114,0.34619567,0.25319663,0.2323373,0.11353786,0.05381764,0.029771082,0.016835261,0.015455322,0.013140585,0.013710367,0.062230818,0.36844385,0.1303197,0.10792017,0.13898216,0.02838224,0.00051636447,0.0,11
0.0,0.0,0.0,0.0,0.0,0.0,0.0,0.0,2.698203e-05,1.798802e-05,0.00010792812,0.00013491015,0.0003417724,0.0007734849,0.0028061313,0.007024322,0.01394971,0.044043668,0.08090112,0.10485217,0.13180722,0.154661,0.24966474,0.30549055,0.3672704,0.39053792,0.3850066,0.3315732,0.33955088,0.22173834,0.12450409,0.06734715,0.03155998,0.025677899,0.017484356,0.0142734945,0.019193219,0.12325392,0.09419427,0.08272691,0.13058403,0.052363127,0.0023474367,0.0,11
0.0,0.0,0.0,0.0,0.0,0.0,9.25304e-05,0.00015730168,0.00041638679,0.0005089172,0.0002775912,0.0007217371,0.0012769195,0.0023780314,0.0053482573,0.01059473,0.016997835,0.04498828,0.076652184,0.10071009,0.117374815,0.13281813,0.2080361,0.2751669,0.35072723,0.3930969,0.38613862,0.31395563,0.35697302,0.24346599,0.15321183,0.082296535,0.04285083,0.034310274,0.0220685,0.017358704,0.018848442,0.098147,0.1766868,0.10945421,0.16532406,0.067954324,0.003238564,0.0,11
0.0,0.0,0.0,0.0,1.8399764e-05,9.199882e-06,3.6799527e-05,9.199882e-06,0.0,0.0,9.1998816e-05,0.00018399763,0.00041399468,0.0017571774,0.0050139357,0.01092946,0.019660147,0.05072815,0.081520155,0.11018699,0.13621345,0.18530402,0.2736781,0.3254274,0.37561277,0.38862142,0.37032285,0.29298863,0.32907057,0.19342752,0.1166821,0.06598155,0.04051628,0.03660633,0.026569258,0.01874936,0.020975731,0.12536679,0.115854114,0.10063751,0.1406018,0.046165008,0.0015363803,0.0,11
0.0,0.0,0.0,0.0,0.0,0.0,0.0,0.0,0.0,0.0,0.0,1.8186864e-05,0.0002273358,0.00056379277,0.0018459667,0.006001665,0.015331526,0.048722606,0.075830124,0.10197374,0.12385254,0.17026542,0.27926838,0.3413765,0.39170867,0.38638902,0.3484421,0.24819613,0.21074028,0.12929042,0.055760924,0.0315633,0.018286891,0.018505134,0.01658642,0.018668815,0.23571993,0.30506644,0.12647144,0.110085085,0.110839844,0.032163467,0.0013367345,0.0,11
0.0,0.0,0.0,0.0,0.0,0.0,0.0,0.0,0.0,0.0,1.7589526e-05,3.517905e-05,0.00020227954,0.0005980439,0.0025768655,0.007449164,0.01632308,0.04891647,0.0740607,0.089688994,0.12013646,0.17404835,0.27348194,0.33983845,0.39995942,0.41229847,0.3771722,0.31633884,0.29359558,0.16683665,0.09127205,0.051968254,0.028108062,0.024941947,0.016657282,0.014370643,0.027123049,0.1264511,0.09963587,0.089126125,0.11870291,0.028407084,0.00065960723,0.0,11
0.0,0.0,0.0,0.0,0.0,0.0,0.0,0.0,0.0,1.8314897e-05,3.6629794e-05,0.00017399152,0.00043040008,0.0009432172,0.0029120685,0.012252666,0.024358813,0.060164437,0.09105251,0.108158626,0.12842406,0.1602004,0.2553005,0.31780925,0.37663668,0.39856878,0.36328512,0.3124155,0.3337707,0.21552055,0.11413844,0.0603018,0.03517376,0.031922866,0.022087766,0.01694128,0.030878916,0.14295693,0.099797875,0.08890966,0.13386358,0.04779272,0.0017857024,0.0,11
0.0,0.0,0.0,0.0,0.0,0.0,0.0,9.314408e-06,2.7943224e-05,8.382967e-05,7.4515265e-05,0.0003632619,0.0010245849,0.001825624,0.0048248633,0.014204472,0.023360536,0.059500437,0.102402605,0.13686591,0.1526911,0.17539962,0.27076983,0.31899053,0.3798136,0.39928073,0.34457722,0.30544737,0.3052704,0.21289012,0.12659211,0.06835844,0.037471864,0.036242362,0.023910085,0.017902292,0.01967203,0.12434735,0.10907172,0.082395256,0.14618963,0.05356716,0.0019373968,0.0,11
0.0,0.0,0.0,0.0,0.0,0.0,0.0,0.0,0.0,0.0,0.0,4.452893e-05,0.00017811572,0.0004363835,0.0022531638,0.006519035,0.016689442,0.049925834,0.07441675,0.093777925,0.1219113,0.16652928,0.26177666,0.34472516,0.40533793,0.40952367,0.37353536,0.28592026,0.25506172,0.14690094,0.08155919,0.04321978,0.023021456,0.019503672,0.016351022,0.014329409,0.040013697,0.24647653,0.12368355,0.10310228,0.116318464,0.035427216,0.00089057855,0.0,11
0.0,0.0,0.0,0.0,0.0,0.0,0.0,0.0,0.0,8.804464e-06,1.7608929e-05,7.924018e-05,0.00032576517,0.0009861,0.0026677528,0.0064536724,0.013048217,0.03571091,0.05788055,0.079125725,0.10249277,0.13775465,0.21822746,0.2735459,0.35078746,0.4001189,0.4102264,0.32291254,0.3646897,0.26850095,0.15722132,0.0733588,0.034487087,0.027249817,0.01907047,0.015064439,0.018374918,0.057660438,0.11037277,0.09019294,0.12800811,0.056322157,0.0022803564,0.0,11
0.0,0.0,0.0,0.0,0.0,0.0,0.0,0.0,0.0,0.0,1.845542e-05,0.00014764335,0.00053520716,0.0021777395,0.006616268,0.014081485,0.02525624,0.060893655,0.08679584,0.11532792,0.14077793,0.18083543,0.28044856,0.3348828,0.37891743,0.3859951,0.37277177,0.31061393,0.29733527,0.17862077,0.10509439,0.064086445,0.04105408,0.038368817,0.02751703,0.0203471,0.02952867,0.15087305,0.100369796,0.1002037,0.13678233,0.03147572,0.0008397216,0.0,11
0.0,0.0,0.0,0.0,1.8350778e-05,6.422772e-05,6.422772e-05,0.0,4.5876946e-05,0.00015598162,0.00014680623,0.00018350779,0.00054134795,0.001367133,0.00495471,0.011377483,0.02288342,0.05746546,0.08785435,0.1113617,0.13904385,0.19009571,0.2925848,0.35023376,0.39252314,0.38776112,0.37938398,0.29886994,0.26184726,0.16620299,0.10481965,0.06449381,0.03904128,0.036563925,0.026351718,0.02039689,0.049501225,0.13883281,0.1067373,0.09492858,0.12680387,0.03092106,0.00037619096,0.0,11
0.0,0.0,0.0,1.8091794e-05,9.045897e-06,1.8091794e-05,2.7137692e-05,3.618359e-05,1.8091794e-05,5.4275384e-05,0.00013568846,0.0002532851,0.0005608456,0.0015739861,0.0045048567,0.013840223,0.027210059,0.059956204,0.08644259,0.11400544,0.149592,0.20947585,0.31121504,0.36347318,0.40117648,0.38893738,0.36547235,0.29006574,0.2402138,0.15335509,0.090667024,0.055342797,0.032248624,0.028042281,0.022895165,0.01849886,0.03743192,0.1461998,0.09120073,0.104606755,0.11029662,0.020841748,0.00047943255,0.0,11
0.0,0.0,0.0,0.0,0.0,0.0,0.0,0.0,0.0,8.821178e-06,3.5284713e-05,0.00013231767,0.00038813183,0.000890939,0.0034226172,0.0065188506,0.016645564,0.052115522,0.07420375,0.09499527,0.11794797,0.16258314,0.26729053,0.349301,0.38351837,0.35334992,0.3098439,0.23342602,0.19758557,0.1010466,0.050501246,0.028121917,0.017192475,0.016345643,0.01563995,0.019212525,0.13892473,0.4607566,0.113863766,0.1237082,0.109708995,0.022749819,0.0005292707,0.0,11
0.0,0.0,0.0,0.0,0.0,0.0,0.0,0.0,9.159981e-06,9.159981e-06,9.159981e-06,1.8319963e-05,0.00022899953,0.0010625578,0.0032059934,0.00983782,0.018228363,0.046981543,0.08252227,0.09881788,0.11409673,0.14428803,0.22179979,0.28109235,0.35636908,0.3919831,0.38490242,0.3052014,0.3545554,0.26243347,0.16421099,0.090482295,0.04350991,0.030969897,0.01970312,0.015562808,0.0151689295,0.056892645,0.14877641,0.09672024,0.15147862,0.07518513,0.0037739123,0.0,11
0.0,0.0,0.0,0.0,0.0,0.0,0.0,1.8333976e-05,0.00010083687,8.250289e-05,0.00021084072,0.00037584652,0.0006600231,0.0010725376,0.003840968,0.008378627,0.018489815,0.063664734,0.08824143,0.10996719,0.12446936,0.16592248,0.2727179,0.35673335,0.3837301,0.36256355,0.30380315,0.21944852,0.21259162,0.1311796,0.06184967,0.030856082,0.016088065,0.014768017,0.014309668,0.021899935,0.27187455,0.35928178,0.10314695,0.11287312,0.1273478,0.02980188,0.000779194,0.0,11
0.0,0.0,0.0,0.0,0.0,0.0,2.7160357e-05,0.00015390868,0.0003621381,0.0005251002,0.00048888644,0.0006427951,0.000660902,0.0015209799,0.0055135526,0.012348909,0.024915101,0.063093506,0.08683166,0.10713855,0.1308586,0.17520241,0.26521182,0.33184522,0.39367127,0.40114036,0.35792825,0.25822255,0.26501265,0.14001164,0.064505845,0.033398185,0.01903941,0.017898675,0.016531603,0.015599098,0.04652569,0.30060178,0.12668496,0.11806607,0.13269645,0.028255824,0.0005522606,0.0,11
0.0,0.0,0.0,0.0,0.0,0.0,0.0,0.0,0.0,0.0,0.0,9.352657e-05,0.00031799034,0.00094461837,0.004115169,0.009586473,0.020912541,0.056555517,0.08430485,0.10945414,0.13594086,0.17780337,0.27468753,0.3291574,0.3801855,0.38978133,0.35846862,0.2786624,0.29826558,0.18577182,0.100101486,0.052197177,0.02780545,0.024139207,0.01995857,0.023942802,0.14244096,0.20919088,0.10108352,0.09165604,0.12815946,0.05476916,0.0035633622,0.0,11
0.0,0.0,0.0,0.0,0.0,0.0,0.0,0.0,0.0,0.0,0.0,1.7733322e-05,0.000115266594,0.00060293294,0.0024915317,0.0070046624,0.014683191,0.051577367,0.082672745,0.09665547,0.11065593,0.14224784,0.22290786,0.30664462,0.3888563,0.41152835,0.39071828,0.26653183,0.24530505,0.14432265,0.064088225,0.030049115,0.01659839,0.014621125,0.013104925,0.012218259,0.09275414,0.3526626,0.10485713,0.09856181,0.13511018,0.04079551,0.0013565992,0.0,11
0.0,0.0,0.0,0.0,0.0,0.0,0.0,0.0,0.0,0.0,2.710502e-05,9.938508e-05,0.0005511354,0.0017527913,0.0036591778,0.011402179,0.022497166,0.05601704,0.085154936,0.11058848,0.12954393,0.16377757,0.26014495,0.32162818,0.38630977,0.39960027,0.37423903,0.33050957,0.3199296,0.17417686,0.10867306,0.063109525,0.039618503,0.03289646,0.023075407,0.017880278,0.019190354,0.12054506,0.099909104,0.07621028,0.13904876,0.04219348,0.0016895463,0.0,11
0.0,0.0,0.0,0.0,0.0,0.0,0.0,0.0,0.0,0.0,0.0,0.00010930233,0.00023682171,0.00088352716,0.0028054265,0.009254264,0.021086242,0.05177287,0.07719477,0.098408535,0.116325006,0.1480409,0.24340719,0.31497288,0.38604674,0.40347135,0.37316728,0.30139208,0.29721126,0.21239264,0.11516822,0.057575002,0.03112384,0.025868218,0.019783722,0.015247676,0.035732754,0.22337753,0.111278884,0.09008334,0.13979769,0.042637017,0.0018217055,0.0,11
0.0,0.0,0.0,0.0,0.0,2.693414e-05,8.978047e-05,7.1824375e-05,4.4890236e-05,8.978047e-06,3.5912188e-05,0.00012569266,0.00025138533,0.00078109006,0.0030345798,0.0073979106,0.01760595,0.051058155,0.08198752,0.10234076,0.12047641,0.15837274,0.253558,0.31280413,0.37574923,0.40233323,0.38995248,0.3036555,0.3306076,0.18339457,0.09746568,0.048849553,0.02570415,0.018997548,0.014311007,0.013296488,0.018826965,0.1449775,0.149682,0.09002288,0.14293051,0.0470719,0.0029268432,8.978047e-06,11
0.0,0.0,0.0,0.0,0.0,0.0,0.0,0.0,0.0,1.8152454e-05,9.076227e-06,4.5381134e-05,9.076227e-05,0.00049919245,0.0024505812,0.008195833,0.014939469,0.039154842,0.074316144,0.093013175,0.1109841,0.13224062,0.20716488,0.26058754,0.32668972,0.38153735,0.39859158,0.30979887,0.3826537,0.2973735,0.18511872,0.095826805,0.047976937,0.040525354,0.025032233,0.017961852,0.01464903,0.038755488,0.13448246,0.08508055,0.13663352,0.08529838,0.005908624,0.0,11
0.0,0.0,0.0,0.0,0.0,0.0,0.0,0.0,9.507703e-06,4.7538517e-05,8.556933e-05,0.00019966176,0.0011028935,0.002433972,0.0064176996,0.022523748,0.038639303,0.0893629,0.1279927,0.17308773,0.22570336,0.28577304,0.40578875,0.3968325,0.37281606,0.3143627,0.28020152,0.17948642,0.16699329,0.1473694,0.11394982,0.07514889,0.04300334,0.034417886,0.024529874,0.020926455,0.037973765,0.13032208,0.11715391,0.09439248,0.15436706,0.0559148,0.0022248025,0.0,12
0.0,0.0,0.0,0.0,0.0,0.0,0.0,0.0,0.0,0.0,5.5869277e-05,0.0003259041,0.0007914814,0.0016947014,0.0051772194,0.013110656,0.026035082,0.059426285,0.086764984,0.13149765,0.18160307,0.24257508,0.3882356,0.41723174,0.39889732,0.34058842,0.25851646,0.17884687,0.17293403,0.12451399,0.08457677,0.06345818,0.039313346,0.03609155,0.02704073,0.022086987,0.031240236,0.22245283,0.1607359,0.10829328,0.16553135,0.064128615,0.002337198,0.0,12
0.0,0.0,0.0,0.0,0.0,0.0,0.0,0.0,0.0,9.598551e-06,4.7992755e-05,0.00019197102,0.00055671594,0.002217265,0.0066997884,0.016874252,0.035505038,0.077959426,0.11676637,0.18037596,0.23378229,0.28185183,0.38257903,0.38705194,0.3648889,0.30032906,0.22180331,0.14259607,0.14448698,0.11202469,0.080205485,0.055652395,0.034775548,0.03470836,0.027231088,0.026885541,0.13662577,0.3125768,0.13937095,0.112686984,0.15807854,0.051908962,0.0018237246,0.0,12
0.0,0.0,0.0,0.0,0.0,0.0,0.0,0.0,4.80108e-05,9.60216e-05,4.80108e-05,0.00024005398,0.0008737965,0.0022949162,0.007595308,0.02316041,0.039858565,0.07452236,0.10522047,0.14887188,0.19793892,0.25415957,0.38741833,0.39414945,0.38162822,0.3308232,0.27749282,0.20210625,0.20514053,0.13908727,0.10380895,0.07619314,0.049643166,0.04722342,0.033242676,0.024043808,0.027327746,0.15711053,0.13804065,0.09884463,0.18304597,0.068626635,0.0027750242,0.0,12
0.0,0.0,0.0,0.0,0.0,0.0,0.0,1.9150928e-05,7.660371e-05,0.00022023567,0.0002393866,0.0005936788,0.0014267442,0.0034184407,0.007468862,0.018298712,0.029616911,0.05731873,0.08990403,0.13578008,0.21321686,0.2336892,0.33742976,0.360995,0.3695746,0.35047156,0.3256232,0.27000892,0.24421263,0.19650768,0.15458629,0.10297454,0.06451948,0.059013583,0.04161497,0.02951158,0.023699274,0.028937053,0.08430239,0.08310545,0.12458636,0.10974439,0.018231684,0.00013405649,12
0.0,0.0,0.0,0.0,0.0,0.0,0.0,0.0,0.0,0.0,3.7585523e-05,8.456743e-05,0.0006013684,0.0018228979,0.005083442,0.016913485,0.031299345,0.06416789,0.095138356,0.15046425,0.206166,0.2796175,0.39191365,0.4027195,0.3938869,0.3245228,0.303287,0.20361957,0.18281598,0.14634863,0.11536876,0.08660644,0.05878376,0.062044304,0.048288003,0.036016326,0.032549065,0.07972829,0.10559653,0.10143393,0.12425774,0.040489007,0.0013906644,0.0,12
0.0,0.0,0.0,0.0,0.0,0.0,0.0,0.0,0.0,0.0,2.7434402e-05,0.00012802721,0.00070414966,0.001883829,0.00619103,0.017402556,0.035701305,0.072938934,0.098132856,0.14268632,0.20391992,0.26528153,0.41282374,0.43272284,0.3876481,0.29439858,0.19996937,0.1342274,0.13524246,0.10205598,0.0759933,0.054192092,0.035564132,0.034375306,0.0293731,0.06945477,0.33437964,0.12529291,0.10106834,0.10801839,0.058197513,0.012848445,0.00063099124,0.0,12
0.0,0.0,0.0,0.0,0.0,0.0,0.0,0.0,0.0,0.0,5.5554654e-05,0.0004074008,0.0008610971,0.002212927,0.0073424736,0.019795975,0.038916036,0.0781654,0.10185946,0.14574763,0.21208915,0.27438444,0.41718766,0.43455777,0.3672718,0.2852639,0.20178376,0.13721074,0.13868293,0.10188723,0.07607284,0.054684296,0.03511054,0.033092055,0.02691623,0.061165676,0.3213559,0.15126607,0.09726694,0.12409058,0.07001738,0.015675671,0.0008703562,0.0,12
0.0,0.0,0.0,0.0,0.0,9.590751e-06,0.00011508901,6.713525e-05,4.7953756e-05,5.7544505e-05,0.0001342705,0.00040281154,0.0007960323,0.0014865664,0.005927084,0.016246732,0.034152664,0.07203613,0.10224699,0.15101597,0.19695565,0.2585858,0.38735124,0.4117405,0.3881377,0.31172818,0.24753727,0.18165842,0.18026775,0.13063562,0.08960638,0.06754766,0.045978058,0.049737632,0.03734638,0.027487092,0.06097799,0.23469526,0.13338816,0.10848098,0.17733298,0.06362504,0.0021866912,0.0,12
0.0,0.0,0.0,0.0,0.0,0.0,0.0,2.8579796e-05,0.00019053198,0.00014289898,0.00043822353,0.0010383993,0.0010288727,0.0018862665,0.0054777944,0.017986218,0.033705108,0.068667725,0.10058183,0.1397171,0.18676896,0.21247172,0.32099873,0.35943857,0.38027325,0.35072172,0.3470921,0.2862362,0.2689835,0.17970023,0.13223872,0.09627581,0.067229204,0.06749595,0.049728844,0.029837307,0.023197267,0.037630066,0.07187819,0.08930234,0.12345519,0.08704453,0.010879376,1.9053197e-05,12
0.0,0.0,0.0,0.0,0.0,0.00012673272,8.773804e-05,0.00016572741,0.00021447075,0.0005264282,0.00065316097,0.001569536,0.002690633,0.004796346,0.010762532,0.020676931,0.034578536,0.07143826,0.10481771,0.16118452,0.20323054,0.2453448,0.37410524,0.38957638,0.37653267,0.3247477,0.29572594,0.22674434,0.20085187,0.16019991,0.12278451,0.088654414,0.059739854,0.056220584,0.040827435,0.030055152,0.030835046,0.16088231,0.1140692,0.09564421,0.15384378,0.076848775,0.0047671,0.0,12
0.0,0.0,0.0,0.0,0.0,0.0,5.740695e-05,0.00016265303,9.567825e-05,0.0001148139,0.00010524608,0.0002296278,0.0008611043,0.002736398,0.007893456,0.020436874,0.038347844,0.08170923,0.11627778,0.17027858,0.22233713,0.27597436,0.40003076,0.41267943,0.36506993,0.29498562,0.23344536,0.17429706,0.16230859,0.12885948,0.09458752,0.061530683,0.038414817,0.034099728,0.029095756,0.023594256,0.08129781,0.26508617,0.112106204,0.099763714,0.15904596,0.057722688,0.0021049215,0.0,12
0.0,0.0,0.0,0.0,0.0,0.0,4.8118894e-05,8.661401e-05,0.00014435669,0.00030796093,0.0006255456,0.0009720017,0.0013473291,0.0026946582,0.006707774,0.0197095,0.038649097,0.0819946,0.112424985,0.16891657,0.21965313,0.2732287,0.39562392,0.3884446,0.37894592,0.30323565,0.2791762,0.20139682,0.18025339,0.14529982,0.10688169,0.07312147,0.04456772,0.04170946,0.032942194,0.025945708,0.033875704,0.1834196,0.12553257,0.10354224,0.15838815,0.059879154,0.0024251924,0.0,12
0.0,0.0,0.0,0.0,0.0,0.0,0.0,0.0,0.0,1.9545434e-05,3.9090868e-05,0.00014659076,0.0008111355,0.0018568162,0.0054824944,0.014434303,0.028507015,0.06383539,0.10212489,0.16077097,0.20045798,0.25454995,0.35872713,0.38447824,0.38110664,0.33991465,0.27386084,0.21194091,0.24407361,0.17083687,0.13096417,0.092664905,0.067832425,0.07369606,0.054717444,0.04083041,0.036833372,0.0782306,0.10847716,0.10080557,0.16779755,0.097893305,0.008277492,0.0,12
0.0,0.0,0.0,0.0,0.0,0.0,0.0,0.0,0.0,0.0,0.0,1.86486e-05,0.0001771617,0.0012494562,0.0049885004,0.013566856,0.028355196,0.06565239,0.09569529,0.14359422,0.19405733,0.2554392,0.37327036,0.37990928,0.35810906,0.31246662,0.2295829,0.15563188,0.1559023,0.1085908,0.07481818,0.04850501,0.031310998,0.031385593,0.025930878,0.023581155,0.101690814,0.40334123,0.13320695,0.12607385,0.14026543,0.044047993,0.0012494562,0.0,12
0.0,0.0,0.0,0.0,0.0,0.0,2.8312126e-05,0.00017931013,0.00035862025,0.0010381113,0.0012362961,0.00226497,0.0026519024,0.0039825724,0.0072384668,0.015798166,0.030860217,0.073838025,0.10131966,0.15303648,0.19942118,0.2552055,0.39176434,0.4145367,0.39865363,0.34093463,0.25144944,0.18221684,0.19065386,0.13759694,0.093986824,0.070534945,0.045148402,0.04175095,0.030964028,0.024933545,0.03613571,0.16364409,0.13894647,0.1056231,0.14818567,0.05296255,0.0018402882,0.0,12
0.0,0.0,0.0,0.0,0.0,0.0,0.0,5.6768524e-05,7.5691365e-05,3.7845683e-05,0.000104075625,0.00029330404,0.00052983954,0.002024744,0.0068500685,0.020569129,0.037032,0.076968655,0.1117583,0.16074954,0.20492491,0.2592997,0.3704714,0.4040121,0.38168317,0.3459379,0.25371745,0.16912289,0.166398,0.11485218,0.08055454,0.05727944,0.036804926,0.035177562,0.027409736,0.022489797,0.029926473,0.24278952,0.15025683,0.12664111,0.17479028,0.04852763,0.0012772918,0.0,12
0.0,0.0,0.0,0.0,0.0,0.0,0.0,0.0,0.0,9.297502e-06,3.719001e-05,0.00027892506,0.00078099023,0.0029287133,0.009037172,0.01850203,0.032392498,0.06871784,0.09165478,0.13372597,0.18330026,0.2516183,0.3812441,0.43259418,0.4086903,0.33731338,0.24998194,0.17284057,0.16062365,0.11816196,0.08888412,0.06353913,0.03991418,0.03730158,0.027864615,0.024545407,0.032076385,0.21214111,0.14679827,0.12185307,0.1567652,0.04328917,0.00058574264,0.0,12
0.0,0.0,0.0,0.0,0.0,0.0,0.0,0.0,0.0,0.0,0.0,0.00052843714,0.0019005195,0.004069893,0.00897416,0.025096128,0.04629851,0.07918213,0.10758795,0.16663384,0.24493524,0.31243613,0.42559585,0.41418347,0.37013775,0.28558782,0.25078514,0.16420488,0.15453541,0.12226366,0.0843089,0.061382145,0.03776008,0.034135185,0.027997898,0.058137357,0.22557776,0.09261556,0.0794788,0.08815629,0.051490173,0.011940825,0.0004542705,0.0,12
0.0,0.0,0.0,0.0,0.0,0.0,0.0,0.0,0.0,1.9367504e-05,6.778626e-05,0.00016462378,0.0007069139,0.0021401092,0.0058780373,0.016365541,0.028063513,0.06745702,0.09614997,0.14330985,0.19796494,0.2554477,0.38947082,0.40226308,0.37384126,0.32824045,0.2474586,0.17626366,0.17423007,0.12592751,0.09066897,0.06324458,0.040507134,0.03972275,0.028906,0.037505172,0.15917183,0.22561206,0.1531098,0.117144346,0.15674122,0.07027499,0.004202748,0.0,12
0.0,0.0,0.0,0.0,0.0,0.0,0.0,9.535811e-06,9.535811e-06,3.8143244e-05,7.628649e-05,0.00048632635,0.0012968703,0.003728502,0.009259272,0.021798864,0.038705856,0.07579063,0.105380245,0.16211832,0.21098936,0.26672617,0.39041516,0.4034411,0.38869873,0.31845793,0.2748888,0.20416172,0.1825631,0.14694685,0.10978579,0.076877706,0.0484896,0.043960087,0.03011409,0.023658346,0.030552737,0.161632,0.09746552,0.088273,0.16096449,0.07273917,0.0032898549,9.535811e-06,12
0.0,0.0,0.0,0.0,0.0,0.0,0.0,0.0,0.0002251486,0.0014447034,0.0020544808,0.003133318,0.0043341103,0.0058913883,0.008677602,0.017092532,0.029522609,0.0664845,0.10233942,0.15682538,0.206996,0.26605996,0.38607356,0.41318518,0.40361637,0.31734693,0.27758008,0.19289605,0.1620507,0.12646784,0.08873669,0.054926876,0.03250583,0.032777883,0.02558251,0.022336617,0.05173727,0.19218309,0.11927247,0.106026225,0.15301661,0.054682966,0.0023640601,0.0,12
0.0,0.0,0.0,0.0,0.0,0.0,0.0,4.7350968e-05,0.000539801,0.00066291355,0.00097542995,0.0013542377,0.0014489397,0.0037407265,0.0068753604,0.019783234,0.03474614,0.068999834,0.10109432,0.15596461,0.2055979,0.2658094,0.38965112,0.4039511,0.38529482,0.32076493,0.26372597,0.20047453,0.1675372,0.13341609,0.098679416,0.065912545,0.038780443,0.03477455,0.02397853,0.019868467,0.034215808,0.21241644,0.13027199,0.0981775,0.17249958,0.060988046,0.002197085,0.0,12
0.0,0.0,0.0,0.0,0.0,0.0,0.0,0.0,0.000111978494,0.00023328853,0.00027994622,0.00078384945,0.001241095,0.0033593548,0.012513597,0.023076901,0.034862638,0.06807359,0.095312364,0.15272933,0.20701091,0.27435663,0.39702907,0.40701383,0.3848794,0.32666928,0.29072416,0.20400615,0.1843166,0.14793292,0.10530644,0.070089206,0.040032312,0.033080313,0.02422468,0.020781342,0.023104897,0.12669434,0.107126094,0.09244758,0.15497823,0.04933586,0.0011011219,0.0,12
0.0,0.0,0.0,0.0,0.0,0.0,0.0,0.0,0.0,1.86714e-05,3.73428e-05,0.0001680426,0.0005974848,0.0016150761,0.0054987273,0.015375898,0.033599187,0.070559226,0.09870636,0.1493992,0.20213658,0.26933494,0.40540278,0.41195646,0.3958337,0.32871935,0.26308003,0.19509746,0.1753898,0.14497408,0.1017498,0.06984971,0.039135255,0.033888593,0.023292571,0.019474272,0.046519794,0.15823078,0.0980902,0.08965073,0.14771879,0.06917754,0.0023525965,0.0,12
0.0,0.0,0.0,0.0,0.0,0.0,0.0,1.8638726e-05,1.8638726e-05,3.7277452e-05,9.319363e-05,0.00041937132,0.0011369623,0.0031685834,0.009421876,0.020064589,0.03539494,0.07428464,0.10148786,0.13765632,0.1887171,0.24889223,0.38134834,0.43131876,0.38913,0.3385911,0.24649715,0.15987368,0.1666209,0.1194556,0.0782081,0.052346863,0.030930966,0.030026987,0.02268333,0.020679666,0.036354836,0.24177223,0.1465563,0.11741465,0.17465419,0.053213563,0.0010251299,0.0,12
0.0,0.0,0.0,0.0,0.0,0.0,0.0,0.0,0.0,9.460132e-06,0.00012298171,0.0005959883,0.0012392773,0.0021663702,0.0074356636,0.020935271,0.03737698,0.07580404,0.104288496,0.16523066,0.22206713,0.28853402,0.39808235,0.3959065,0.38526386,0.3161103,0.28435263,0.19337456,0.17824781,0.15448396,0.11559335,0.08240721,0.049221065,0.044074755,0.03147386,0.025485596,0.02728302,0.10353168,0.11511088,0.09265253,0.14799431,0.052910518,0.0014663205,0.0,12
0.0,0.0,0.0,0.0,0.0,0.0,0.0,0.0,9.287452e-06,3.7149806e-05,5.572471e-05,0.00014859923,0.0002693361,0.0016717413,0.0064269165,0.017283948,0.031400874,0.06584803,0.094852746,0.14592443,0.18904607,0.24346125,0.38239226,0.4295818,0.40769127,0.33685586,0.25222862,0.18119818,0.1858419,0.12831543,0.08499876,0.060628485,0.036378946,0.035403766,0.025698379,0.021834798,0.031261563,0.19329973,0.12297515,0.10355508,0.17070337,0.05642127,0.001913215,0.0,12
0.0,0.0,0.0,0.0,0.0,0.0,0.0,0.0,0.0,8.3724975e-05,2.7908325e-05,0.00042792765,0.0015907745,0.0045118458,0.010195841,0.018093897,0.033248115,0.07472919,0.102200285,0.14871415,0.193107,0.2551007,0.3872652,0.41922954,0.3692178,0.30861956,0.21309866,0.13975559,0.13801597,0.09899083,0.06449614,0.04365792,0.027908323,0.026261734,0.020140508,0.021117298,0.098014034,0.344612,0.16067752,0.122126825,0.16664991,0.039843783,0.0005581665,0.0,12
0.0,0.0,0.0,0.0,0.0,0.0,0.0,0.0,0.0,1.9117704e-05,0.00015294163,0.0005352957,0.0010227972,0.0025044193,0.007780906,0.019461824,0.037776582,0.08105907,0.119600356,0.16877109,0.20888004,0.26587948,0.37645626,0.3940541,0.3646989,0.31333917,0.25528827,0.19033587,0.1857763,0.12705626,0.079491414,0.05628252,0.036256727,0.035434663,0.026277285,0.021861095,0.037241288,0.2741192,0.14618352,0.10399075,0.17154317,0.053271484,0.0014338278,0.0,12
0.0,0.0,0.0,0.0,0.0,0.0,0.0,0.0,0.0,0.0,0.0,4.7842823e-05,0.00023921412,0.0016075189,0.0044206767,0.009520722,0.020907314,0.05560293,0.08668163,0.124104284,0.16028303,0.22773184,0.3309001,0.36759555,0.39049312,0.36168218,0.31957093,0.23784581,0.23619045,0.16599546,0.11623892,0.07939038,0.04819686,0.045087077,0.031892024,0.025768144,0.031049993,0.14859024,0.1683302,0.11208616,0.16840674,0.08813605,0.003473389,0.0,12
0.0,0.0,0.0,0.0,0.0,0.0,0.0,0.0,0.0,9.686847e-06,1.9373694e-05,0.00018405009,0.0011236742,0.0040103546,0.011382045,0.021524174,0.039212357,0.07849252,0.118334524,0.17761803,0.23539038,0.2903148,0.39574644,0.38518777,0.36277243,0.32032466,0.25838697,0.19428909,0.19970404,0.15147322,0.11166029,0.078298785,0.048288934,0.04667123,0.030687932,0.026135113,0.060203753,0.16578071,0.10232217,0.102690265,0.13976184,0.059322253,0.0022667223,0.0,12
0.0,0.0,0.0,0.0,0.0,0.0,0.0,0.0,3.0252748e-05,0.00010084249,0.00025210623,0.0012605311,0.0042757215,0.01195992,0.03227968,0.07749745,0.124419466,0.21873744,0.2556357,0.3060973,0.3413821,0.30383843,0.37065667,0.3477755,0.28985158,0.20374216,0.14805694,0.09869455,0.105319895,0.09278517,0.086522855,0.07545035,0.055806234,0.053910393,0.041295,0.03294524,0.0761865,0.20127152,0.09886598,0.12921956,0.17489113,0.031180497,0.00050421245,0.0,13
0.0,0.0,0.0,0.0,0.0,0.0,0.0,6.133061e-05,0.00017377007,0.0003782054,0.0005519755,0.002340785,0.0064397138,0.016457047,0.042910982,0.085259765,0.11599663,0.1881112,0.2228141,0.28618908,0.3221799,0.3165886,0.38494158,0.36627662,0.28457403,0.24731568,0.17107151,0.11962535,0.12220124,0.11913471,0.11081419,0.09375406,0.06931381,0.07044843,0.055677973,0.04098929,0.040508866,0.09444914,0.10475268,0.12106662,0.18861207,0.039742235,0.00087907206,0.0,13
0.0,0.0,0.0,0.0,0.0,0.0,0.0,0.000101845326,0.0003666432,0.00069254823,0.001741555,0.0041247355,0.007821721,0.015348091,0.039424326,0.080518916,0.110542916,0.18836293,0.21752125,0.28452528,0.3239598,0.3330444,0.39327574,0.34533712,0.27427965,0.20217316,0.15764637,0.1096976,0.11735637,0.10468681,0.099441774,0.08251508,0.055943638,0.05690098,0.040361304,0.03190814,0.0435898,0.20358881,0.124322586,0.13547465,0.20897642,0.040249273,0.0005601493,0.0,13
0.0,0.0,0.0,0.0,0.0,1.01562055e-05,7.109344e-05,0.0004062482,0.00022343652,0.0004062482,0.00087343366,0.0025390515,0.006246066,0.011141357,0.027756909,0.06086614,0.092553504,0.16121961,0.20963423,0.2753855,0.32526264,0.30641273,0.38019755,0.3678273,0.30069476,0.26720977,0.19408509,0.13862205,0.13990173,0.1307002,0.11749714,0.099612065,0.07023016,0.073805146,0.055818506,0.04052326,0.036572497,0.06506065,0.12143775,0.11397294,0.1772461,0.050303686,0.0017163988,0.0,13
0.0,0.0,0.0,0.0,0.0,0.0,0.0,0.0,2.0816486e-05,0.00012489891,0.00040592148,0.0014051128,0.0044547278,0.012052746,0.037573755,0.08083041,0.120392144,0.19049166,0.21451388,0.27888885,0.325778,0.33316785,0.3640283,0.31022808,0.24652964,0.19109534,0.16105714,0.122588284,0.12480524,0.1189454,0.11108717,0.100835055,0.06986012,0.07038054,0.054591235,0.03867703,0.053279795,0.2907959,0.1567065,0.16229573,0.16725005,0.018609937,8.326594e-05,0.0,13
0.0,0.0,0.0,0.0,0.0,0.0,1.027868e-05,9.250812e-05,0.00021585228,0.0005756061,0.0009456385,0.0027546862,0.008048207,0.014266808,0.03504002,0.06593773,0.09210725,0.16366743,0.1983374,0.25734732,0.30645883,0.3043928,0.3828911,0.354635,0.30571878,0.22310902,0.17720445,0.121679015,0.122963846,0.11093779,0.10023768,0.08498412,0.06049003,0.06422119,0.047754746,0.035142805,0.0377022,0.16032685,0.23687218,0.12830876,0.2147319,0.055792674,0.0014904086,0.0,13
0.0,0.0,0.0,0.0,0.0,0.0,0.0,2.0099667e-05,0.00011054817,0.00034169434,0.00076378736,0.0018994185,0.004663123,0.011949252,0.0301696,0.06764543,0.093925744,0.16213396,0.20524776,0.26409957,0.31314278,0.31074086,0.39424494,0.37872797,0.3257352,0.25590897,0.19160008,0.12401495,0.117723756,0.10724177,0.098980814,0.0848206,0.062097922,0.066660546,0.053806808,0.04129477,0.03792807,0.09808638,0.11360332,0.11203554,0.1876505,0.056650914,0.0020401163,0.0,13
0.0,0.0,0.0,0.0,0.0,1.0592354e-05,8.473883e-05,0.0001377006,9.533118e-05,0.0002965859,0.0007414648,0.0017583307,0.005116107,0.013028595,0.033471838,0.07600014,0.11653707,0.19964468,0.22698355,0.2754012,0.32326803,0.3126545,0.3789944,0.32022804,0.27018976,0.20267409,0.17490095,0.12529695,0.13593167,0.12739424,0.1292585,0.113963135,0.083986774,0.083626635,0.062145337,0.047962178,0.047051236,0.1267375,0.15234983,0.13254212,0.23113576,0.07865882,0.0037708778,0.0,13
0.0,0.0,0.0,0.0,0.0,0.0,1.0840575e-05,0.0001734492,0.0004227824,0.0017019702,0.003870085,0.011219995,0.023870945,0.049064443,0.10703983,0.1740129,0.1844849,0.25835258,0.27890632,0.30224606,0.32180247,0.27912313,0.309867,0.29653308,0.24139792,0.2353814,0.18889701,0.1511935,0.1623376,0.16539465,0.14600086,0.13819565,0.10470911,0.11276366,0.09790123,0.070398696,0.056717888,0.045367807,0.037259057,0.04549789,0.06557464,0.046256732,0.008195475,1.0840575e-05,13
0.0,0.0,0.0,0.0,0.0,0.0,0.0,0.0,2.116223e-05,0.0002116223,0.00079358363,0.0016083295,0.0044440683,0.010887967,0.031373005,0.06702078,0.101430565,0.16591188,0.19069286,0.25750202,0.3253058,0.3415584,0.39385027,0.32330596,0.25148135,0.17679985,0.16026157,0.11935498,0.132338,0.13192534,0.13386169,0.120444834,0.08861684,0.09409785,0.07649088,0.0628095,0.115799725,0.25747028,0.14033733,0.13762857,0.15381767,0.03861049,0.0010686927,0.0,13
0.0,0.0,0.0,0.0,0.0,0.0,0.0,0.0,5.1285533e-05,0.000102571066,0.00033848453,0.000964168,0.004318242,0.011282817,0.029827666,0.0678405,0.095770605,0.16154943,0.20359331,0.26647964,0.32676065,0.32661703,0.39658076,0.36367598,0.30549768,0.22204584,0.19374649,0.13434759,0.13535278,0.13245001,0.124305874,0.106396966,0.077830926,0.083154365,0.06538905,0.054044694,0.07676419,0.13584512,0.09558598,0.10991515,0.12653166,0.032268856,0.000769283,0.0,13
0.0,0.0,0.0,0.0,0.0,0.0,3.028135e-05,4.0375133e-05,0.0001211254,0.00040375133,0.0010396597,0.003300667,0.007913526,0.018602842,0.042091075,0.08658447,0.11120321,0.17118047,0.21483608,0.27526757,0.3347704,0.32468674,0.39184067,0.3648095,0.30065343,0.24863006,0.19962475,0.13552922,0.13815361,0.13185509,0.124204,0.104339436,0.06762835,0.067870595,0.053083207,0.04258567,0.037357092,0.053052925,0.069404855,0.08238546,0.12738355,0.059200037,0.0051781107,1.0093783e-05,13
0.0,0.0,0.0,0.0,0.0,0.0,2.1341713e-05,0.00011737942,0.00027744228,0.00065092224,0.0013018445,0.0032439404,0.006029034,0.013968151,0.038681857,0.096709974,0.13228661,0.20224474,0.23337163,0.2883052,0.31736195,0.29154915,0.3506657,0.32778737,0.28050482,0.23559117,0.20441093,0.15244386,0.16599585,0.17044559,0.16273056,0.1455825,0.10774364,0.12430481,0.112182714,0.088013224,0.06984076,0.05842294,0.049011245,0.06790933,0.088322684,0.052361894,0.007832409,0.0,13
0.0,0.0,0.0,0.0,0.0,0.0,0.0,1.06068655e-05,8.4854924e-05,0.00036063342,0.0012516101,0.0046776277,0.011423594,0.026018642,0.05772256,0.096013345,0.114214726,0.19469963,0.24319421,0.2784196,0.325058,0.29234642,0.3618532,0.33766955,0.30694148,0.23339348,0.20025761,0.13205548,0.13968182,0.13973485,0.14448673,0.12860824,0.08690205,0.08925677,0.06863703,0.05069021,0.043668464,0.07975302,0.11444808,0.09550422,0.15127511,0.06342906,0.006544436,6.364119e-05,13
0.0,0.0,0.0,0.0,0.0,0.0,0.0,0.0,0.000107301086,0.0002575226,0.00039701402,0.0013412635,0.0045281057,0.014195933,0.03748027,0.077728905,0.10998361,0.183002,0.2139369,0.2739933,0.31765413,0.33085215,0.37923422,0.32084098,0.2710318,0.19905424,0.18066284,0.14068246,0.1490412,0.1532796,0.16060826,0.15193833,0.11834236,0.13441607,0.10887841,0.07603355,0.072224356,0.104232274,0.10105616,0.11277344,0.13636895,0.036890112,0.00098717,0.0,13
4.3406813e-05,3.255511e-05,4.3406813e-05,4.3406813e-05,0.00043406815,0.00082472945,0.001171984,0.0012479459,0.00094409817,0.0010526152,0.0015192385,0.0042538675,0.008822435,0.018838556,0.04968995,0.113801815,0.15201066,0.22878647,0.2542988,0.29960468,0.32134065,0.29094502,0.3411884,0.31221434,0.267896,0.21355067,0.18715933,0.12907016,0.14673673,0.15104486,0.15802251,0.1442951,0.107062906,0.121398,0.09987908,0.073932655,0.058913898,0.0720119,0.08174588,0.093357205,0.15468018,0.060118437,0.0029733668,0.0,13
0.0,0.0,0.0,0.0,0.0,2.1777461e-05,6.533238e-05,0.0005988802,0.0009255421,0.0019164166,0.0023955207,0.0051068147,0.011041173,0.022594117,0.054008104,0.11383079,0.14539722,0.2140289,0.22799914,0.28270411,0.3142052,0.30468845,0.36080897,0.32130468,0.28350988,0.21172048,0.1788474,0.13155764,0.13833043,0.13976775,0.145419,0.14013797,0.10759155,0.114026785,0.094938844,0.0741087,0.06167377,0.06820701,0.10615423,0.10024165,0.17257549,0.08354923,0.00712123,1.0888731e-05,13
0.0,0.0,0.0,0.0,0.0,0.0,0.0,5.4883676e-05,8.781388e-05,0.0003073486,0.00042809267,0.0017123707,0.0055652047,0.01569673,0.04831959,0.10298373,0.13692379,0.21309136,0.23028092,0.28666842,0.3103562,0.30471417,0.3442743,0.30639362,0.25957784,0.20662606,0.18681306,0.13414668,0.15155578,0.15602331,0.1579662,0.15123746,0.121753946,0.14453067,0.10679266,0.074949145,0.060778182,0.09150206,0.121281944,0.1139934,0.1801392,0.05268833,0.0012513478,0.0,13
0.0,0.0,0.0,0.0,0.0,0.0,0.0,0.00012858925,0.0006429463,0.0014680607,0.002389617,0.006900957,0.01852757,0.04196296,0.07816084,0.12241697,0.13143966,0.20371753,0.23509331,0.2769491,0.32494503,0.30238834,0.36530063,0.3351786,0.28842568,0.24349447,0.18225384,0.13377568,0.14434144,0.14279836,0.13461152,0.12676758,0.09748137,0.1036858,0.08468674,0.06384456,0.049313977,0.047095813,0.068977416,0.08555472,0.14227329,0.07532115,0.0054436116,3.2147313e-05,13
0.0,0.0,0.0,0.0,1.0762041e-05,7.533428e-05,0.00026905103,0.00041971958,0.0010008698,0.0012483967,0.0020447879,0.0056500714,0.0124839675,0.030295145,0.074107416,0.13243768,0.15087305,0.22583066,0.24619244,0.27910277,0.32165587,0.28142735,0.3326762,0.33407527,0.27103123,0.2569545,0.1954279,0.14994751,0.16022526,0.16006383,0.15119591,0.14557813,0.10452094,0.11153779,0.09594359,0.07379531,0.05759844,0.05166856,0.05089369,0.05915894,0.09953812,0.05573661,0.005251876,0.0,13
0.0,0.0,0.0,0.0,0.0,0.0,0.0,6.4348686e-05,0.00020377085,0.00043971604,0.00084725773,0.002756269,0.0073893745,0.015025419,0.03653933,0.08096138,0.10371936,0.16656658,0.1989447,0.2533837,0.29355872,0.29938227,0.3772013,0.3415521,0.30519512,0.23799363,0.20788917,0.15166986,0.16020678,0.15613137,0.14670429,0.13738444,0.10524228,0.11490531,0.092887335,0.06847773,0.054760735,0.048615433,0.07983527,0.115934886,0.17818151,0.11668562,0.0144141065,6.4348686e-05,13
0.0,0.0,0.0,0.0,0.0,0.0,1.083805e-05,9.754245e-05,0.00013005661,0.0005419025,0.00072614936,0.0021242579,0.005700814,0.013699295,0.035050254,0.0774487,0.11084074,0.16772966,0.2061939,0.26832843,0.29881588,0.29673496,0.364191,0.3356219,0.28311154,0.21777977,0.19942012,0.14715904,0.1599913,0.16662417,0.16166036,0.15388948,0.13031672,0.1615303,0.14175086,0.099785924,0.07453327,0.06827971,0.06296907,0.120291516,0.13653776,0.048836254,0.002601132,0.0,13
0.0,0.0,0.0,0.0,0.0,0.0,0.0,4.043193e-05,0.00013140377,0.00029313148,0.00064691086,0.0018295448,0.0046799956,0.013059513,0.03274986,0.059384394,0.090193525,0.15759355,0.19535698,0.26219094,0.31624845,0.3269528,0.4076145,0.36532268,0.3069693,0.21541122,0.1771727,0.115503915,0.111551695,0.0991492,0.090597846,0.08374463,0.056291353,0.055543363,0.041533697,0.03356861,0.10620457,0.20797174,0.11949657,0.1270068,0.17222992,0.04724471,0.0015566293,0.0,13
0.0,0.0,0.0,0.0,0.0,0.0,0.0,0.0,5.582448e-05,0.0002679575,0.0008820268,0.0025009366,0.0051805116,0.012638662,0.03393012,0.081057146,0.1271905,0.20293315,0.22094212,0.2539009,0.27855298,0.27801707,0.31572092,0.27002302,0.24301513,0.19173476,0.18457806,0.16198032,0.19088623,0.18145189,0.17351365,0.15615223,0.11083392,0.11488678,0.086137176,0.064655915,0.071533486,0.26149303,0.14128059,0.16081916,0.23486476,0.049248356,0.0005694097,0.0,13
0.0,0.0,0.0,0.0,0.0,0.0,0.0,9.620258e-06,0.0001827849,0.00060607627,0.00075038016,0.0015969629,0.0051179775,0.010120512,0.022319,0.047591418,0.0832922,0.1600811,0.19397327,0.24975152,0.31245637,0.33681488,0.40567666,0.35817185,0.30589536,0.2225743,0.15473224,0.09705879,0.09230638,0.07799143,0.064234465,0.04835142,0.029159004,0.028591407,0.024416216,0.022145836,0.060213197,0.29159003,0.14097527,0.13610741,0.18067807,0.024829887,0.00022126595,0.0,13
0.0,0.0,0.0,0.0,0.0,0.0,1.0273677e-05,0.00011301044,8.2189414e-05,0.0005342312,0.0015410515,0.0044587757,0.0071607525,0.011742813,0.02514996,0.05792299,0.09119943,0.17079988,0.2022065,0.26772174,0.3109739,0.33066857,0.39269075,0.35312682,0.2911971,0.22469558,0.17276214,0.11896918,0.124270394,0.11992463,0.1146645,0.10240801,0.07354925,0.07595329,0.057470948,0.0438686,0.044731587,0.16270421,0.13282837,0.15262574,0.20315169,0.031057324,0.00027738928,0.0,13
0.0,0.0,0.0,0.0,0.0,0.0,0.0,2.0399879e-05,0.00016319903,0.0007139958,0.001856389,0.0036617783,0.005722166,0.011026135,0.032945804,0.07090998,0.1010814,0.17515336,0.20253,0.2688908,0.3050904,0.3229403,0.38935208,0.36095545,0.30842575,0.22087969,0.18176292,0.12224627,0.11844169,0.110648945,0.1010916,0.07388836,0.050193902,0.048235513,0.03830077,0.0336496,0.09316625,0.1697474,0.14203416,0.14122836,0.20022482,0.03532239,0.0005915965,0.0,13
1.047319e-05,6.283914e-05,8.378552e-05,9.425871e-05,0.00013615147,4.189276e-05,0.00011520509,0.00016757104,0.00020946379,0.00046082036,0.00075406965,0.0024088337,0.0063258065,0.01339521,0.03579736,0.081156746,0.12337418,0.20436335,0.23069295,0.2872063,0.3182279,0.30338737,0.36565048,0.3400121,0.27056438,0.21975894,0.17583439,0.11983424,0.12462048,0.11593821,0.10194603,0.08428823,0.055466015,0.054764308,0.040510297,0.041683294,0.13916774,0.2134122,0.124411024,0.12481948,0.1878995,0.051098693,0.0019689596,0.0,13
0.0,0.0,0.0,0.0,0.0,0.0,0.0,5.1869087e-05,0.00013485963,0.00029046688,0.00062242907,0.0016909322,0.004948311,0.013039889,0.037978545,0.084712595,0.11776358,0.18943629,0.21608663,0.27619252,0.3128951,0.32674414,0.3849931,0.3393587,0.28633812,0.20723775,0.17588808,0.11918479,0.120585255,0.11983834,0.119879834,0.098468274,0.06548991,0.07042785,0.053010207,0.039202657,0.04567592,0.17186303,0.12829301,0.13702776,0.21279812,0.040229663,0.00045644798,0.0,13
0.0,0.0,0.0,0.0,0.0,0.0,0.0,2.0153351e-05,7.053673e-05,0.00046352707,0.000745674,0.0019649516,0.003415993,0.006801756,0.02312597,0.056862682,0.09159698,0.16081366,0.1955278,0.26616532,0.3315226,0.3522705,0.4074806,0.34707093,0.27254385,0.20246057,0.16310108,0.11109535,0.11603292,0.10887848,0.099799395,0.08479522,0.060339134,0.061759945,0.04595972,0.038109988,0.05609685,0.21500602,0.15338716,0.13990456,0.1752233,0.03822083,0.00076582737,0.0,13
0.0,0.0,0.0,0.0,0.0,0.0,0.0,0.0,1.03633565e-05,0.00013472364,0.00010363357,0.0006218014,0.0021037613,0.0049225944,0.01633265,0.05425217,0.10470099,0.1827578,0.20381613,0.25948808,0.2979465,0.3138128,0.36516324,0.31605127,0.25262755,0.17943116,0.15381294,0.115997046,0.1332624,0.123686664,0.11954132,0.10464917,0.0681598,0.07179733,0.055039786,0.0429872,0.07189061,0.3426851,0.16467373,0.1814831,0.18316196,0.027017271,0.00015545035,0.0,13
0.0,0.0,0.0,0.0,0.0,0.0,0.00017944394,0.00045388762,0.00040111,0.00072833133,0.0009922194,0.0032405467,0.0064705377,0.013278852,0.036089346,0.08448643,0.1251041,0.17966561,0.2060122,0.25895873,0.32296744,0.30696526,0.38050562,0.3444796,0.2940242,0.23077548,0.1973039,0.13415019,0.1547968,0.1587129,0.15514512,0.15254846,0.10449971,0.11377802,0.09532696,0.07004647,0.05582818,0.06424093,0.08000033,0.11112858,0.11682857,0.035772678,0.0021005496,0.0,13
0.0,0.0,0.0,0.0,0.0,0.0,0.0,4.2656644e-05,0.00010664161,0.00028793234,0.0007998121,0.0018768923,0.004361642,0.013298209,0.032195102,0.07040479,0.10816658,0.17580935,0.19416238,0.25593987,0.2996736,0.32154578,0.38659716,0.3386511,0.2840186,0.21127836,0.17842208,0.13506159,0.14658956,0.1535426,0.15358524,0.13671455,0.095166974,0.10150149,0.07737915,0.05815167,0.05358741,0.102791846,0.14749601,0.12704214,0.20747125,0.06943435,0.0021541605,0.0,13
0.0,0.0,0.0,0.0,0.0,0.0,0.0,1.04567e-05,9.41103e-05,0.0001882206,0.0002509608,0.0010874968,0.00319975,0.008846368,0.027992586,0.06736206,0.097707406,0.17502424,0.2263771,0.27566996,0.32905143,0.3170053,0.3893866,0.35020533,0.2911145,0.21375586,0.18794872,0.12748808,0.13505873,0.13319744,0.13350068,0.122740746,0.093211025,0.10585317,0.08359086,0.062876135,0.070425875,0.10022747,0.09199805,0.10491207,0.15130845,0.07081277,0.0054583973,0.0,13
0.0,0.0,0.00016794815,0.000115464354,4.1987038e-05,9.447084e-05,8.3974075e-05,5.2483796e-05,9.447084e-05,0.00035688982,0.0011021597,0.002886609,0.006424017,0.0147374505,0.0417876,0.086944655,0.11914872,0.19222715,0.2228357,0.26283884,0.30344033,0.29750964,0.37472382,0.3621382,0.3102842,0.22721285,0.19483036,0.13355027,0.136059,0.1256462,0.11584224,0.10350855,0.0706012,0.07349831,0.060492825,0.044222847,0.049450234,0.15448081,0.12159446,0.11863437,0.17706983,0.060933687,0.004723542,0.0,13
0.0,0.0,0.0,0.0,0.0,0.0,0.0,0.00010584686,0.00012701625,0.00026461718,0.0004868956,0.0017147192,0.006012102,0.01637451,0.04189419,0.089916915,0.11700313,0.18460752,0.20716348,0.26946494,0.31593174,0.3087553,0.3810593,0.3438012,0.29005218,0.22959244,0.1926413,0.13891342,0.15012261,0.15546788,0.15281112,0.13552633,0.09336752,0.101549484,0.08237003,0.06016336,0.048636634,0.068112455,0.0897899,0.10682066,0.16172342,0.06522284,0.0031224824,0.0,14
0.0,0.0,0.0,0.0,0.0,0.0,0.0,0.0,0.0,0.0,0.0,0.0,0.0,0.0,2.1089245e-05,0.00029524943,0.00082248054,0.005665977,0.014003258,0.02932811,0.049615964,0.055949766,0.07466295,0.07892299,0.09681369,0.12618399,0.2213738,0.3169573,0.58837587,0.57430935,0.27289483,0.046775945,0.009968183,0.008161537,0.008351341,0.010425117,0.042684633,0.17862591,0.082866676,0.09017761,0.07031857,0.007592128,1.4059497e-05,0.0,14
0.0,0.0,0.0,0.0,0.0,0.0,0.0,0.0,0.0,0.0,0.0,0.0,0.0,7.178313e-06,7.178313e-05,0.00020817107,0.0011557083,0.008556549,0.022159452,0.041045595,0.05625644,0.058302257,0.07099351,0.08199787,0.12495289,0.19597512,0.366216,0.45385602,0.60162157,0.38747814,0.083612986,0.013251166,0.0074008405,0.008535014,0.009819932,0.011994961,0.14859825,0.16876213,0.07143139,0.09311707,0.036559146,0.00293593,0.0,0.0,14
0.0,0.0,0.0,0.0,0.0,0.0,0.0,0.0,0.0,0.0,7.082648e-06,2.8330593e-05,2.1247944e-05,7.082648e-06,5.6661185e-05,0.00011332237,0.0006728516,0.00609816,0.02174373,0.042000104,0.053013623,0.05057719,0.06528785,0.07230675,0.11285491,0.20540388,0.37047917,0.45452896,0.61870474,0.35305583,0.0753098,0.010631055,0.0062327306,0.008357525,0.010418575,0.018698191,0.1469012,0.18407094,0.07795871,0.08890848,0.02907427,0.0016785876,0.0,0.0,14
0.0,0.0,0.0,0.0,0.0,0.0,0.0,0.0,0.0,0.0,0.0,0.0,0.0,0.0,0.0,0.0004019373,0.0009701934,0.00445596,0.012848133,0.023305433,0.04308352,0.058883812,0.084933504,0.10285436,0.13096918,0.20157847,0.31775913,0.42814636,0.65767336,0.3809118,0.07407427,0.014857819,0.009937553,0.011670041,0.013354019,0.01627153,0.121911734,0.16141246,0.07853716,0.052619133,0.014843959,0.00042272714,0.0,0.0,14
0.0,0.0,0.0,0.0,0.0,0.0,0.0,0.0,0.0,0.0,0.0,0.0,7.230231e-06,3.6151156e-05,0.00018075577,0.0006290301,0.0019593926,0.013737439,0.028718477,0.045282938,0.060900234,0.05675008,0.07060321,0.078701064,0.11477992,0.19982912,0.36318174,0.46514246,0.60235053,0.35619733,0.06252704,0.0111779375,0.0067096543,0.008300305,0.010483835,0.0119877225,0.14446001,0.20697258,0.0844491,0.10641454,0.03443036,0.0025884227,0.0,0.0,14
0.0,0.0,0.0,0.0,0.0,0.0,0.0,0.0,0.0,0.0,0.0,0.0,0.0,6.963142e-06,0.0001322997,0.00035512022,0.00072416675,0.013278712,0.03641027,0.054221988,0.05339337,0.046290968,0.050141584,0.049118005,0.06422802,0.10271331,0.22174822,0.35638055,0.6093515,0.48614568,0.14272352,0.013619905,0.0050830934,0.006162381,0.007443599,0.008787485,0.046618234,0.37055057,0.078147344,0.1093074,0.09385619,0.006190233,1.3926284e-05,0.0,14
0.0,0.0,0.0,0.0,0.0,0.0,0.0,0.0,0.0,0.0,0.0,0.0,6.9490766e-06,6.9490765e-05,0.0002362686,0.00022237045,0.0005003335,0.0026475983,0.0059831548,0.0154755935,0.03191711,0.04828913,0.076544076,0.0865716,0.094298966,0.14397791,0.25510755,0.3867161,0.63132364,0.4601748,0.12887758,0.0144749265,0.008707193,0.011118523,0.012702912,0.014384588,0.055676002,0.28623247,0.12418,0.098301634,0.03047865,0.0018206581,0.0,0.0,14
0.0,0.0,0.0,0.0,0.0,0.0,0.0,0.0,0.0,0.0,0.0,0.0,0.0,6.898318e-06,4.138991e-05,0.0002276445,0.00043459405,0.0026144625,0.00980251,0.019922342,0.03522971,0.044190627,0.06485109,0.08247629,0.13057826,0.21791098,0.3733163,0.48617968,0.598843,0.320282,0.05001281,0.011602971,0.007781303,0.009485187,0.010995919,0.013838026,0.18012889,0.19932,0.07859944,0.04814336,0.007967558,0.00012416973,0.0,0.0,14
0.0,0.0,0.0,0.0,0.0,0.0,0.0,0.0,0.0,0.0,0.0,0.0,7.3666642e-06,1.47333285e-05,3.683332e-05,0.00019153327,0.0017606327,0.007978098,0.019396426,0.04864945,0.058977515,0.057828315,0.07774041,0.0954646,0.15822122,0.23779592,0.39595082,0.41234165,0.55182207,0.4404676,0.1083489,0.015506828,0.008199098,0.009304097,0.01073323,0.013127396,0.14358366,0.14952855,0.076333374,0.07916217,0.028538458,0.0019005993,7.3666642e-06,0.0,14
0.0,0.0,0.0,0.0,0.0,0.0,0.0,0.0,0.0,0.0,0.0,9.4377276e-05,0.00033818523,0.0008100716,0.001659467,0.0025481863,0.0055368,0.023263998,0.03948116,0.05551743,0.07037398,0.06371252,0.08508111,0.100724146,0.15197887,0.2624868,0.40579867,0.4812533,0.49506384,0.28239253,0.08522268,0.023539264,0.008462495,0.00847036,0.009484916,0.08655182,0.3206468,0.14825884,0.06722808,0.09171111,0.044648316,0.0035470126,7.864773e-06,0.0,14
0.0,0.0,0.0,0.0,0.0,0.0,0.0,0.0,0.0,0.0,0.0,0.0,0.0,2.9376066e-05,0.0002717286,0.000881282,0.0024529016,0.010876488,0.024624487,0.051591717,0.06416467,0.06567019,0.08549904,0.09939392,0.13336,0.2331358,0.40796745,0.49335635,0.57000583,0.26449475,0.047236715,0.010648824,0.00709432,0.009290181,0.010700232,0.013322046,0.19568866,0.19109131,0.08856884,0.089589655,0.026298923,0.0017331879,1.4688033e-05,0.0,14
0.0,0.0,0.0,0.0,0.0,0.0,0.0,0.0,0.0,0.0,0.0,7.751364e-06,4.6508183e-05,9.3016366e-05,0.00033330865,0.0010464342,0.005844529,0.03477262,0.052197687,0.061460566,0.053910736,0.042299192,0.054848652,0.07179313,0.13148639,0.24389668,0.42372832,0.4324176,0.5012652,0.23341683,0.04750036,0.011231727,0.0053329384,0.0064181294,0.009526427,0.14813632,0.38985485,0.18659858,0.074986696,0.108371824,0.040888447,0.0027749883,7.751364e-06,0.0,14
0.0,0.0,0.0,0.0,0.0,0.0,0.0,0.0,0.0,0.0,0.0,0.0,7.110713e-06,3.5553563e-05,0.00014932497,0.000618632,0.0009386141,0.0055747987,0.021218367,0.04161189,0.057930976,0.052221075,0.06914457,0.06930812,0.085605875,0.13291344,0.23040843,0.33276004,0.5616681,0.5850908,0.25823975,0.034657616,0.007601352,0.0070396056,0.0074662487,0.008803062,0.08679336,0.20651643,0.065013245,0.080578595,0.0801164,0.00738092,1.4221426e-05,0.0,14
0.0,0.0,0.0,0.0,0.0,0.0,0.0,0.0,0.0,0.0,0.0,0.0,0.0,1.38016385e-05,7.590901e-05,0.00048995815,0.0007038836,0.0027258235,0.013359986,0.0336967,0.04862317,0.048409246,0.06541976,0.06782125,0.08074649,0.12399392,0.22165431,0.33636662,0.57928926,0.5902685,0.23021133,0.025726255,0.007363174,0.0073148683,0.007722017,0.009536932,0.08093971,0.20035149,0.069636166,0.08766111,0.061375886,0.0044924333,6.9008192e-06,0.0,14
0.0,0.0,0.0,0.0,0.0,0.0,0.0,0.0,0.0,0.0,0.0,0.0,0.0,0.0,0.00010293972,0.0027381964,0.0026146688,0.003294071,0.007816556,0.01835072,0.028246658,0.035994586,0.058332507,0.07537932,0.10324854,0.1543684,0.27403238,0.41348138,0.63467824,0.4557004,0.119478695,0.020183047,0.011007687,0.014734104,0.016346827,0.0208899,0.08250275,0.24557298,0.09912408,0.06343832,0.026057474,0.0016470355,6.8626478e-06,0.0,14
0.0,0.0,0.0,0.0,0.0,0.0,0.0,0.0,0.0,0.0,0.0,0.0,0.0,4.1907766e-05,0.00056575483,0.003492314,0.0035691448,0.013962271,0.034126893,0.05582813,0.0573857,0.04749547,0.05395625,0.05460582,0.074539945,0.11412882,0.23146358,0.33821663,0.6089897,0.5478183,0.19904792,0.030075807,0.0072290897,0.007264013,0.007508475,0.008297738,0.026059646,0.25004268,0.07045394,0.09087699,0.09630405,0.009128909,2.7938511e-05,0.0,14
0.0,0.0,0.0,0.0,0.0,0.0,0.0,0.0,0.0,0.0,0.0,0.0,0.0,2.109411e-05,0.00017578425,0.00041485086,0.0011461134,0.014794003,0.03909442,0.056124397,0.052454025,0.04319371,0.049845386,0.04879771,0.07115044,0.12321773,0.26138416,0.39111295,0.6115042,0.4150899,0.11890047,0.011468166,0.0054000923,0.0063352645,0.007460284,0.0077556013,0.06281123,0.39405206,0.073330164,0.11136988,0.07979199,0.00466883,0.0,0.0,14
0.0,0.0,0.0,0.0,0.0,0.0,0.0,0.0,0.0,0.0,0.0,7.382553e-06,5.9060425e-05,0.00029530213,0.0005389264,0.0011590609,0.0022738264,0.007781211,0.012100005,0.025314774,0.042877868,0.061061095,0.094385944,0.10418997,0.1267289,0.17676046,0.26989138,0.36769545,0.549513,0.4897069,0.17510678,0.028186588,0.0102691315,0.0109114135,0.010165775,0.011738259,0.029736923,0.3471941,0.09628326,0.10613897,0.05271881,0.0050275186,2.2147658e-05,0.0,14
0.0,0.0,0.0,0.0,0.0,0.0,0.0,0.0,0.0,0.0,0.0,0.0,7.1215795e-06,0.0,0.0003418358,0.0005910911,0.0018160028,0.014065119,0.030971749,0.05294182,0.05694415,0.04981545,0.05578333,0.06050494,0.08934022,0.15093476,0.30687597,0.37677428,0.5819612,0.47839922,0.1353385,0.016436605,0.006295476,0.007328105,0.008061628,0.008553017,0.030544454,0.32841876,0.072689965,0.10693052,0.06892977,0.0045578107,7.1215795e-06,0.0,14
0.0,0.0,0.0,0.0,0.0,0.0,0.0,0.0,0.0,0.0,0.0,0.0,0.0,0.0,5.699651e-05,0.0003134808,0.0013322934,0.009418673,0.026325263,0.045924935,0.059604097,0.052351292,0.06439893,0.07396722,0.09234147,0.14561896,0.2529719,0.39163014,0.5808087,0.5271892,0.16711377,0.014306123,0.006219744,0.0072884285,0.00824312,0.009440047,0.029595437,0.25163957,0.09357402,0.10219474,0.08375637,0.005813644,2.1373691e-05,0.0,14
0.0,0.0,0.0,0.0,0.0,0.0,0.0,0.0,0.0,0.0,0.0,0.0,0.0,0.0,3.652894e-05,0.0003068431,0.0012346783,0.008423574,0.021157565,0.038640317,0.054844555,0.058300193,0.07770437,0.08578457,0.12029711,0.2069876,0.39965585,0.46240526,0.5666224,0.30281764,0.07127527,0.010695674,0.006692102,0.008774252,0.009219905,0.0111778565,0.2839614,0.18503371,0.08214629,0.08281842,0.023597697,0.0017899182,0.0,0.0,14
0.0,0.0,0.0,0.0,0.0,0.0,0.0,0.0,0.0,0.0,0.0,2.084834e-05,2.084834e-05,6.254502e-05,7.644392e-05,4.169668e-05,0.00013898894,0.0011397093,0.0036832069,0.010938429,0.023072163,0.038402643,0.06306623,0.082170255,0.10134378,0.1626935,0.26613602,0.40688315,0.6206898,0.41655678,0.11661866,0.018422984,0.00904123,0.011265053,0.013530573,0.016421543,0.1187313,0.33218354,0.103386916,0.07205881,0.017484808,0.00089647865,0.0,0.0,14
0.0,0.0,0.0,0.0,0.0,0.0,0.0,0.0,0.0,0.0,0.0,0.0,0.0,2.8008617e-05,7.0021546e-05,0.00030109263,0.00066520466,0.0040682517,0.014935595,0.033736378,0.050632577,0.052796245,0.06840404,0.072640345,0.08619652,0.14095336,0.24274369,0.3484412,0.5987612,0.50877655,0.15392135,0.016209988,0.0064629884,0.0075973375,0.008332564,0.010188134,0.0318598,0.33141196,0.094178975,0.10601261,0.055786163,0.004026239,0.0,0.0,14
0.0,0.0,0.0,0.0,0.0,0.0,0.0,0.0,0.0,0.0,7.129879e-06,2.8519516e-05,1.4259758e-05,7.129879e-06,0.00012833782,0.0003422342,0.0016113527,0.01179282,0.02949631,0.04906783,0.05557028,0.054557834,0.0674344,0.0725893,0.09328021,0.13629477,0.24183124,0.35222316,0.5803864,0.54858714,0.24938892,0.028954439,0.006067527,0.006830424,0.007764438,0.0084275175,0.027257528,0.22000667,0.06558776,0.08988639,0.090627894,0.009668116,5.7039033e-05,0.0,14
0.0,0.0,0.0,0.0,2.158723e-05,7.1957434e-06,0.0,2.158723e-05,7.1957434e-06,1.4391487e-05,0.0,0.0,1.4391487e-05,3.5978715e-05,0.00021587231,0.0011729061,0.003029408,0.011657104,0.025249863,0.037151624,0.050478138,0.054119185,0.07764207,0.08049159,0.10279839,0.15075801,0.22742866,0.3240603,0.55353975,0.56565017,0.34680605,0.07970005,0.017420895,0.011210968,0.008620501,0.008224735,0.017622376,0.12691852,0.07617414,0.070906855,0.094249845,0.011002292,4.317446e-05,0.0,14
0.0,0.0,0.0,0.0,0.0,0.0,0.0,0.0,0.0,0.0,0.0,0.0,0.0,1.46417815e-05,0.00010249247,0.00030015653,0.00091511133,0.0052637206,0.016881974,0.036113955,0.049913835,0.046795134,0.06343552,0.0664078,0.09107188,0.16285321,0.29337737,0.43459004,0.5949102,0.42688847,0.13203959,0.015300661,0.0069475253,0.008323853,0.011003299,0.048735168,0.19380595,0.25087228,0.082616255,0.09644541,0.04940137,0.0036531244,0.0,0.0,14
0.0,0.0,0.0,0.0,0.0,0.0,0.0,0.0,0.0,2.093309e-05,1.3955393e-05,2.7910786e-05,4.8843875e-05,6.9776965e-05,9.768775e-05,0.00036284022,0.0006698589,0.0038028446,0.012434255,0.026243117,0.041873157,0.047190163,0.06266669,0.06742548,0.0970458,0.15412337,0.23506464,0.35409018,0.5874523,0.54827946,0.23816971,0.03947283,0.008394169,0.008324392,0.008142971,0.009831575,0.020549316,0.22029285,0.0824694,0.090549566,0.067753434,0.0065171686,1.3955393e-05,0.0,14
0.0,0.0,0.0,0.0,0.0,0.0,0.0,0.0,0.0,2.9105746e-05,5.821149e-05,0.00018191092,0.00074947294,0.0012224413,0.0011860591,0.003034274,0.003681877,0.010419857,0.029229445,0.05554104,0.06478211,0.061558653,0.07598782,0.079546005,0.11415274,0.23582202,0.43526188,0.489937,0.5005897,0.1695337,0.019951988,0.008564366,0.0071891192,0.008964569,0.010936484,0.014254539,0.38418856,0.17584965,0.10645427,0.08589833,0.014523767,0.00033471608,0.0,0.0,14
0.0,0.0,0.0,0.0,0.0,0.0,0.0,0.0,0.0,0.0,0.0,0.0,0.0,0.0,1.4067929e-05,0.0001406793,0.0006682266,0.003552152,0.010304758,0.022698604,0.03481109,0.04019911,0.06330568,0.07435604,0.107929155,0.16815396,0.2557479,0.3745305,0.58318603,0.51435167,0.2682543,0.041099455,0.008278976,0.007955414,0.00846186,0.00849703,0.019624762,0.20881027,0.08248027,0.092208244,0.05905717,0.0052965754,2.1101894e-05,0.0,14
0.0,0.0,0.0,0.0,0.0,0.0,0.0,0.0,0.0,0.0,0.0,0.0,0.0,0.0,7.2199523e-06,0.00014439905,0.00064257573,0.0037832551,0.0114219645,0.021739276,0.043211415,0.05560085,0.08084903,0.07723905,0.09702894,0.15557553,0.27786708,0.3966353,0.6078333,0.47415593,0.20660615,0.027991755,0.008064686,0.009393158,0.010158473,0.013313592,0.0878957,0.20342937,0.11365649,0.10317312,0.053839184,0.0037543753,0.0,0.0,14
0.0,0.0,0.0,0.0,0.0,0.0,0.0,0.0,7.900218e-06,1.5800437e-05,4.740131e-05,7.900219e-05,0.0003002083,0.00065571815,0.001374638,0.0028361785,0.007402505,0.028361784,0.039619595,0.060310267,0.077848755,0.07803046,0.12275359,0.14855571,0.20076825,0.27557543,0.3978787,0.42354652,0.55141157,0.34234017,0.10043547,0.028954301,0.012379643,0.010886501,0.010602093,0.012055733,0.11688373,0.16198608,0.06440258,0.104669996,0.054416705,0.0039264085,1.5800437e-05,0.0,15
0.0,0.0,0.0,0.0,0.0,0.0,0.0,1.5243962e-05,7.621981e-06,1.5243962e-05,7.621981e-06,0.0,0.0,7.621981e-06,3.8109905e-05,0.0004344529,0.002439034,0.012492427,0.030762315,0.046379752,0.06206579,0.065129824,0.09539671,0.118064485,0.14479476,0.20325536,0.3075012,0.4100397,0.5654443,0.43741786,0.13156301,0.02412357,0.009138755,0.009611318,0.009489366,0.010152479,0.029024502,0.2823334,0.09420006,0.10615133,0.102569,0.010030527,3.8109905e-05,0.0,15
0.0,0.0,0.0,0.0,0.0,0.0,0.0,0.0,0.0,0.0,0.0,0.0,0.0,3.116304e-05,0.0003505842,0.0012854753,0.0035525865,0.019336665,0.03486365,0.05260321,0.06102502,0.061975494,0.08656313,0.11000553,0.14246963,0.20031601,0.32118964,0.4287411,0.55164033,0.42474443,0.17118637,0.03260433,0.009909847,0.0088503035,0.008749023,0.010899273,0.07793097,0.2638964,0.08666441,0.10226931,0.10861098,0.011343346,4.6744557e-05,0.0,15
0.0,0.0,0.0,0.0,0.0,0.0,0.0,0.0,0.0,0.0,0.0,0.0,0.0,0.0,0.00012782114,0.00093234243,0.0017443825,0.010135464,0.024722112,0.03915838,0.053023215,0.057564624,0.09891852,0.11708416,0.15803204,0.224093,0.33128983,0.40012527,0.57837564,0.45790794,0.16531032,0.041684728,0.014526497,0.01355656,0.012616699,0.010767051,0.059692472,0.16591184,0.062700026,0.08323412,0.0845424,0.0074437014,7.5188905e-06,0.0,15
0.0,0.0,0.0,0.0,0.0,0.0,0.0,0.0,0.0,0.0,0.0,0.0,0.0,3.1269636e-05,0.00016416558,0.0010788024,0.0040259655,0.017667344,0.03454513,0.059959527,0.06973129,0.07654807,0.09993775,0.11654975,0.18115282,0.29011968,0.4617431,0.48816592,0.45332372,0.21558851,0.050914783,0.021232083,0.010467511,0.011749566,0.011405599,0.013703918,0.22145937,0.2565439,0.09100246,0.11035054,0.034349695,0.0017510996,0.0,0.0,15
0.0,0.0,0.0,0.0,0.0,0.0,0.0,0.0,0.0,0.0,0.0,0.0,0.0,7.707451e-05,0.0005934737,0.0019268628,0.0030983952,0.008339462,0.019584633,0.04067222,0.060256854,0.0678564,0.09601172,0.11128018,0.15168263,0.22972828,0.3885326,0.4335364,0.54497844,0.26115927,0.06421077,0.020779287,0.0145516675,0.014397519,0.013495747,0.02077158,0.14721231,0.36629662,0.10862882,0.109222285,0.054445434,0.004015582,2.3122353e-05,0.0,15
0.0,0.0,0.0,0.0,0.0,0.0,0.0,0.0,0.0,0.0,0.0,0.0,0.0,0.0,0.00014702573,0.0014238282,0.0036524287,0.016374024,0.031850416,0.046119653,0.05830731,0.06730683,0.09749354,0.1283999,0.16613135,0.22036062,0.31971908,0.3844336,0.560168,0.4787545,0.17750649,0.051559605,0.019538946,0.015724014,0.011700153,0.010044179,0.03674096,0.17339751,0.0944679,0.09859236,0.09111726,0.009703699,2.321459e-05,0.0,15
0.0,0.0,0.0,0.0,0.0,0.0,0.0,0.0,0.0,0.0,0.0,0.0,2.9639035e-05,4.4458553e-05,0.00015560494,0.00061501,0.0016375567,0.011314701,0.025526619,0.039753355,0.053654063,0.053579967,0.079662316,0.10120249,0.13326451,0.20989624,0.30754945,0.40947068,0.559333,0.48802152,0.16889064,0.03532232,0.011892663,0.010055043,0.009239969,0.009032496,0.01876151,0.2144977,0.07812109,0.08718322,0.09925372,0.010699692,2.9639035e-05,0.0,15
0.0,0.0,0.0,0.0,0.0,0.0,0.0,0.0,0.0,0.0,0.0,0.0,0.0,0.0,5.3631305e-05,0.0007431767,0.0020150049,0.0092016,0.021621078,0.040277112,0.053240564,0.06507776,0.093670905,0.12014179,0.15965274,0.24816738,0.33385488,0.4035679,0.5269506,0.47954816,0.20315538,0.050122287,0.017100725,0.014442145,0.0109867565,0.011170635,0.023505835,0.16985035,0.084277764,0.09815295,0.08803962,0.008787872,2.2984845e-05,0.0,15
0.0,0.0,0.0,0.0,0.0,0.0,0.0,0.0,0.0,7.755929e-06,7.755929e-06,3.1023716e-05,2.3267787e-05,1.5511858e-05,0.00013185079,0.0014348469,0.004575998,0.017179383,0.035506643,0.061139986,0.07206033,0.076046884,0.10366575,0.10997907,0.14975147,0.23318976,0.37522408,0.45697933,0.53519785,0.35536116,0.088487394,0.023942553,0.010369677,0.010105975,0.011323656,0.011416728,0.08726195,0.28895488,0.074635305,0.10228519,0.07522476,0.0069415565,2.3267787e-05,0.0,15
0.0,0.0,0.0,0.0,0.0,0.0,0.0,0.0,0.0,0.0,0.0,0.0,0.0,3.9107766e-05,0.0005396872,0.0015799538,0.0059287376,0.026561996,0.042525787,0.062846184,0.0743204,0.07717527,0.1020087,0.12059271,0.1759302,0.29330826,0.45656756,0.4768019,0.46733782,0.1696886,0.035572425,0.015033026,0.0090104295,0.010496525,0.01072335,0.0135078225,0.2681463,0.24597222,0.08894671,0.11569642,0.037512172,0.002698436,0.0,0.0,15
0.0,0.0,0.0,0.0,0.0,0.0,0.0,0.0,0.0,7.799532e-06,7.799532e-06,2.3398596e-05,7.019579e-05,0.0003197808,0.0010217386,0.0020434773,0.004211747,0.018383497,0.03851409,0.058605682,0.06969662,0.06780913,0.089928605,0.11045697,0.1382077,0.17570785,0.28405896,0.38597542,0.5782027,0.4567796,0.17431174,0.047054578,0.015630262,0.012104874,0.010755555,0.011480911,0.028296702,0.26257125,0.112921625,0.11396676,0.11619743,0.012136072,1.5599064e-05,0.0,15
0.0,0.0,0.0,0.0,0.0,0.0,0.0,0.0,0.0,0.0,0.0,0.0,0.0,3.0242974e-05,0.00027218676,0.0005443735,0.0019582326,0.011666227,0.027385013,0.050437722,0.06516605,0.06425876,0.08276746,0.09793431,0.12108531,0.18101177,0.29239663,0.3710813,0.57023126,0.47770292,0.15439795,0.030159807,0.0115074515,0.010327976,0.009496294,0.010713574,0.029055938,0.2980445,0.09425223,0.11347164,0.104928,0.011144536,3.0242974e-05,0.0,15
0.0,0.0,0.0,0.0,0.0,0.0,0.0,0.0,0.0,0.0,0.0,8.266988e-06,5.7868914e-05,0.00011573783,0.0002645436,0.0016699315,0.0063159787,0.027644807,0.04589005,0.0678141,0.08004098,0.087588735,0.117961645,0.1304448,0.16920044,0.23973437,0.36578113,0.41149756,0.51482666,0.29318044,0.09619467,0.02595834,0.011019895,0.010416404,0.010623079,0.015889151,0.20328523,0.35080135,0.08898585,0.1229301,0.096087195,0.00886221,8.266988e-06,0.0,15
0.0,0.0,0.0,0.0,0.0,0.0,0.0,0.0,0.0,0.0,0.0,0.0,7.5840258e-06,2.2752078e-05,0.00024268882,0.0013727087,0.0037995968,0.012870092,0.0235484,0.041818317,0.05750967,0.07270047,0.118394226,0.1467509,0.20241006,0.29454082,0.42434898,0.45533732,0.5582526,0.25968462,0.086738504,0.030078245,0.015114963,0.015228724,0.013158285,0.014288304,0.11513309,0.15172602,0.07799412,0.08253695,0.0268247,0.00116794,0.0,0.0,15
0.0,0.0,0.0,0.0,0.0,0.0,0.0,0.0,0.0,0.0,0.0,0.0,0.0,1.5594493e-05,0.00031188986,0.0007563329,0.0033138297,0.0122728655,0.02162956,0.036522303,0.050947208,0.06463137,0.10726672,0.13691185,0.17557059,0.2373014,0.3593595,0.41122678,0.53418154,0.43654442,0.17179672,0.051204517,0.018370312,0.017348872,0.0141598,0.013863504,0.04527081,0.19886877,0.08909134,0.10707179,0.074151814,0.006487309,3.1188985e-05,0.0,15
0.0,0.0,0.0,0.0,0.0,0.0,0.0,0.0,0.0,0.0,0.0,0.0,0.0,2.2551416e-05,0.00019544561,0.00090205664,0.0027061698,0.008201199,0.018958224,0.033406164,0.04426843,0.048853885,0.0793885,0.10678095,0.13375245,0.18894328,0.25922853,0.32963404,0.49429697,0.5664465,0.3604017,0.109487124,0.026896322,0.017702863,0.0118770795,0.011200537,0.012546104,0.09407699,0.107870944,0.08293659,0.103210315,0.020115864,0.00015785992,0.0,15
0.0,0.0,0.0,0.0,0.0,0.0,0.0,0.0,0.0,0.0,0.0,0.0,0.0,7.508404e-06,4.5050423e-05,0.00029282775,0.0013815464,0.009918601,0.02526578,0.041378815,0.04991587,0.04963055,0.075061515,0.088103615,0.11568198,0.16223408,0.24484155,0.33876416,0.5637685,0.5322707,0.28854045,0.07455845,0.016473439,0.010737018,0.0087397825,0.009490622,0.012298766,0.14648145,0.1655603,0.0843419,0.13289124,0.021917032,6.757564e-05,0.0,15
0.0,0.0,0.0,0.0,0.0,0.0,0.0,0.0,0.0,0.0,0.0,0.0,0.0,7.606372e-06,0.00011409558,0.000532446,0.001308296,0.007142383,0.021183746,0.03854909,0.053077266,0.0631481,0.09068317,0.11751845,0.15047686,0.22221255,0.34780136,0.41045505,0.55579,0.4426072,0.18534447,0.044307116,0.01549418,0.011652962,0.0101849325,0.010892325,0.02320704,0.19651063,0.09428859,0.09654768,0.09235657,0.009918709,2.2819117e-05,0.0,15
0.0,0.00010132125,0.00046438907,0.004171058,0.00786084,0.09064875,0.10096663,0.003453366,0.00052349316,0.00059104065,0.000675475,0.0012834026,0.0014691582,0.0021530767,0.0028876557,0.0043483702,0.007894615,0.019487454,0.032802757,0.05131077,0.06745462,0.08134408,0.13426755,0.1543967,0.19023065,0.2379192,0.342888,0.33913067,0.5672808,0.43976802,0.20081872,0.0716088,0.03701603,0.025676494,0.01562036,0.021952938,0.07518037,0.11754954,0.06787679,0.08988039,0.056824338,0.010089908,9.287782e-05,0.0,15
0.0,0.0,0.0,0.0,0.0,0.0,0.0,0.0,7.5703924e-06,1.5140785e-05,0.0,4.5422355e-05,0.00025739335,0.00045422354,0.0006737649,0.0009765807,0.001832035,0.0070253243,0.022945859,0.036390875,0.050608072,0.056036044,0.08820264,0.11071699,0.14501087,0.18788958,0.26017925,0.3369733,0.52361375,0.54944396,0.32931963,0.09003468,0.02353635,0.013861389,0.010961928,0.010696964,0.024384234,0.13442746,0.08444773,0.07752839,0.09341864,0.02545166,0.0002952453,0.0,15
0.0,0.0,0.0,0.0,0.0,0.0,0.0,5.0800212e-05,5.8057383e-05,0.00018868649,0.00021771519,0.0004281732,0.00074023166,0.0012337194,0.0017126928,0.0024819532,0.002815783,0.005798481,0.01463046,0.022918152,0.03249036,0.039587878,0.07080824,0.09175244,0.12387268,0.16367827,0.26678818,0.37476766,0.5954873,0.52089083,0.22242509,0.04471144,0.014608689,0.013534628,0.011909021,0.01823002,0.10040299,0.12329937,0.11171692,0.096491374,0.06314466,0.0073224874,2.9028692e-05,0.0,15
0.0,0.0,0.0,0.0,0.0,0.0,0.0,0.0,0.0,0.0,7.4388e-06,1.48776e-05,5.95104e-05,8.18268e-05,0.00012645959,0.0003124296,0.0015398316,0.01078626,0.02590934,0.042564813,0.055411622,0.059421133,0.08245166,0.1045077,0.13421826,0.19986567,0.32512018,0.37488577,0.4325811,0.15904154,0.030915653,0.009953114,0.006583338,0.0075280657,0.008472793,0.011582212,0.3820791,0.53780293,0.07935712,0.10577974,0.048805967,0.0025738247,0.0,0.0,15
0.0,0.0,0.0,0.0,0.0,0.0,0.0,0.0,6.6441346e-05,0.00011073558,0.00022147116,0.00046508943,0.0006201192,0.0005684426,0.0006717958,0.0008785022,0.0011737971,0.0045623058,0.013760741,0.024996711,0.04089096,0.044183493,0.071815714,0.085805304,0.11523882,0.18269156,0.2772376,0.3837357,0.6008955,0.4919022,0.20627823,0.044419732,0.016949926,0.014882862,0.012409767,0.025417505,0.11642,0.15799014,0.10618065,0.095144,0.06645611,0.0106601445,5.9058973e-05,0.0,15
0.0,0.0,0.0,0.0,0.0,0.0,0.0,0.0,0.0,0.0,0.0,0.0,5.1714876e-05,0.00029551357,0.0006870691,0.0029846872,0.004484419,0.010069625,0.023027895,0.032329187,0.04462994,0.04992702,0.078111626,0.09914481,0.129398,0.18266433,0.26885086,0.32416362,0.5281862,0.58556753,0.2858946,0.059649415,0.018203637,0.014007344,0.011192577,0.009921868,0.03409488,0.12903601,0.10079968,0.08125146,0.08591319,0.023094386,0.0005097609,0.0,15
0.0,0.0,0.0,0.0,0.0,1.4377887e-05,5.751155e-05,4.313366e-05,4.313366e-05,1.4377887e-05,2.8755774e-05,5.0322604e-05,2.8755774e-05,2.8755774e-05,2.8755774e-05,0.00041695873,0.0013227656,0.0035010155,0.008511709,0.02028001,0.037842598,0.05463597,0.09771212,0.12892652,0.18533096,0.27330208,0.47062418,0.4494743,0.54165816,0.30660126,0.064355426,0.027986556,0.017533833,0.016973095,0.01783577,0.018734386,0.109394155,0.15282255,0.074369624,0.043104906,0.00782876,8.626732e-05,0.0,0.0,15
0.0,0.0,0.0,0.0,0.0,0.0,0.0,0.0,0.0,0.0,0.0,0.0,0.0,0.0,8.4381914e-05,0.00023908209,0.0008438191,0.0041065863,0.009619538,0.019414872,0.034019973,0.043970007,0.06996667,0.09387488,0.12530714,0.19143443,0.29305136,0.38652542,0.64020556,0.41925856,0.0906543,0.018339003,0.01077979,0.0128401145,0.013262024,0.014759803,0.025827898,0.2702612,0.116819724,0.10007695,0.05314654,0.004373796,0.0,0.0,15
0.0,0.0,0.0,0.0,0.0,0.0,0.0,0.0,0.0,0.0,3.0024832e-05,6.0049664e-05,0.00021768003,0.0004653849,0.0010583753,0.0023344306,0.0037080667,0.013698829,0.029131593,0.04444426,0.05354929,0.055733595,0.080804326,0.106880896,0.13734859,0.19618976,0.30358857,0.41016924,0.5850263,0.44272366,0.136628,0.032044,0.011529535,0.009630465,0.009217624,0.010711359,0.026804669,0.25686994,0.0899619,0.10345056,0.106392995,0.009300192,0.0,0.0,15
0.0,0.0,0.0,0.0,0.0,0.0,0.0,0.0,0.0,0.0,0.0,0.0,0.0,0.0,4.321635e-05,0.0002304872,0.0006266371,0.0035437408,0.011387508,0.024618914,0.038419336,0.052104514,0.091352165,0.120479986,0.15204233,0.2185811,0.31495357,0.41193104,0.607449,0.41139084,0.09153223,0.022883058,0.011726037,0.012568755,0.012727215,0.014283004,0.021370485,0.25143272,0.10186094,0.094132416,0.041278817,0.0025497647,7.202725e-06,0.0,15
0.0,0.0,0.0,0.0,0.0,0.0,7.612348e-06,6.0898783e-05,5.3286436e-05,5.3286436e-05,8.3735824e-05,6.851113e-05,9.134818e-05,5.3286436e-05,0.0003958421,0.0011799139,0.004095443,0.01141091,0.023217661,0.037825756,0.05002835,0.060617127,0.090350956,0.11031053,0.14704773,0.19559167,0.25236455,0.33428103,0.5258001,0.54478526,0.33622217,0.09354814,0.028188525,0.017264806,0.011129253,0.009797092,0.01154032,0.08406316,0.12101349,0.07103843,0.10829326,0.03280922,0.0012560374,0.0,15
0.0,0.0,0.0,0.0,0.0,0.0,0.0,0.0,0.0,0.0,0.0,0.0,0.0,2.3004597e-05,0.00036040536,0.0012959256,0.004662265,0.02933853,0.04960558,0.06910581,0.06519503,0.0648883,0.08448822,0.10921816,0.17177533,0.28038004,0.46028364,0.47366464,0.41934314,0.13379474,0.025305057,0.0113872755,0.0074918303,0.008028604,0.010620455,0.034284517,0.41586176,0.17018801,0.08804626,0.11508433,0.03431519,0.0022314459,0.0,0.0,15
0.0001619608,0.0004001384,0.0012766321,0.0027533334,0.0038489506,0.010879954,0.04144291,0.01533864,0.002343668,0.0011432526,0.0009146021,0.0014290658,0.0021817072,0.0034011765,0.006621338,0.00905075,0.012499562,0.033621155,0.060154144,0.06786157,0.089478575,0.10169232,0.16137964,0.18282515,0.22852667,0.27134147,0.32341665,0.33716425,0.41768736,0.39018258,0.24967685,0.12050836,0.05143684,0.040718846,0.027895365,0.09746229,0.31037402,0.14434516,0.09744323,0.10485532,0.09948203,0.024427498,0.00036203,0.0,16
0.0,0.0,0.0,0.0,0.0,0.0,8.360166e-06,8.360166e-06,3.3440665e-05,3.3440665e-05,1.6720332e-05,8.360166e-06,1.6720332e-05,2.5080499e-05,7.524149e-05,0.00045144898,0.0015131901,0.008259844,0.020515848,0.036065757,0.04778671,0.06202407,0.1006146,0.13257551,0.17721045,0.22021514,0.28345978,0.31217697,0.4638471,0.48812503,0.3881291,0.19039443,0.074255,0.055177096,0.029302383,0.021920355,0.027973115,0.06707361,0.12639736,0.12553626,0.13102053,0.04771983,0.0017221943,0.0,16
0.0001390722,0.0007417184,0.0023456845,0.0047284546,0.0047469977,0.020981358,0.15319267,0.035862084,0.0013814506,0.00028741587,0.00019470108,0.00033377326,0.00033377326,0.0004172166,0.0006860895,0.001585423,0.004830441,0.021101888,0.0465521,0.061812956,0.072781116,0.07589634,0.11632926,0.14784302,0.19286533,0.25556836,0.31802103,0.34051365,0.44358468,0.43743768,0.2558465,0.085483044,0.030781314,0.02549657,0.0208052,0.0233085,0.17586143,0.22599232,0.15715158,0.13429739,0.11607893,0.024124391,0.00033377326,0.0,16
0.0,0.0,0.0,0.0,0.0,0.0,0.0,0.0,0.0,8.546565e-06,1.709313e-05,8.546565e-06,2.5639696e-05,3.418626e-05,0.00013674505,0.00023930383,0.0010683207,0.005743292,0.017537553,0.033485442,0.04656169,0.054774936,0.08640578,0.12284833,0.17041852,0.21469827,0.29598466,0.31154794,0.48887208,0.45594218,0.3518621,0.17496529,0.06897933,0.053578418,0.028254945,0.022545839,0.051886197,0.15181264,0.1802556,0.13771081,0.14606081,0.047313787,0.0012990779,0.0,16
0.0,0.0,0.0,0.0,0.0,0.0,0.0,0.0,0.0,0.0,0.0,0.0,0.0,0.0,0.000117579555,0.0007868786,0.0033103167,0.014127635,0.025424317,0.044517428,0.0640085,0.08268556,0.13272019,0.16916984,0.19883607,0.24581362,0.31810695,0.32971117,0.42484206,0.408598,0.27850074,0.14670311,0.055904556,0.046624817,0.028816035,0.099797904,0.31869486,0.18212168,0.1298621,0.10369612,0.07005932,0.01597273,0.0002894266,0.0,16
0.0,0.0,0.0,0.0,0.0,0.0,0.0,0.0,0.0,0.0,8.045394e-06,1.6090788e-05,2.4136181e-05,8.045394e-05,0.00023331642,0.0006436315,0.0023331642,0.009694699,0.023066144,0.035013553,0.057765927,0.07767828,0.12196817,0.15025577,0.19725697,0.25400114,0.32617635,0.36066696,0.5039152,0.48527402,0.27082404,0.101894915,0.04109587,0.029912774,0.016613739,0.01605056,0.040725783,0.08595699,0.10191905,0.08781547,0.08768675,0.017820546,0.00018504406,0.0,16
0.0,0.0,0.0,0.0,0.0,0.0,0.0,0.0,0.00011132317,0.00023120966,0.00039391278,0.0014215113,0.0017212275,0.0031684288,0.0038534945,0.004392984,0.0051893727,0.01196296,0.021973481,0.035906006,0.053024083,0.066228725,0.113515384,0.1542511,0.20977567,0.28900352,0.3664245,0.37777945,0.44453913,0.3346032,0.12796171,0.033431206,0.019156149,0.02096301,0.023651892,0.12218146,0.24678634,0.33098093,0.15528727,0.09715088,0.047089703,0.006037141,3.4253284e-05,0.0,16
0.00045091694,0.0009662506,0.0026502872,0.0040858597,0.0048404555,0.005162539,0.060910597,0.02525135,0.00057975034,0.00038650024,0.0003404883,0.00043251217,0.00086502434,0.0013527508,0.0022729894,0.004159479,0.0074079214,0.028619422,0.049306385,0.06694736,0.07900249,0.08256381,0.11859115,0.144183,0.1966274,0.25188774,0.30754375,0.34570605,0.48054862,0.4144295,0.21391867,0.08618035,0.035640843,0.031711426,0.026502874,0.03824512,0.18465509,0.27388144,0.14561856,0.1268733,0.1265144,0.030395484,0.0003496907,0.0,16
0.0,0.0,0.0,0.0,0.0,0.0,0.0,0.0,0.0,0.0,2.6016882e-05,0.0001300844,0.0002601688,0.0002775134,0.00060706056,0.0018125094,0.004431542,0.013372677,0.023241747,0.037819874,0.05096707,0.06854581,0.10401549,0.13558264,0.190088,0.25817418,0.32924363,0.32101363,0.4887965,0.41321746,0.20456207,0.078779116,0.029945431,0.022131694,0.017552722,0.074495,0.2217679,0.282049,0.17373206,0.12663284,0.08165832,0.022461241,0.0002601688,0.0,16
0.0,0.0,0.0,0.0,0.0015022255,0.012560028,0.06976015,0.014800033,0.0014044475,0.0011022246,0.00050666777,0.001173336,0.0019022264,0.0022222272,0.0032355627,0.005840013,0.0068177925,0.016835593,0.038577862,0.057306793,0.06784015,0.077706836,0.12727138,0.15816924,0.20886268,0.26820502,0.35265854,0.39024973,0.45348543,0.33283627,0.13450696,0.04468454,0.018542262,0.01668448,0.014346698,0.045822322,0.2133249,0.3329874,0.16645369,0.12923583,0.07184016,0.010684468,6.222236e-05,0.0,16
0.0,0.0,7.112046e-05,0.0016091005,0.009254551,0.023558654,0.3150281,0.075796634,0.0023558654,0.0016713309,0.0011023672,0.0014846397,0.0013246186,0.0019291425,0.0023469753,0.004907312,0.005796318,0.012659443,0.022162914,0.030101735,0.037631616,0.04589048,0.071333826,0.10918769,0.13494219,0.1682888,0.23912477,0.27592072,0.45640668,0.48057875,0.35176182,0.12166933,0.046939507,0.03512462,0.025638927,0.026563494,0.08499784,0.1809927,0.1980705,0.1314395,0.11262814,0.023994267,0.00022225144,0.0,16
0.0,9.3334165e-05,0.00039030652,0.0003478819,0.00019515326,0.00013575879,0.00027151758,8.484924e-05,4.242462e-05,0.00013575879,9.3334165e-05,0.00011878894,8.484924e-05,0.00016969848,0.00054303516,0.0016036507,0.0039624595,0.017215911,0.03868277,0.06269511,0.07391217,0.07421763,0.10838643,0.13160117,0.17078456,0.22920327,0.31533372,0.38309434,0.5231041,0.3678639,0.15719171,0.056127775,0.029586932,0.0207117,0.015875293,0.019752905,0.13902548,0.3311581,0.17392398,0.13818547,0.09480206,0.015094681,0.00022909296,0.0,16
0.00067688094,0.0013893872,0.002850025,0.00402566,0.0033487792,0.0025383034,0.0045333207,0.012931988,0.0007926632,0.00018703289,0.0002226582,0.00045422273,0.000979696,0.0013448555,0.0020395492,0.00271643,0.005245827,0.017768124,0.03880487,0.05442657,0.06560401,0.07402049,0.11219301,0.13029958,0.18338129,0.23178717,0.31659323,0.34529832,0.49680388,0.37225777,0.1704315,0.06792856,0.030361671,0.02890994,0.025872882,0.091147356,0.22996138,0.34199408,0.14467439,0.12515172,0.10824751,0.02893666,0.00046312905,0.0,16
0.0,0.0,0.0,0.0,0.0,0.0,0.0,8.913117e-06,1.7826234e-05,0.000151523,0.00044565587,0.0010517478,0.0012567495,0.0016934923,0.0023798023,0.003422637,0.006310487,0.020152558,0.039520763,0.050163023,0.064254664,0.07444236,0.11386507,0.14416076,0.19107941,0.25268686,0.32103264,0.34059694,0.4600773,0.43496013,0.22040357,0.08497766,0.03633878,0.028415017,0.024885423,0.17437622,0.2872965,0.16032915,0.117608584,0.10136888,0.099541694,0.023004755,0.00027630664,0.0,16
0.0,0.0,0.0,0.0,0.0,0.0,0.0,0.0,0.0,0.0,0.0,0.0,0.0,0.0,4.866442e-05,0.00020276841,0.0012733856,0.0068454617,0.019035898,0.03689574,0.054779913,0.06643504,0.10180596,0.13818261,0.18347296,0.24286789,0.31747043,0.36513725,0.5143099,0.47913364,0.23389742,0.07487832,0.026286896,0.026392337,0.019222446,0.018297821,0.050756987,0.14757484,0.16315557,0.13027465,0.099721506,0.014631769,4.866442e-05,0.0,16
0.0,0.0,0.0,0.0,0.0,0.0,0.0,0.0,0.0,0.0,0.0,0.0,8.773421e-06,6.141394e-05,0.00017546842,0.0007983813,0.0037462506,0.022091473,0.04539368,0.0616596,0.07327561,0.07990832,0.117362045,0.14165565,0.19242744,0.24508551,0.33460948,0.38096824,0.44605824,0.32766095,0.14685829,0.044761993,0.017187132,0.015897438,0.015625462,0.06294052,0.24816498,0.37264228,0.17169584,0.13952371,0.09775345,0.015485087,0.00021933552,0.0,16
0.0,0.0,0.0,0.0,0.0,0.0,0.0,0.0,0.0,0.0,0.0,0.0,0.0,0.0,3.279791e-05,0.000737953,0.0016398955,0.0048950883,0.016981117,0.028837563,0.039816663,0.05240286,0.092563905,0.12341034,0.18151183,0.2403103,0.28631756,0.30643088,0.47330666,0.50618654,0.36719722,0.16718735,0.05901984,0.044145986,0.026771294,0.02323732,0.07957593,0.0862831,0.14063744,0.11434171,0.08553695,0.022023797,0.00035257754,0.0,16
0.0,0.0,0.0,0.0,0.0,0.0,0.0,1.6413676e-05,0.0,4.103419e-05,0.00013951625,0.0003282735,0.0010586821,0.001313094,0.0016085403,0.0018055044,0.0031350122,0.009872827,0.0223226,0.035625886,0.046212707,0.0554454,0.089068815,0.12178948,0.17227794,0.21979554,0.28005835,0.3072558,0.50024784,0.5048765,0.35478163,0.14429262,0.056627184,0.043340314,0.025908988,0.026122365,0.06982378,0.07449347,0.14724709,0.12795281,0.11036556,0.019392759,0.00025441198,0.0,16
0.0,0.0,0.0,0.0,0.0,0.0,0.0,0.0,0.0,0.0,0.0,4.109425e-05,0.00012328275,0.00032053515,0.0005424441,0.0015615815,0.0035998563,0.01036397,0.029333076,0.045203675,0.058041517,0.06753429,0.113083154,0.14659962,0.18741444,0.2490558,0.30845344,0.33924946,0.47956166,0.48958045,0.32995394,0.13546309,0.045820087,0.031256285,0.018484194,0.015673347,0.025634592,0.07023829,0.13160844,0.10099323,0.112721525,0.0317412,0.00087941694,0.0,16
0.0,0.0,0.0,0.0,0.0,0.0,0.0,0.0,0.0,8.713186e-06,3.4852743e-05,3.4852743e-05,5.2279116e-05,0.00011327142,0.00028753513,0.0011762801,0.002997336,0.015195796,0.03306654,0.048645716,0.062595524,0.07005401,0.11006496,0.1372414,0.16793793,0.22202069,0.29735488,0.3568398,0.46977141,0.39995265,0.22480018,0.06698697,0.024684455,0.018959893,0.016677037,0.0824006,0.25798,0.33017746,0.14503969,0.1246944,0.082540005,0.024431773,0.00064477575,0.0,16
0.0,0.0,0.0,0.0,0.0,0.0,0.0,0.0,7.0757735e-05,0.0002653415,0.00040685697,0.0010348319,0.001751254,0.002370384,0.0034582843,0.005271451,0.0049707307,0.016300812,0.03862488,0.056942288,0.07100539,0.07339346,0.10930301,0.1364209,0.19636156,0.2591325,0.34084,0.33748785,0.473838,0.29753628,0.116281494,0.033972558,0.013249386,0.013709311,0.017406402,0.25394067,0.32062984,0.2817573,0.1228885,0.12875254,0.10534058,0.017822104,0.00022111792,0.0,16
0.0,0.0,0.0,0.0,0.0,0.0,0.0,0.0,8.497043e-06,2.549113e-05,8.497043e-06,8.497043e-06,4.248522e-05,0.00012745566,0.0006797635,0.0019968052,0.0036197405,0.01729998,0.043895725,0.06313303,0.07372035,0.07111175,0.11136225,0.14597921,0.18620421,0.2497706,0.33716267,0.385137,0.4434182,0.26779282,0.091606624,0.026272858,0.013986133,0.0150057785,0.017342465,0.08701822,0.2988325,0.42546394,0.117021285,0.12640202,0.06837571,0.011190606,0.00028889946,0.0,16
0.0,0.0,0.0,0.0,0.0,0.0,0.0,8.63666e-06,0.00028500977,0.00053547294,0.00065638614,0.0011227658,0.0015718722,0.002737821,0.0053979126,0.00886985,0.0126699805,0.030262856,0.052942727,0.07266886,0.09732652,0.11193975,0.15288615,0.18087757,0.22791281,0.26432496,0.3073269,0.30519366,0.43191072,0.49966532,0.33369464,0.13978434,0.053486835,0.035453487,0.024985857,0.018810645,0.024130829,0.06879963,0.1017744,0.0950378,0.076952636,0.019838408,0.00028500977,0.0,16
0.0,0.0,7.3181975e-05,0.00040250085,0.0008781837,0.0024150051,0.0077755847,0.004143929,0.0011617638,0.0010794342,0.0011526161,0.0019759133,0.0025888123,0.004738533,0.006796776,0.009266667,0.010611386,0.03020586,0.057749726,0.0694131,0.084451996,0.09343509,0.14225662,0.1747677,0.21736877,0.24872723,0.30462912,0.3396467,0.4520725,0.43229508,0.28425708,0.1108341,0.03803633,0.029739324,0.020106748,0.023802437,0.19094092,0.19194718,0.13379495,0.10951682,0.12299146,0.026290623,0.00042079636,0.0,16
0.0,0.0,3.4402936e-05,0.00019781689,0.00069665944,0.0019867695,0.0009804837,0.0004558389,0.0005074433,0.0005246448,0.00046443962,0.0008858756,0.0011696998,0.0014277218,0.0020985792,0.0030532605,0.0055130706,0.016926244,0.030524004,0.046117134,0.060523365,0.07627991,0.12742847,0.17161044,0.20714867,0.25116724,0.31338495,0.32191688,0.5036332,0.46552333,0.26885036,0.12679201,0.06473772,0.04977245,0.030644415,0.026516063,0.041816767,0.15843412,0.12679201,0.117142,0.09603579,0.026404254,0.00036123084,0.0,16
0.0,0.0,0.0,0.0,0.0,0.0,0.0,0.0,0.0,0.0,0.0,2.7291633e-05,0.00030020796,0.000518541,0.0013645816,0.0046486747,0.012899845,0.039591063,0.05822215,0.076134555,0.08439483,0.089307316,0.1330922,0.17856005,0.23862894,0.29982588,0.37316757,0.35694727,0.42525822,0.31922114,0.14822085,0.051935975,0.019877406,0.018048866,0.023043234,0.18138018,0.28215,0.24770795,0.09862286,0.117599644,0.06754679,0.01431901,0.00018194421,0.0,16
0.0,7.687143e-05,0.00022207302,0.00035873335,0.0010932826,0.0013238969,0.0008882921,0.0008114207,0.00018790795,0.00017936667,0.00010249524,8.54127e-05,0.00013666032,0.00052955875,0.0012214016,0.0031175637,0.0075077764,0.023172466,0.048813358,0.06925262,0.08760781,0.10275148,0.14087117,0.16358241,0.19663712,0.24484405,0.3212201,0.33069235,0.4798144,0.481386,0.30716115,0.13062164,0.054518927,0.040904142,0.022685613,0.017509604,0.033464696,0.09944601,0.08937585,0.08499418,0.10166674,0.028826788,0.0009139159,0.0,16
0.0,0.0,0.0,0.0,0.0,0.0,0.0,0.0,0.0,0.0,0.0,0.0,0.0,0.0,7.572602e-05,0.00047118412,0.0018847365,0.009196504,0.023979906,0.04559548,0.06760651,0.084198914,0.12087555,0.14462829,0.18928981,0.25373265,0.3364423,0.39527297,0.50707823,0.42818856,0.24674903,0.10959238,0.048186988,0.035540745,0.025738431,0.021640813,0.083492145,0.12350072,0.13084614,0.11364792,0.09859528,0.01892309,0.00016828004,0.0,16
0.0,0.0,0.0,0.0,0.0,0.0,8.856625e-06,0.0,2.6569875e-05,1.771325e-05,0.0,8.856625e-06,5.313975e-05,0.00019484575,0.0008059529,0.0017890382,0.003870345,0.019156879,0.037977207,0.054007698,0.06284661,0.07161467,0.10824567,0.13369961,0.18379268,0.22379805,0.29948676,0.35128915,0.50752,0.3986721,0.21735042,0.0988045,0.035594776,0.027898367,0.021061053,0.07782316,0.20417178,0.28780487,0.14381388,0.13492182,0.11355079,0.03547964,0.0007882396,0.0,16
