DateTime,CO(GT),PT08.S1(CO),C6H6(GT),PT08.S2(NMHC),NOx(GT),PT08.S3(NOx),NO2(GT),PT08.S4(NO2),PT08.S5(O3),T,RH,AH
2004-03-10,1.9666666666666668,1316.5,8.450000000000001,912.3333333333334,132.0,1167.3333333333333,108.83333333333333,1545.5,1096.0,12.033333333333333,54.9,0.7656333333333333
2004-03-11,2.1458333333333335,1244.1666666666667,7.979166666666667,851.9583333333334,138.375,1277.25,95.70833333333333,1522.8333333333333,885.25,9.8375,64.075,0.7757666666666667
2004-03-12,2.5708333333333333,1281.6666666666667,12.129166666666668,1008.2916666666666,159.25,1101.875,106.58333333333333,1627.2916666666667,1084.375,11.2875,51.09583333333333,0.6631041666666667
2004-03-13,2.5833333333333335,1330.6666666666667,10.916666666666666,992.8333333333334,176.75,993.2083333333334,113.91666666666667,1595.7916666666667,1245.9166666666667,12.866666666666667,51.53333333333333,0.7322958333333333
2004-03-14,2.3666666666666667,1361.125,9.637500000000001,943.9166666666666,140.5,1001.2916666666666,105.79166666666667,1602.375,1234.2083333333333,16.0125,48.85,0.8496708333333333
2004-03-15,3.358333333333333,1452.1666666666667,16.091666666666665,1138.9166666666667,206.16666666666666,845.625,113.79166666666667,1888.625,1439.0833333333333,17.366666666666667,50.32083333333333,0.9440291666666667
2004-03-16,2.6541666666666663,1339.6666666666667,13.5,1061.9166666666667,174.04166666666666,939.2916666666666,113.25,1726.625,1322.625,18.625,44.8375,0.8710208333333332
2004-03-17,2.9458333333333333,1362.8333333333333,15.237499999999999,1099.0833333333333,191.625,930.6666666666666,114.95833333333333,1741.2083333333333,1405.875,18.779166666666665,41.166666666666664,0.8049166666666667
2004-03-18,2.5875,1352.6666666666667,13.795833333333334,1072.5833333333333,169.16666666666666,901.1666666666666,119.91666666666667,1702.8333333333333,1301.0,17.7625,44.0875,0.8260166666666667
2004-03-19,2.841666666666667,1304.2916666666667,13.520833333333334,1058.0,172.58333333333334,913.375,113.16666666666667,1745.4166666666667,1095.7916666666667,14.191666666666668,57.90416666666667,0.9239583333333333
2004-03-20,2.025,1288.625,8.754166666666666,911.9583333333334,126.45833333333333,968.4583333333334,93.25,1609.0833333333333,1019.0,15.862499999999999,52.18333333333334,0.9289958333333334
2004-03-21,1.9083333333333332,1252.7083333333333,7.595833333333334,870.625,111.95833333333333,975.6666666666666,85.45833333333333,1601.7916666666667,954.25,17.2125,52.45416666666667,1.0063208333333333
2004-03-22,2.0500000000000003,1129.3333333333333,9.4125,911.5416666666666,119.33333333333333,1062.25,86.75,1595.3333333333333,857.875,17.358333333333334,44.833333333333336,0.8579333333333333
2004-03-23,1.9208333333333334,1122.1666666666667,8.9625,896.625,121.125,1073.5416666666667,92.95833333333333,1557.0,892.7083333333334,12.133333333333333,60.46666666666667,0.8424999999999999
2004-03-24,1.925,1149.0416666666667,8.625,888.875,123.625,1040.75,92.5,1541.625,909.9583333333334,11.674999999999999,59.0875,0.7967083333333332
2004-03-25,1.9041666666666668,1084.9583333333333,8.095833333333333,859.7083333333334,110.79166666666667,1124.2083333333333,85.58333333333333,1494.6666666666667,800.4583333333334,11.633333333333333,58.79583333333333,0.7820791666666667
2004-03-26,1.8791666666666667,1084.7083333333333,8.424999999999999,892.5,116.04166666666667,1032.2083333333333,88.58333333333333,1457.625,888.5,11.666666666666666,51.291666666666664,0.6764916666666667
2004-03-27,1.7666666666666666,1095.125,7.7625,873.125,107.0,1046.0833333333333,89.16666666666667,1425.8333333333333,900.75,12.583333333333334,46.541666666666664,0.64155
2004-03-28,1.5625,1059.7083333333333,5.566666666666666,783.4583333333334,83.33333333333333,1121.75,75.83333333333333,1348.0833333333333,783.75,13.458333333333334,45.725,0.6638875
2004-03-29,1.4666666666666668,992.0,5.570833333333333,762.2083333333334,90.08333333333333,1194.0833333333333,81.04166666666667,1275.5833333333333,630.7083333333334,13.387500000000001,37.666666666666664,0.5602791666666667
2004-03-30,2.1083333333333334,1187.0416666666667,9.508333333333333,912.9166666666666,130.0,1019.875,98.0,1447.0,1003.9166666666666,15.508333333333333,34.4625,0.5942958333333334
2004-03-31,1.925,1181.125,7.870833333333334,863.2916666666666,116.5,1015.4583333333334,92.41666666666667,1513.5416666666667,904.25,13.5875,55.025,0.8417916666666666
2004-04-01,2.5500000000000003,1088.8333333333333,10.475,884.125,154.58333333333334,770.5833333333334,92.70833333333333,1438.8333333333333,1011.375,13.579166666666666,44.74166666666667,0.7480208333333334
2004-04-02,2.6833333333333336,1288.9166666666667,13.208333333333334,1059.2916666666667,147.25,844.1666666666666,113.58333333333333,1708.7083333333333,1197.375,17.941666666666666,49.104166666666664,0.9348875
2004-04-03,0.65,1307.2083333333333,10.887500000000001,989.7083333333334,41.75,862.4583333333334,32.375,1659.125,1140.4583333333333,19.133333333333333,45.699999999999996,0.9607041666666666
2004-04-04,0.0,1202.7916666666667,7.2124999999999995,856.7916666666666,0.0,939.7083333333334,0.0,1562.375,824.7916666666666,18.89166666666667,50.1625,1.0414875
2004-04-05,1.6083333333333334,1283.625,10.845833333333333,970.5416666666666,91.95833333333333,877.2083333333334,62.958333333333336,1703.4583333333333,1069.9583333333333,16.8625,53.95416666666667,1.0167625
2004-04-06,2.2333333333333334,1200.5416666666667,10.941666666666668,969.875,131.0,889.5833333333334,92.04166666666667,1663.7916666666667,941.2083333333334,16.925,48.20416666666667,0.9090541666666666
2004-04-07,1.6375,1051.7916666666667,6.9750000000000005,823.1666666666666,96.58333333333333,1090.125,81.70833333333333,1470.25,685.4583333333334,14.320833333333333,54.71666666666667,0.8671875
2004-04-08,2.470833333333333,1108.9583333333333,11.5375,971.25,148.0,868.0833333333334,101.5,1532.0,1039.125,13.895833333333334,47.333333333333336,0.7055708333333334
2004-04-09,2.4541666666666666,49.0,0.35000000000000003,38.208333333333336,176.20833333333334,36.083333333333336,108.20833333333333,65.0,47.958333333333336,0.5,2.829166666666667,0.03967916666666667
2004-04-10,1.7541666666666667,1051.4166666666667,7.445833333333333,869.75,112.33333333333333,973.9583333333334,86.875,1467.8333333333333,872.625,15.091666666666667,49.166666666666664,0.7815083333333334
2004-04-11,1.1541666666666666,940.0,4.058333333333334,707.9583333333334,61.833333333333336,1202.8333333333333,65.125,1265.6666666666667,631.7083333333334,14.775,43.762499999999996,0.6673416666666667
2004-04-12,0.8624999999999999,930.0416666666666,2.345833333333333,599.75,61.291666666666664,1376.25,63.375,1217.7916666666667,462.5833333333333,12.2125,52.979166666666664,0.7398625
2004-04-13,2.0541666666666667,1111.0,9.404166666666667,912.8333333333334,138.625,988.875,90.04166666666667,1542.2083333333333,941.9583333333334,13.058333333333332,53.050000000000004,0.7821875
2004-04-14,1.0708333333333333,1143.75,10.3125,959.4583333333334,70.16666666666667,898.25,41.75,1582.0833333333333,1104.2916666666667,15.487499999999999,47.35833333333333,0.7877291666666667
2004-04-15,2.6166666666666667,1325.9583333333333,14.579166666666666,1085.25,154.875,814.0833333333334,81.58333333333333,1732.4166666666667,1351.6666666666667,14.841666666666667,51.22083333333333,0.8357916666666667
2004-04-16,3.3041666666666667,1330.0833333333333,13.341666666666667,1069.0,195.41666666666666,763.2916666666666,108.95833333333333,1793.0833333333333,1221.625,14.091666666666667,69.34166666666667,1.0991541666666667
2004-04-17,0.2791666666666667,1064.75,6.479166666666667,828.625,16.333333333333332,960.9166666666666,11.291666666666666,1553.1666666666667,838.1666666666666,15.545833333333334,64.27916666666667,1.0987625
2004-04-18,0.0,1071.1666666666667,6.016666666666667,800.625,0.0,994.375,0.0,1559.0416666666667,768.9583333333334,15.595833333333333,64.1375,1.12185
2004-04-19,0.0,1055.5833333333333,7.8500000000000005,872.5,0.0,943.9166666666666,0.0,1586.9583333333333,869.5,13.612499999999999,67.43333333333334,1.0309875
2004-04-20,0.0,1151.0,13.0375,1034.5833333333333,0.0,893.875,0.0,1738.8333333333333,1088.8333333333333,16.258333333333333,56.90833333333333,0.9805083333333333
2004-04-21,0.0,1174.2083333333333,14.375,1078.3333333333333,0.0,865.2916666666666,0.0,1725.0833333333333,1154.9166666666667,19.083333333333332,45.0,0.9005041666666668
2004-04-22,0.0,1158.875,14.108333333333334,1072.2916666666667,0.0,878.5,0.0,1683.125,1139.4166666666667,21.0625,39.30833333333333,0.8835916666666667
2004-04-23,2.8208333333333333,1302.5833333333333,16.933333333333334,1163.1666666666667,166.54166666666666,797.875,106.875,1801.7083333333333,1388.0833333333333,21.229166666666668,39.15,0.9110625
2004-04-24,2.004166666666667,1240.7916666666667,10.454166666666667,976.3333333333334,110.83333333333333,840.8333333333334,87.91666666666667,1667.5416666666667,1119.2083333333333,20.083333333333332,48.520833333333336,1.0794291666666667
2004-04-25,1.1916666666666667,916.4583333333334,4.129166666666666,695.125,65.04166666666667,1274.3333333333333,60.958333333333336,1267.2916666666667,514.2083333333334,15.625,41.19583333333333,0.700525
2004-04-26,1.4333333333333333,958.0833333333334,5.808333333333334,778.5833333333334,83.375,1143.25,74.08333333333333,1367.5416666666667,650.75,16.795833333333334,38.55833333333333,0.7247291666666666
2004-04-27,2.1333333333333333,1124.0,11.316666666666668,985.4166666666666,122.08333333333333,944.7916666666666,90.66666666666667,1581.375,953.4166666666666,20.616666666666667,35.55416666666667,0.8142166666666667
2004-04-28,2.704166666666667,1293.125,15.179166666666667,1111.0416666666667,151.25,792.8333333333334,107.20833333333333,1783.9166666666667,1291.375,21.091666666666665,42.775,1.010475
2004-04-29,3.0,1322.6666666666667,16.208333333333332,1141.2916666666667,175.41666666666666,757.8333333333334,100.75,1873.0833333333333,1364.875,18.916666666666668,51.19166666666666,1.0685458333333333
2004-04-30,2.845833333333333,1330.0833333333333,14.170833333333334,1103.5833333333333,167.91666666666666,732.125,99.29166666666667,1916.9583333333333,1306.125,17.995833333333334,66.57083333333334,1.3452291666666667
2004-05-01,1.9708333333333332,1097.5,8.6625,913.7083333333334,100.375,918.0833333333334,81.41666666666667,1640.4166666666667,904.625,20.150000000000002,52.18333333333334,1.1673125
2004-05-02,1.5416666666666667,1055.7083333333333,7.270833333333333,858.9166666666666,92.83333333333333,955.5,76.375,1575.4166666666667,872.0416666666666,19.591666666666665,49.56666666666666,1.0740666666666667
2004-05-03,2.0791666666666666,1165.0833333333333,11.549999999999999,995.5,130.25,861.0416666666666,85.91666666666667,1725.375,1029.7083333333333,21.23333333333333,48.75416666666666,1.1285291666666668
2004-05-04,2.2083333333333335,1143.7916666666667,10.891666666666667,971.7083333333334,126.54166666666667,860.0833333333334,80.95833333333333,1795.875,929.9583333333334,18.0125,66.27499999999999,1.3368041666666668
2004-05-05,1.9333333333333333,1079.1666666666667,10.1875,942.9166666666666,114.58333333333333,916.5833333333334,77.54166666666667,1737.625,871.125,16.2375,66.89166666666667,1.2174208333333334
2004-05-06,1.9124999999999999,1000.5,8.775,897.3333333333334,116.5,991.0416666666666,85.875,1607.5416666666667,795.5,14.316666666666668,62.77916666666667,1.0046208333333333
2004-05-07,2.1,999.4166666666666,9.5375,936.875,123.79166666666667,924.7083333333334,92.75,1601.0416666666667,814.4166666666666,15.458333333333334,55.583333333333336,0.9385916666666666
2004-05-08,0.17500000000000002,1002.2916666666666,7.129166666666666,839.5,9.5,1021.5,8.25,1505.4166666666667,767.1666666666666,14.283333333333333,59.30833333333334,0.9350458333333332
2004-05-09,0.0,1020.9166666666666,6.695833333333333,837.25,0.0,950.4166666666666,0.0,1519.5833333333333,813.7083333333334,15.258333333333333,56.92083333333333,0.9671708333333333
2004-05-10,1.5916666666666668,1110.4583333333333,13.137500000000001,1041.5416666666667,94.45833333333333,857.9583333333334,66.625,1747.5416666666667,1010.25,17.9375,50.4625,0.9980541666666666
2004-05-11,2.6791666666666667,1206.0,15.491666666666667,1111.5,168.25,811.4166666666666,99.04166666666667,1804.375,1202.125,18.962500000000002,48.05416666666667,0.9800458333333334
2004-05-12,2.5208333333333335,1213.8333333333333,13.604166666666666,1062.625,164.5,778.625,96.04166666666667,1799.4166666666667,1182.25,17.204166666666666,56.32083333333333,1.0920958333333333
2004-05-13,2.3041666666666667,1126.0416666666667,10.970833333333333,974.9166666666666,147.25,878.9583333333334,100.16666666666667,1682.2916666666667,980.625,17.670833333333334,51.34166666666667,1.0258666666666667
2004-05-14,2.225,1121.8333333333333,13.020833333333334,1069.25,140.5,813.8333333333334,106.16666666666667,1669.4166666666667,1157.3333333333333,21.833333333333332,37.30833333333333,0.8978875
2004-05-15,1.7083333333333333,1043.5833333333333,9.058333333333334,930.125,111.58333333333333,938.7083333333334,89.91666666666667,1497.8333333333333,975.5,21.037499999999998,34.387499999999996,0.8069833333333333
2004-05-16,1.3416666666666668,1034.4583333333333,6.95,841.2083333333334,77.0,1010.0833333333334,78.04166666666667,1442.7083333333333,773.5833333333334,22.3625,34.8375,0.8879916666666666
2004-05-17,1.6125,986.5416666666666,8.237499999999999,886.8333333333334,111.41666666666667,1047.5416666666667,87.875,1394.7083333333333,798.5416666666666,21.349999999999998,26.020833333333332,0.6353333333333333
2004-05-18,2.191666666666667,1157.9583333333333,12.466666666666667,1018.7083333333334,129.375,887.2916666666666,96.875,1647.5833333333333,1075.0833333333333,23.754166666666666,30.983333333333334,0.8575083333333334
2004-05-19,2.2666666666666666,1196.9583333333333,12.958333333333334,1041.9583333333333,130.04166666666666,827.7916666666666,108.5,1703.2916666666667,1076.5833333333333,22.9875,37.69166666666667,0.9914083333333333
2004-05-20,2.325,1237.375,13.279166666666667,1055.7083333333333,136.375,806.2916666666666,108.75,1724.5833333333333,1087.125,23.650000000000002,37.43333333333333,1.0030458333333334
2004-05-21,2.1708333333333334,1210.9583333333333,12.6625,1039.4583333333333,138.54166666666666,817.0,103.79166666666667,1679.625,1108.0,23.483333333333334,34.72083333333333,0.9292125000000001
2004-05-22,1.925,1235.4583333333333,11.120833333333332,1006.6666666666666,109.95833333333333,792.8333333333334,88.0,1706.625,1080.2083333333333,22.037499999999998,42.354166666666664,1.0831208333333333
2004-05-23,1.2458333333333333,1058.6666666666667,6.433333333333334,812.0416666666666,71.58333333333333,1006.25,65.625,1531.8333333333333,765.9166666666666,22.3625,41.75833333333333,1.0685916666666666
2004-05-24,1.0374999999999999,879.5,5.945833333333333,781.875,87.79166666666667,1212.1666666666667,73.25,1246.4583333333333,617.0833333333334,19.9375,25.666666666666668,0.5586041666666667
2004-05-25,0.8208333333333333,789.5833333333334,8.575000000000001,754.125,68.75,821.25,51.416666666666664,1083.2083333333333,738.0416666666666,17.75,16.883333333333333,0.38585416666666666
2004-05-26,0.6625,686.2916666666666,10.4,738.7916666666666,40.958333333333336,676.0416666666666,34.625,937.625,718.625,17.054166666666667,13.5,0.46002916666666666
2004-05-27,0.0,1087.7083333333333,12.804166666666667,1040.7916666666667,0.0,1022.75,0.0,1615.7916666666667,1027.9166666666667,22.854166666666668,32.06666666666667,0.8372958333333332
2004-05-28,0.6333333333333333,1037.0416666666667,10.704166666666666,984.8333333333334,46.916666666666664,984.375,40.833333333333336,1622.2083333333333,919.0,21.34166666666667,41.141666666666666,0.99045
2004-05-29,0.775,880.9583333333334,5.495833333333334,776.7083333333334,77.5,1242.7916666666667,75.45833333333333,1407.4583333333333,615.75,20.270833333333332,39.0625,0.9044208333333333
2004-05-30,0.6291666666666667,875.9583333333334,5.791666666666667,788.625,65.125,1212.25,71.66666666666667,1383.9583333333333,656.9166666666666,23.712500000000002,31.28333333333333,0.8442124999999999
2004-05-31,1.2666666666666668,1007.0,11.020833333333334,977.125,110.875,974.4583333333334,89.20833333333333,1663.3333333333333,868.25,22.791666666666668,42.87083333333334,1.1112875
2004-06-01,1.75,1135.5833333333333,12.375,1021.875,145.70833333333334,896.7916666666666,72.70833333333333,1881.5,1066.9583333333333,20.325,66.15416666666667,1.5333499999999998
2004-06-02,0.03333333333333333,977.4583333333334,7.2625,856.7083333333334,67.375,1009.0833333333334,47.083333333333336,1697.9583333333333,823.1666666666666,23.895833333333332,52.68333333333334,1.4779875
2004-06-03,0.0,991.7083333333334,10.966666666666667,986.75,54.166666666666664,958.5,27.625,1729.25,992.6666666666666,23.308333333333334,45.949999999999996,1.2181916666666666
2004-06-04,0.9541666666666666,967.7083333333334,9.487499999999999,938.8333333333334,0.0,1001.6666666666666,0.0,1643.1666666666667,833.25,23.40833333333333,39.420833333333334,1.0900958333333335
2004-06-05,1.45,962.625,8.012500000000001,891.2916666666666,78.125,975.1666666666666,64.08333333333333,1660.5,852.5416666666666,23.8875,45.07083333333333,1.2747666666666666
2004-06-06,1.0,849.9166666666666,4.920833333333333,751.9583333333334,62.875,1139.0416666666667,60.291666666666664,1516.4583333333333,629.25,21.90416666666667,48.729166666666664,1.1993208333333334
2004-06-07,2.1333333333333333,973.8333333333334,12.479166666666666,1031.8333333333333,153.70833333333334,919.9583333333334,97.70833333333333,1756.3333333333333,957.25,25.558333333333334,37.7125,1.1236166666666667
2004-06-08,2.4583333333333335,1069.5833333333333,14.458333333333334,1086.5,157.75,870.5416666666666,104.125,1861.4166666666667,1095.6666666666667,27.316666666666666,38.35,1.255925
2004-06-09,2.466666666666667,1122.3333333333333,14.9125,1114.125,157.25,803.4166666666666,121.83333333333333,1872.5416666666667,1179.2916666666667,29.441666666666666,35.84583333333333,1.3138708333333333
2004-06-10,2.55,1121.4166666666667,14.825000000000001,1114.5,168.04166666666666,794.3333333333334,120.04166666666667,1880.375,1128.0416666666667,29.025000000000002,36.65833333333333,1.32895
2004-06-11,2.095833333333333,1035.25,13.041666666666666,1056.25,148.08333333333334,851.125,99.41666666666667,1732.3333333333333,1048.9583333333333,28.425,29.583333333333332,1.0332833333333333
2004-06-12,1.3166666666666667,1023.2916666666666,8.295833333333333,901.5416666666666,83.45833333333333,894.2916666666666,76.0,1616.6666666666667,868.125,27.325,33.55416666666667,1.1616166666666665
2004-06-13,0.7291666666666666,846.5833333333334,2.9749999999999996,641.7083333333334,48.0,1263.25,53.0,1395.2916666666667,498.2083333333333,22.304166666666664,42.84166666666667,1.1435
2004-06-14,1.1624999999999999,878.875,4.966666666666667,736.2083333333334,77.125,1185.25,64.58333333333333,1494.0833333333333,600.1666666666666,22.183333333333334,43.89166666666667,1.1538916666666668
2004-06-15,2.154166666666667,999.7916666666666,11.987499999999999,1011.0833333333334,132.75,900.4583333333334,99.70833333333333,1744.2916666666667,935.9583333333334,26.575,36.06666666666667,1.1686416666666666
2004-06-16,2.158333333333333,1059.5,11.741666666666667,1015.4583333333334,121.08333333333333,822.5,94.0,1787.2916666666667,933.0,25.9375,41.97083333333333,1.3132625
2004-06-17,2.15,1048.875,11.9125,1022.8333333333334,135.125,824.0416666666666,99.70833333333333,1794.9583333333333,1007.7083333333334,25.291666666666668,42.625,1.3121125
2004-06-18,2.0458333333333334,1042.8333333333333,12.483333333333334,1035.5833333333333,126.5,825.2916666666666,109.29166666666667,1800.1666666666667,961.6666666666666,28.2375,38.00416666666667,1.3521041666666667
2004-06-19,1.2583333333333333,565.0833333333334,4.058333333333334,492.0833333333333,67.375,537.1666666666666,74.41666666666667,949.0,465.5416666666667,15.258333333333333,25.02916666666667,0.808725
2004-06-20,1.3916666666666666,0.0,0.0,0.0,61.5,0.0,69.29166666666667,0.0,0.0,0.0,0.0,0.0
2004-06-21,1.8083333333333333,792.2083333333334,8.954166666666667,822.125,107.58333333333333,734.125,90.25,1370.125,683.25,21.191666666666666,27.916666666666668,0.8260125
2004-06-22,2.1999999999999997,1023.75,12.658333333333333,1031.2916666666667,162.91666666666666,842.8333333333334,100.91666666666667,1765.7916666666667,1001.6666666666666,25.504166666666666,37.975,1.1623583333333334
2004-06-23,2.3541666666666665,1080.125,13.329166666666666,1061.125,170.33333333333334,786.7083333333334,106.25,1815.2083333333333,1116.2916666666667,27.22083333333333,36.520833333333336,1.2278416666666667
2004-06-24,1.7375,1042.125,8.933333333333334,914.0416666666666,88.0,846.2083333333334,77.70833333333333,1722.0,844.1666666666666,27.808333333333334,41.333333333333336,1.4347916666666667
2004-06-25,2.0833333333333335,1013.0833333333334,10.725,986.5,136.20833333333334,834.0833333333334,100.95833333333333,1679.9583333333333,933.9583333333334,27.883333333333336,33.699999999999996,1.160025
2004-06-26,1.4208333333333334,981.0833333333334,7.758333333333333,877.1666666666666,90.5,913.5833333333334,83.375,1567.875,869.875,28.09166666666667,32.24583333333333,1.1505791666666667
2004-06-27,1.3333333333333333,984.2916666666666,7.325,858.75,73.29166666666667,921.3333333333334,80.125,1593.8333333333333,847.0416666666666,31.241666666666664,33.670833333333334,1.3508958333333334
2004-06-28,2.1,1098.375,12.670833333333334,1040.7083333333333,130.25,786.5833333333334,106.95833333333333,1798.0416666666667,1042.25,31.099999999999998,33.2125,1.3867083333333332
2004-06-29,2.3125,1164.1666666666667,13.975,1082.125,140.125,731.2916666666666,113.75,1919.3333333333333,1170.1666666666667,31.116666666666664,37.05833333333333,1.5999875000000001
2004-06-30,2.375,1156.0833333333333,13.604166666666666,1080.3333333333333,155.625,719.6666666666666,125.08333333333333,1898.4583333333333,1257.7083333333333,31.608333333333334,38.65,1.679625
2004-07-01,2.1625,1130.5833333333333,12.225,1038.5416666666667,133.875,740.9166666666666,108.70833333333333,1854.25,1059.625,30.45,39.69166666666667,1.6241083333333333
2004-07-02,1.9875,1097.875,11.762500000000001,1022.0416666666666,140.16666666666666,767.9583333333334,114.91666666666667,1758.0416666666667,1031.4166666666667,30.1875,33.77916666666667,1.3643416666666666
2004-07-03,1.3166666666666667,989.8333333333334,8.220833333333333,899.75,93.41666666666667,866.4166666666666,86.33333333333333,1563.9166666666667,857.25,28.712500000000002,31.895833333333332,1.129375
2004-07-04,1.0166666666666666,956.875,6.154166666666666,810.5833333333334,60.166666666666664,932.9166666666666,64.83333333333333,1527.375,752.4166666666666,29.070833333333336,35.59166666666667,1.2523541666666667
2004-07-05,1.9833333333333334,1057.5416666666667,11.816666666666668,1011.7916666666666,148.29166666666666,802.75,112.45833333333333,1690.75,1047.9166666666667,29.5625,31.0125,1.1601625
2004-07-06,2.5,1120.4583333333333,14.637500000000001,1106.4166666666667,185.0,743.6666666666666,124.45833333333333,1777.8333333333333,1308.2916666666667,30.541666666666668,31.145833333333332,1.2025
2004-07-07,2.4541666666666666,1167.6666666666667,15.341666666666667,1128.5416666666667,195.0,722.9166666666666,130.375,1770.2916666666667,1402.0416666666667,32.387499999999996,25.40833333333333,1.1090208333333333
2004-07-08,2.154166666666667,1207.7916666666667,14.520833333333334,1109.625,173.16666666666666,697.5833333333334,123.70833333333333,1778.25,1384.1666666666667,32.47083333333333,28.208333333333332,1.2855125
2004-07-09,1.7874999999999999,1055.0,10.799999999999999,990.5,131.79166666666666,801.5416666666666,110.66666666666667,1642.4583333333333,901.5416666666666,28.995833333333334,31.21666666666667,1.1824833333333333
2004-07-10,0.9791666666666666,918.1666666666666,6.404166666666666,822.1666666666666,68.04166666666667,942.875,73.04166666666667,1487.5,636.5833333333334,26.620833333333334,35.729166666666664,1.1443083333333333
2004-07-11,0.85,894.1666666666666,5.416666666666667,768.4583333333334,61.083333333333336,998.7916666666666,64.04166666666667,1448.0,627.9583333333334,25.770833333333332,36.0875,1.1136708333333334
2004-07-12,1.7208333333333332,960.9166666666666,8.804166666666667,907.3333333333334,140.41666666666666,870.5416666666666,86.79166666666667,1582.25,868.1666666666666,22.75,40.795833333333334,1.0953666666666668
2004-07-13,2.3625000000000003,972.0,12.254166666666668,1022.2916666666666,184.45833333333334,824.0,104.875,1628.0,1062.1666666666667,24.8875,34.71666666666667,0.9625
2004-07-14,2.308333333333333,1003.7916666666666,13.754166666666668,1081.9166666666667,181.91666666666666,787.2916666666666,117.0,1648.2916666666667,1122.9583333333333,27.608333333333334,28.46666666666667,0.9359625
2004-07-15,2.095833333333333,1033.3333333333333,12.549999999999999,1040.5833333333333,147.45833333333334,775.4583333333334,118.08333333333333,1665.0833333333333,1014.0,27.854166666666668,32.59166666666667,1.1326541666666667
2004-07-16,2.2083333333333335,1034.0416666666667,12.395833333333334,1034.2083333333333,156.91666666666666,788.5416666666666,121.29166666666667,1643.25,1039.0833333333333,28.616666666666664,30.991666666666664,1.1031666666666666
2004-07-17,1.575,1010.9583333333334,8.616666666666667,917.0833333333334,88.66666666666667,827.3333333333334,91.66666666666667,1505.75,962.6666666666666,29.820833333333336,29.22083333333333,1.0803
2004-07-18,0.75,990.7916666666666,6.045833333333333,805.3333333333334,60.666666666666664,913.5833333333334,69.66666666666667,1416.7083333333333,776.0,30.55,26.90416666666667,1.0428541666666666
2004-07-19,0.6166666666666667,1128.5833333333333,12.129166666666668,1027.1666666666667,138.66666666666666,750.125,116.95833333333333,1660.625,1180.4583333333333,31.129166666666666,28.808333333333334,1.1855166666666668
2004-07-20,0.0,1189.2083333333333,13.979166666666666,1089.9166666666667,145.5,689.4583333333334,117.125,1745.7083333333333,1280.4166666666667,32.225,29.224999999999998,1.2628958333333333
2004-07-21,0.8666666666666667,1181.2916666666667,12.966666666666667,1058.2916666666667,122.54166666666667,705.9166666666666,108.41666666666667,1731.7916666666667,1197.3333333333333,32.362500000000004,30.804166666666664,1.3389541666666667
2004-07-22,2.095833333333333,1216.3333333333333,14.887500000000001,1120.3333333333333,154.70833333333334,659.4166666666666,118.5,1830.5416666666667,1355.0416666666667,32.99583333333333,33.0875,1.4549874999999999
2004-07-23,1.9458333333333335,1134.7916666666667,13.229166666666666,1074.5416666666667,126.625,688.5833333333334,102.08333333333333,1780.4583333333333,1220.4166666666667,32.55833333333333,31.849999999999998,1.3979541666666666
2004-07-24,1.3,1046.8333333333333,7.270833333333333,858.125,70.20833333333333,802.9583333333334,67.20833333333333,1640.5833333333333,868.4166666666666,30.108333333333334,39.87916666666667,1.6297541666666666
2004-07-25,0.8708333333333332,932.2916666666666,3.6458333333333335,677.2916666666666,46.083333333333336,1040.25,54.083333333333336,1514.625,581.3333333333334,26.758333333333336,49.75416666666666,1.6898833333333334
2004-07-26,0.14583333333333334,983.0416666666666,7.8625,876.5833333333334,89.83333333333333,868.9166666666666,90.33333333333333,1606.8333333333333,806.5416666666666,30.108333333333334,35.612500000000004,1.4415625
2004-07-27,0.0,921.7916666666666,7.0874999999999995,850.5416666666666,89.83333333333333,882.1666666666666,85.79166666666667,1509.8333333333333,758.5,28.016666666666666,32.475,1.1796416666666667
2004-07-28,0.0,956.0416666666666,11.104166666666666,993.6666666666666,107.04166666666667,813.2916666666666,96.54166666666667,1550.9583333333333,908.7083333333334,28.366666666666664,26.45,0.93545
2004-07-29,0.0,1019.2083333333334,11.295833333333334,999.8333333333334,114.79166666666667,769.4166666666666,104.66666666666667,1596.125,935.0416666666666,29.45,28.304166666666664,1.0829416666666667
2004-07-30,0.0,1086.5833333333333,12.116666666666667,1034.6666666666667,111.83333333333333,704.9166666666666,106.08333333333333,1744.6666666666667,1009.0,30.025000000000002,37.05416666666667,1.4482458333333332
2004-07-31,1.4458333333333335,998.0833333333334,8.845833333333333,897.2916666666666,92.20833333333333,737.4583333333334,93.875,1589.2916666666667,831.125,29.804166666666664,36.545833333333334,1.503825
2004-08-01,0.9833333333333334,974.1666666666666,5.808333333333334,792.5833333333334,49.583333333333336,880.0833333333334,56.083333333333336,1559.0,670.5833333333334,30.65416666666667,42.12083333333333,1.6735208333333336
2004-08-02,1.2291666666666667,1055.2083333333333,9.237499999999999,930.9166666666666,76.95833333333333,768.8333333333334,90.41666666666667,1709.4583333333333,764.0416666666666,30.545833333333334,43.63333333333333,1.7645208333333333
2004-08-03,0.004166666666666667,1099.2916666666667,10.154166666666667,958.625,121.875,733.5416666666666,103.41666666666667,1768.3333333333333,899.0416666666666,30.704166666666666,41.35,1.744575
2004-08-04,0.0,1036.5833333333333,8.504166666666666,902.0416666666666,11.416666666666666,768.1666666666666,10.208333333333334,1698.0833333333333,872.1666666666666,30.575,42.05833333333333,1.719525
2004-08-05,0.0,1046.1666666666667,7.616666666666667,869.2916666666666,49.625,772.7083333333334,51.041666666666664,1684.0,899.9583333333334,26.304166666666664,56.645833333333336,1.8006333333333335
2004-08-06,1.6458333333333333,1079.1666666666667,10.466666666666667,980.7916666666666,121.29166666666667,698.375,85.45833333333333,1803.9166666666667,1104.2916666666667,26.483333333333334,58.0375,1.8899666666666668
2004-08-07,1.2416666666666667,927.9166666666666,6.625,829.4583333333334,60.416666666666664,838.25,65.41666666666667,1608.0,773.0833333333334,29.09583333333333,46.362500000000004,1.7155291666666665
2004-08-08,1.075,935.1666666666666,4.958333333333333,752.4166666666666,46.416666666666664,904.9166666666666,53.625,1576.3333333333333,665.5416666666666,28.041666666666668,50.145833333333336,1.8238625
2004-08-09,1.425,849.5833333333334,6.779166666666666,741.9583333333334,60.291666666666664,641.875,57.875,1416.7916666666667,771.9583333333334,23.491666666666664,42.525,1.5369458333333332
2004-08-10,1.4749999999999999,1064.2916666666667,8.904166666666667,920.25,77.75,748.0833333333334,62.375,1706.2083333333333,943.375,31.545833333333334,43.887499999999996,1.8547083333333332
2004-08-11,1.3,1058.0,7.120833333333334,855.4583333333334,64.20833333333333,778.4583333333334,50.875,1700.4166666666667,869.0416666666666,31.5,46.00416666666666,1.9978125
2004-08-12,1.2541666666666667,1001.125,6.704166666666667,834.4583333333334,62.25,824.5416666666666,58.541666666666664,1684.3333333333333,762.2916666666666,30.7375,47.5875,1.978925
2004-08-13,1.0250000000000001,925.0416666666666,5.1499999999999995,760.4583333333334,54.958333333333336,936.125,65.375,1558.5416666666667,598.75,29.808333333333334,44.47083333333333,1.7402291666666667
2004-08-14,0.8624999999999999,906.0833333333334,4.358333333333333,722.9166666666666,44.458333333333336,954.375,52.208333333333336,1503.0833333333333,609.75,29.958333333333332,41.800000000000004,1.6433958333333332
2004-08-15,0.7291666666666666,847.4166666666666,3.8166666666666664,693.25,32.208333333333336,1033.3333333333333,44.291666666666664,1406.4166666666667,609.5416666666666,29.8125,37.766666666666666,1.4144625
2004-08-16,1.0999999999999999,891.3333333333334,6.0,797.625,68.125,939.2916666666666,64.29166666666667,1410.4166666666667,707.0833333333334,30.075,30.233333333333334,1.169975
2004-08-17,0.5541666666666667,986.25,6.7375,828.7083333333334,34.458333333333336,845.6666666666666,26.166666666666668,1484.4166666666667,811.9166666666666,30.391666666666666,33.858333333333334,1.3470875
2004-08-18,0.5041666666666667,998.5416666666666,6.883333333333333,847.5416666666666,27.458333333333332,811.2916666666666,21.958333333333332,1550.9583333333333,801.4583333333334,29.837500000000002,37.40833333333333,1.5247208333333333
2004-08-19,0.9625,998.8333333333334,5.9125000000000005,798.2083333333334,34.0,842.7916666666666,36.333333333333336,1611.25,727.5833333333334,32.233333333333334,41.4,1.8804791666666667
2004-08-20,0.0,982.625,5.758333333333333,786.9166666666666,0.0,856.375,0.0,1609.8333333333333,687.2083333333334,30.616666666666664,45.25833333333333,1.9148041666666666
2004-08-21,0.0,851.625,4.179166666666666,712.7083333333334,0.0,1015.0833333333334,0.0,1383.125,544.0,26.791666666666668,37.69583333333333,1.2938458333333334
2004-08-22,0.0,854.7083333333334,5.0,757.0833333333334,0.0,959.0,0.0,1380.5416666666667,689.9583333333334,27.541666666666668,38.43333333333333,1.215425
2004-08-23,0.7875,893.4166666666666,6.3,812.375,33.208333333333336,888.3333333333334,35.583333333333336,1412.75,726.375,28.004166666666666,34.824999999999996,1.1987166666666667
2004-08-24,1.3791666666666667,967.9583333333334,7.2124999999999995,853.0416666666666,87.83333333333333,816.9583333333334,80.20833333333333,1468.6666666666667,808.2916666666666,27.987499999999997,35.99166666666667,1.2742833333333332
2004-08-25,1.5166666666666666,1014.6666666666666,7.720833333333334,872.4583333333334,85.54166666666667,768.8333333333334,72.08333333333333,1595.8333333333333,812.9166666666666,28.612499999999997,42.145833333333336,1.5917833333333335
2004-08-26,1.3,211.125,0.8916666666666666,168.625,75.29166666666667,252.54166666666666,67.5,330.4166666666667,148.83333333333334,5.925,11.325000000000001,0.32747916666666665
2004-08-27,1.6291666666666667,0.0,0.0,0.0,103.125,0.0,83.79166666666667,0.0,0.0,0.0,0.0,0.0
2004-08-28,0.5583333333333333,828.6666666666666,5.6375,719.5833333333334,31.041666666666668,733.7916666666666,32.458333333333336,1272.4166666666667,641.8333333333334,24.391666666666666,34.30833333333333,1.1838791666666666
2004-08-29,0.0,987.4166666666666,6.579166666666667,826.7083333333334,0.0,791.0833333333334,0.0,1531.125,756.0833333333334,27.520833333333332,44.987500000000004,1.5171875000000001
2004-08-30,0.0,1067.1666666666667,10.720833333333333,973.875,0.0,709.8333333333334,0.0,1671.7916666666667,905.9166666666666,27.079166666666666,46.15416666666667,1.5751
2004-08-31,0.9,1070.3333333333333,10.7875,980.7916666666666,73.125,692.3333333333334,35.708333333333336,1684.9583333333333,928.9166666666666,27.3,46.18333333333334,1.5827333333333333
2004-09-01,2.2375000000000003,1060.5833333333333,12.916666666666666,1050.25,247.20833333333334,678.5833333333334,104.79166666666667,1683.5416666666667,1021.5,27.070833333333336,42.09166666666667,1.3834833333333334
2004-09-02,0.7666666666666666,1084.1666666666667,13.479166666666666,1072.75,73.41666666666667,668.9583333333334,29.083333333333332,1675.125,1137.2916666666667,28.916666666666668,38.06666666666667,1.3910166666666666
2004-09-03,0.9666666666666667,1129.6666666666667,13.549999999999999,1069.4166666666667,0.0,658.9583333333334,0.0,1689.9583333333333,1213.5833333333333,29.979166666666668,37.237500000000004,1.4423208333333333
2004-09-04,1.7208333333333332,1076.2916666666667,9.158333333333333,938.3333333333334,0.0,716.5416666666666,0.0,1511.7916666666667,956.5416666666666,30.370833333333334,34.645833333333336,1.3665916666666666
2004-09-05,1.3041666666666667,928.125,5.7124999999999995,762.0416666666666,0.0,976.1666666666666,0.0,1288.7916666666667,645.8333333333334,29.204166666666666,27.2375,1.0574291666666666
2004-09-06,1.3625,978.5416666666666,6.058333333333334,794.7083333333334,0.0,875.5,0.0,1390.9583333333333,731.2083333333334,26.633333333333336,36.4125,1.2265041666666667
2004-09-07,1.7333333333333334,981.125,9.308333333333334,906.3333333333334,48.375,736.7916666666666,18.166666666666668,1412.1666666666667,888.7083333333334,26.375,32.00833333333333,1.1054916666666668
2004-09-08,0.9708333333333333,366.9166666666667,5.691666666666666,369.9166666666667,95.875,257.9583333333333,39.958333333333336,423.9583333333333,426.6666666666667,7.9375,7.983333333333333,0.2789083333333333
2004-09-09,2.2375000000000003,1113.4166666666667,13.541666666666666,1066.4583333333333,320.5,951.5833333333334,130.41666666666666,1460.3333333333333,1211.5416666666667,28.525000000000002,26.55,0.9646708333333334
2004-09-10,1.95,1080.4583333333333,11.591666666666667,1009.5,278.7916666666667,910.8333333333334,118.91666666666667,1447.125,1020.2083333333334,27.912499999999998,30.6125,1.077275
2004-09-11,0.06666666666666667,1107.75,9.1,928.125,7.333333333333333,880.4166666666666,4.208333333333333,1427.4583333333333,942.25,27.208333333333332,35.550000000000004,1.2052791666666667
2004-09-12,0.0,1158.8333333333333,8.1875,884.3333333333334,0.0,837.2083333333334,0.0,1570.2083333333333,1017.9166666666666,24.65416666666667,55.24583333333334,1.6905625000000002
2004-09-13,1.6083333333333334,1206.75,15.516666666666666,1126.7916666666667,237.25,731.2083333333334,75.83333333333333,1775.9166666666667,1260.125,26.258333333333336,50.0,1.5848250000000002
2004-09-14,0.0625,1148.4583333333333,12.233333333333334,1016.375,10.583333333333334,775.875,4.958333333333333,1716.25,1094.1666666666667,25.195833333333336,55.95416666666667,1.71355
2004-09-15,1.0708333333333333,1205.375,14.404166666666667,1088.4583333333333,108.66666666666667,708.25,34.416666666666664,1846.6666666666667,1213.6666666666667,22.84166666666667,67.76666666666667,1.8466791666666669
2004-09-16,2.1083333333333334,1072.0,11.683333333333332,1015.5,266.5416666666667,781.875,78.70833333333333,1656.9166666666667,1084.9166666666667,21.429166666666664,61.10833333333333,1.5256
2004-09-17,1.5333333333333332,945.2083333333334,8.183333333333334,882.9583333333334,226.625,980.375,83.29166666666667,1440.0,830.4166666666666,21.8,48.52916666666667,1.2407291666666667
2004-09-18,1.3125,933.6666666666666,6.2749999999999995,814.0833333333334,172.91666666666666,995.25,82.625,1331.875,732.375,24.025000000000002,38.858333333333334,1.1190083333333334
2004-09-19,1.9666666666666668,1044.9583333333333,9.541666666666666,941.5416666666666,206.54166666666666,824.7916666666666,97.70833333333333,1492.9166666666667,961.9583333333334,24.829166666666666,43.92083333333333,1.2793333333333334
2004-09-20,2.5791666666666666,1130.0,14.970833333333333,1095.3333333333333,281.7083333333333,747.375,112.875,1660.4583333333333,1151.9166666666667,25.570833333333336,43.262499999999996,1.3196291666666666
2004-09-21,2.983333333333333,1181.875,16.0,1124.7083333333333,324.0,712.3333333333334,126.29166666666667,1726.0416666666667,1163.0833333333333,24.704166666666666,47.61666666666667,1.42305
2004-09-22,2.7583333333333333,1166.7083333333333,15.174999999999999,1113.4583333333333,297.0,699.4583333333334,120.33333333333333,1728.0833333333333,1163.5833333333333,24.604166666666668,51.27916666666667,1.4947625
2004-09-23,2.3833333333333333,1159.2916666666667,13.745833333333332,1075.1666666666667,245.91666666666666,713.1666666666666,108.79166666666667,1703.4166666666667,1102.4166666666667,25.495833333333334,50.7875,1.5961458333333332
2004-09-24,2.3874999999999997,1136.6666666666667,12.8375,1021.5833333333334,293.0,787.125,95.875,1652.625,1052.625,21.133333333333333,58.612500000000004,1.4395749999999998
2004-09-25,1.2416666666666667,853.125,5.258333333333334,751.1666666666666,104.54166666666667,1127.7083333333333,36.458333333333336,1183.875,640.2916666666666,17.849999999999998,40.99166666666667,0.8099208333333333
2004-09-26,1.4791666666666667,910.75,6.470833333333334,821.2916666666666,188.54166666666666,968.625,75.25,1243.25,778.6666666666666,18.425,42.454166666666666,0.8547125000000001
2004-09-27,2.15,997.5416666666666,10.741666666666667,982.9166666666666,293.7916666666667,813.7916666666666,103.70833333333333,1392.6666666666667,1013.125,19.020833333333332,42.44583333333333,0.8822375
2004-09-28,2.8333333333333335,1086.6666666666667,15.658333333333333,1114.7916666666667,370.0416666666667,765.25,127.91666666666667,1511.8333333333333,1335.25,19.891666666666666,42.391666666666666,0.9168
2004-09-29,2.658333333333333,1122.875,14.891666666666666,1092.4166666666667,328.9166666666667,749.7916666666666,125.79166666666667,1539.6666666666667,1225.5,20.995833333333334,44.05416666666667,1.0338375
2004-09-30,1.7041666666666666,1267.875,16.0875,1129.4166666666667,162.5,672.75,62.5,1657.9166666666667,1298.2916666666667,21.2875,53.0875,1.3287541666666667
2004-10-01,2.025,1260.875,15.533333333333333,1105.7916666666667,249.91666666666666,579.2916666666666,74.33333333333333,1696.2083333333333,1309.9166666666667,21.154166666666665,57.725,1.4988083333333335
2004-10-02,0.0,1211.0416666666667,10.4375,983.3333333333334,0.0,673.0833333333334,0.0,1598.4583333333333,1099.8333333333333,22.820833333333336,57.39166666666667,1.5603375
2004-10-03,0.0,1128.25,8.270833333333334,893.625,0.0,750.25,0.0,1525.4583333333333,982.0833333333334,23.0125,56.40833333333333,1.54145
2004-10-04,0.0,1198.5833333333333,15.895833333333334,1122.9166666666667,0.0,669.5833333333334,0.0,1729.2916666666667,1229.875,22.175,56.583333333333336,1.4520333333333333
2004-10-05,0.0,1267.4166666666667,18.224999999999998,1189.6666666666667,0.0,643.4166666666666,0.0,1763.3333333333333,1378.2083333333333,23.15833333333333,53.550000000000004,1.4494958333333334
2004-10-06,0.0,1295.4166666666667,16.575,1151.2916666666667,0.0,616.875,0.0,1736.4166666666667,1335.1666666666667,22.77916666666667,55.645833333333336,1.4917375
2004-10-07,1.3958333333333333,1307.6666666666667,16.1875,1141.0416666666667,124.375,615.5833333333334,32.791666666666664,1744.3333333333333,1292.25,23.129166666666666,54.57083333333333,1.4954625000000001
2004-10-08,2.595833333333333,1287.2916666666667,15.85,1144.125,303.9166666666667,611.1666666666666,77.58333333333333,1725.7083333333333,1310.1666666666667,23.287499999999998,54.93333333333334,1.5154083333333332
2004-10-09,2.525,1340.2916666666667,14.024999999999999,1101.4166666666667,275.8333333333333,591.4583333333334,77.41666666666667,1724.0,1260.2916666666667,24.883333333333336,54.791666666666664,1.6757875
2004-10-10,1.55,1112.1666666666667,7.2250000000000005,858.375,189.54166666666666,762.9583333333334,63.958333333333336,1547.875,885.0833333333334,22.070833333333336,66.9125,1.7469999999999999
2004-10-11,2.4541666666666666,1153.5416666666667,13.325000000000001,1053.625,291.4166666666667,705.75,68.75,1673.2916666666667,1089.1666666666667,19.933333333333334,67.12083333333334,1.5403166666666666
2004-10-12,0.47500000000000003,941.1666666666666,7.570833333333333,863.3333333333334,66.45833333333333,859.625,21.0,1380.375,827.0,17.7375,57.20416666666667,1.1514875
2004-10-13,0.1125,875.6666666666666,5.25,748.9583333333334,23.625,1015.5,6.25,1231.75,708.0416666666666,15.375,54.916666666666664,0.9504791666666667
2004-10-14,0.0,1005.125,8.333333333333334,875.2916666666666,0.0,872.5833333333334,0.0,1400.2083333333333,915.25,17.804166666666667,55.78333333333333,1.1168625
2004-10-15,0.0,1112.4583333333333,12.8375,1039.2916666666667,0.0,730.3333333333334,0.0,1595.9583333333333,1057.0,18.333333333333332,64.60000000000001,1.3062708333333333
2004-10-16,0.0,982.4166666666666,7.104166666666667,851.5,0.0,859.0833333333334,0.0,1352.5416666666667,791.5833333333334,17.408333333333335,62.104166666666664,1.1790666666666667
2004-10-17,0.0,931.25,6.404166666666666,810.9583333333334,0.0,926.9583333333334,0.0,1315.0,692.75,17.970833333333335,55.38333333333333,1.0995208333333333
2004-10-18,0.0,1158.7083333333333,16.220833333333335,1130.0,0.0,698.0,0.0,1634.75,1204.7916666666667,17.345833333333335,60.387499999999996,1.1775333333333333
2004-10-19,0.0,1273.1666666666667,18.224999999999998,1216.4166666666667,0.0,587.6666666666666,0.0,1744.25,1383.4583333333333,18.216666666666665,67.02083333333333,1.3843500000000002
2004-10-20,1.8833333333333335,1472.3333333333333,23.166666666666668,1355.1666666666667,210.20833333333334,495.5833333333333,46.583333333333336,1959.375,1624.375,21.72083333333333,66.21666666666667,1.6928041666666667
2004-10-21,3.045833333333333,1337.5833333333333,17.829166666666666,1213.0,334.875,558.6666666666666,88.125,1830.7916666666667,1368.7083333333333,23.820833333333336,60.47083333333333,1.743475
2004-10-22,2.9875000000000003,1300.7083333333333,17.575,1189.4583333333333,316.9166666666667,581.2916666666666,88.70833333333333,1799.7083333333333,1431.8333333333333,22.52916666666667,61.645833333333336,1.6456625
2004-10-23,2.4666666666666663,1235.8333333333333,13.4125,1079.5,318.0416666666667,620.25,84.91666666666667,1667.2083333333333,1252.7916666666667,21.670833333333334,62.50833333333333,1.5782999999999998
2004-10-24,1.9291666666666665,1139.9166666666667,10.191666666666666,972.1666666666666,215.5,680.75,70.875,1545.5833333333333,1161.75,21.358333333333334,62.800000000000004,1.5509833333333332
2004-10-25,3.5083333333333333,1307.625,20.045833333333334,1249.5416666666667,464.3333333333333,563.625,91.41666666666667,1827.0,1482.2083333333333,18.658333333333335,69.75,1.4794416666666665
2004-10-26,3.5208333333333335,1292.0416666666667,19.933333333333334,1243.4166666666667,449.0416666666667,582.4166666666666,105.08333333333333,1804.9166666666667,1426.625,19.529166666666665,66.21249999999999,1.4673333333333334
2004-10-27,2.2875,1141.9166666666667,12.875,1052.9583333333333,306.25,666.3333333333334,90.375,1638.9166666666667,1131.9166666666667,18.425,72.33333333333333,1.5125
2004-10-28,2.5625,1148.625,14.183333333333332,1080.7083333333333,367.7083333333333,675.0833333333334,88.04166666666667,1610.0416666666667,1175.75,18.3875,67.8,1.4080083333333333
2004-10-29,2.4458333333333333,1153.3333333333333,12.241666666666667,1020.0,317.5,710.7083333333334,99.875,1613.5833333333333,1041.2916666666667,19.454166666666666,73.89166666666667,1.650275
2004-10-30,2.7624999999999997,1200.5833333333333,13.7875,1091.6666666666667,377.5416666666667,635.375,105.29166666666667,1659.875,1188.0,19.5625,71.16666666666667,1.5899416666666666
2004-10-31,2.0833333333333335,1109.9583333333333,9.983333333333333,938.7916666666666,247.375,764.4166666666666,66.25,1601.0416666666667,993.7083333333334,20.85833333333333,68.82916666666667,1.6735166666666668
2004-11-01,2.6333333333333333,1243.5,13.525,1094.5833333333333,311.625,604.4583333333334,71.54166666666667,1706.1666666666667,1495.625,21.229166666666668,70.09166666666667,1.7422583333333332
2004-11-02,4.1499999999999995,1308.9166666666667,22.55,1297.25,479.5416666666667,596.9166666666666,97.95833333333333,1893.5416666666667,1430.0,20.666666666666668,64.5,1.53465
2004-11-03,2.4458333333333333,1155.6666666666667,13.691666666666668,1081.6666666666667,295.3333333333333,654.1666666666666,78.25,1618.5833333333333,1169.5833333333333,21.537499999999998,58.012499999999996,1.4421625
2004-11-04,1.8041666666666665,1281.2916666666667,18.904166666666665,1210.125,422.125,605.1666666666666,97.45833333333333,1747.5833333333333,1332.2916666666667,20.57916666666667,62.00416666666666,1.4643958333333333
2004-11-05,3.091666666666667,1262.5416666666667,17.920833333333334,1178.9583333333333,388.375,619.0,93.04166666666667,1682.0416666666667,1313.7916666666667,19.345833333333335,62.23333333333333,1.3682583333333334
2004-11-06,2.3291666666666666,1189.2916666666667,12.158333333333333,1034.4166666666667,315.75,653.9166666666666,84.95833333333333,1500.7083333333333,1144.5833333333333,18.291666666666668,63.487500000000004,1.3132
2004-11-07,1.2791666666666666,876.5416666666666,5.195833333333334,747.8333333333334,144.91666666666666,1016.8333333333334,64.83333333333333,1113.9583333333333,673.0833333333334,15.883333333333333,45.86666666666667,0.8194916666666666
2004-11-08,1.4333333333333333,906.875,8.441666666666666,848.2083333333334,179.5,988.7916666666666,70.375,1155.8333333333333,804.9583333333334,11.116666666666667,50.62083333333334,0.6623208333333334
2004-11-09,0.975,1000.9166666666666,10.375,950.125,0.0,837.2083333333334,0.0,1233.2083333333333,1016.9583333333334,8.033333333333333,64.78750000000001,0.6867208333333333
2004-11-10,1.7791666666666668,961.4166666666666,7.7625,843.25,303.375,948.375,106.66666666666667,1210.9166666666667,836.2916666666666,8.745833333333334,71.81666666666666,0.8065708333333333
2004-11-11,2.9166666666666665,1134.5,13.108333333333334,1061.2916666666667,520.5,680.4583333333334,149.16666666666666,1416.0416666666667,1140.0833333333333,10.725,75.71249999999999,0.9764916666666666
2004-11-12,1.8916666666666666,1009.625,7.829166666666667,858.2916666666666,269.125,840.9583333333334,109.45833333333333,1310.8333333333333,882.4166666666666,15.2875,61.90833333333333,1.0651875
2004-11-13,1.9458333333333335,1053.4583333333333,7.895833333333333,869.375,272.0416666666667,800.25,112.45833333333333,1303.625,924.2916666666666,17.333333333333332,53.85,1.0489333333333333
2004-11-14,0.6124999999999999,724.75,1.4166666666666667,524.625,90.625,1678.875,52.666666666666664,875.625,380.0416666666667,10.35,44.30833333333334,0.5514916666666667
2004-11-15,1.6208333333333333,842.125,6.258333333333333,776.0,254.16666666666666,1103.0,106.0,1010.9166666666666,716.0416666666666,11.9625,35.074999999999996,0.4886916666666667
2004-11-16,2.3249999999999997,996.8333333333334,9.9375,926.2083333333334,407.5,910.5833333333334,138.41666666666666,1147.75,1023.9166666666666,13.3125,36.1875,0.5322791666666666
2004-11-17,3.233333333333333,1191.7916666666667,14.754166666666668,1074.0,529.8333333333334,731.0,159.41666666666666,1321.0416666666667,1389.375,10.941666666666668,51.699999999999996,0.6634041666666667
2004-11-18,3.375,1226.6666666666667,14.358333333333334,1098.5833333333333,531.6666666666666,645.5833333333334,176.875,1419.375,1363.7916666666667,12.758333333333333,60.88333333333333,0.8927791666666667
2004-11-19,3.920833333333333,1166.0,12.5875,1014.4166666666666,404.625,727.4166666666666,145.125,1422.1666666666667,1166.0,15.858333333333334,53.7875,0.974725
2004-11-20,1.8625,904.375,8.9875,909.3333333333334,349.25,946.7916666666666,145.375,953.75,1015.9166666666666,10.799999999999999,26.425,0.3234625
2004-11-21,0.9791666666666666,993.9166666666666,7.266666666666667,857.625,296.875,883.9166666666666,138.08333333333334,992.1666666666666,1147.75,7.6499999999999995,42.916666666666664,0.42687499999999995
2004-11-22,2.5083333333333333,1265.9166666666667,20.616666666666667,1239.8333333333333,677.5,644.625,177.91666666666666,1333.0,1719.7916666666667,6.45,54.324999999999996,0.5300541666666666
2004-11-23,4.8500000000000005,1513.2916666666667,23.84166666666667,1353.1666666666667,812.125,512.0416666666666,156.20833333333334,1731.1666666666667,1795.4583333333333,10.733333333333334,75.325,0.9716541666666667
2004-11-24,3.483333333333333,1294.7916666666667,16.3,1158.9166666666667,574.2916666666666,592.0416666666666,121.16666666666667,1518.3333333333333,1458.75,11.254166666666668,75.325,0.9964291666666667
2004-11-25,2.9333333333333336,1177.125,13.829166666666666,1100.4166666666667,507.5,645.9166666666666,122.625,1322.0416666666667,1309.5833333333333,10.020833333333334,63.458333333333336,0.7452958333333334
2004-11-26,4.45,1439.5833333333333,20.479166666666668,1268.0,728.3333333333334,568.9583333333334,153.08333333333334,1628.9583333333333,1698.125,12.516666666666666,66.79583333333333,0.9640083333333332
2004-11-27,3.7458333333333336,1426.125,15.65,1157.3333333333333,569.8333333333334,629.4583333333334,125.33333333333333,1563.125,1519.2083333333333,13.770833333333334,75.32083333333334,1.1800208333333333
2004-11-28,2.1041666666666665,1090.375,7.1875,839.5833333333334,287.7083333333333,834.4583333333334,90.33333333333333,1237.4583333333333,1025.2916666666667,10.65,72.65833333333333,0.9287041666666668
2004-11-29,2.6791666666666667,1199.0416666666667,11.629166666666668,1000.375,389.5833333333333,813.2916666666666,106.54166666666667,1401.4166666666667,1233.7916666666667,13.770833333333334,67.26666666666667,1.0333666666666665
2004-11-30,2.6166666666666667,1127.2083333333333,10.895833333333334,962.25,316.2083333333333,981.9583333333334,108.08333333333333,1395.7083333333333,1013.8333333333334,12.987499999999999,71.59583333333333,1.06585
2004-12-01,3.0749999999999997,1173.375,13.429166666666667,1050.4583333333333,499.2916666666667,1490.3333333333333,122.08333333333333,1448.5416666666667,1196.3333333333333,10.891666666666666,77.0,1.0027958333333333
2004-12-02,3.775,1305.5,17.858333333333334,1182.5416666666667,584.7083333333334,886.625,117.91666666666667,1640.0833333333333,1374.4166666666667,14.466666666666667,71.2375,1.1634291666666667
2004-12-03,3.5375,1314.3333333333333,16.099999999999998,1147.9583333333333,509.2916666666667,595.125,116.58333333333333,1643.4583333333333,1349.125,15.237499999999999,76.97500000000001,1.3186583333333333
2004-12-04,2.3333333333333335,1133.125,9.120833333333334,939.2083333333334,403.0833333333333,705.9583333333334,96.20833333333333,1371.5833333333333,1039.9166666666667,12.483333333333334,81.10833333333333,1.1709541666666665
2004-12-05,1.3958333333333333,941.875,4.129166666666666,707.5416666666666,188.5,958.2083333333334,78.25,1175.5,774.0416666666666,12.416666666666666,71.875,1.030775
2004-12-06,2.3875,1107.3333333333333,11.204166666666666,982.4166666666666,340.7916666666667,748.7916666666666,100.25,1419.9166666666667,1126.375,15.366666666666667,63.71666666666667,1.0901458333333334
2004-12-07,2.283333333333333,1119.2916666666667,10.970833333333333,984.25,335.5833333333333,789.4166666666666,98.54166666666667,1369.7083333333333,1159.9166666666667,14.862499999999999,60.487500000000004,1.0074916666666667
2004-12-08,1.8875,1092.9166666666667,7.054166666666667,849.125,263.9166666666667,840.9583333333334,88.29166666666667,1258.7916666666667,1010.75,14.354166666666666,64.54583333333333,1.0434833333333333
2004-12-09,1.4000000000000001,934.4166666666666,4.883333333333334,732.2083333333334,200.45833333333334,1207.125,85.29166666666667,1140.125,749.2083333333334,14.5375,55.38333333333333,0.9126166666666666
2004-12-10,1.6541666666666668,875.75,6.683333333333334,804.0,257.7083333333333,1452.1666666666667,98.875,975.5833333333334,764.4166666666666,14.299999999999999,29.641666666666666,0.4713875
2004-12-11,1.9291666666666665,998.0,8.2875,895.5,301.5416666666667,859.5833333333334,115.58333333333333,1024.4583333333333,1031.3333333333333,13.441666666666668,31.162499999999998,0.45884166666666665
2004-12-12,2.841666666666667,1159.6666666666667,11.270833333333334,1008.7083333333334,398.4583333333333,713.7083333333334,126.33333333333333,1185.25,1340.75,9.979166666666666,51.63333333333333,0.6170625
2004-12-13,3.35,1258.5,17.008333333333333,1149.5416666666667,547.6666666666666,768.4166666666666,146.41666666666666,1358.6666666666667,1560.2083333333333,10.108333333333333,56.7875,0.6927458333333334
2004-12-14,3.6833333333333336,868.875,11.016666666666666,793.5833333333334,588.5416666666666,475.375,146.25,985.6666666666666,1052.1666666666667,6.979166666666667,46.39166666666667,0.5549458333333334
2004-12-15,3.0875,0.0,0.0,0.0,549.9583333333334,0.0,128.33333333333334,0.0,0.0,0.0,0.0,0.0
2004-12-16,4.241666666666666,0.0,0.0,0.0,753.5416666666666,0.0,156.16666666666666,0.0,0.0,0.0,0.0,0.0
2004-12-17,3.4166666666666665,203.0,1.820833333333333,166.5,557.4166666666666,112.5,140.41666666666666,230.91666666666666,190.20833333333334,2.154166666666667,12.15,0.18045416666666667
2004-12-18,1.7625,967.8333333333334,7.729166666666667,864.375,298.125,952.5416666666666,107.33333333333333,1061.0416666666667,867.0833333333334,12.333333333333334,44.89166666666667,0.6207416666666666
2004-12-19,2.6166666666666667,1086.0,9.491666666666667,934.0833333333334,359.2083333333333,808.0,123.625,1117.5833333333333,1086.0,5.2875000000000005,62.74583333333334,0.5617583333333334
2004-12-20,2.3583333333333334,914.4166666666666,5.233333333333333,753.375,215.95833333333334,995.25,101.16666666666667,1015.1666666666666,756.0833333333334,8.704166666666667,53.708333333333336,0.6080416666666667
2004-12-21,2.033333333333333,922.5,8.266666666666667,864.2916666666666,325.5,1009.0833333333334,127.25,976.4583333333334,878.2083333333334,6.683333333333334,38.65416666666667,0.3802291666666667
2004-12-22,2.129166666666667,974.2916666666666,7.7875000000000005,870.1666666666666,329.7916666666667,911.7083333333334,129.08333333333334,960.7916666666666,988.7083333333334,6.616666666666667,40.775,0.395325
2004-12-23,4.0625,1223.25,15.387500000000001,1108.5833333333333,571.9583333333334,697.0833333333334,164.91666666666666,1221.2083333333333,1545.625,5.729166666666667,49.104166666666664,0.44740833333333335
2004-12-24,5.320833333333334,1097.2916666666667,12.9375,932.9583333333334,562.8333333333334,439.0833333333333,159.58333333333334,1067.9583333333333,1548.2916666666667,5.645833333333333,46.104166666666664,0.46984166666666666
2004-12-25,3.7583333333333333,1439.2083333333333,13.104166666666666,1081.0416666666667,426.5,567.375,141.45833333333334,1389.1666666666667,1781.7916666666667,10.262500000000001,69.89583333333333,0.8747666666666666
2004-12-26,1.4291666666666665,1079.875,4.779166666666667,723.7916666666666,216.125,919.4166666666666,100.04166666666667,1216.5,830.375,12.045833333333334,74.8,1.0445416666666667
2004-12-27,1.5666666666666667,1056.5,5.7875000000000005,783.1666666666666,217.125,837.8333333333334,103.875,1214.9166666666667,850.9166666666666,12.554166666666667,65.45416666666667,0.9473041666666666
2004-12-28,0.049999999999999996,1120.6666666666667,9.450000000000001,922.2916666666666,6.875,735.75,4.208333333333333,1293.5833333333333,1013.4166666666666,11.3375,64.54583333333333,0.8551375
2004-12-29,0.0,931.2083333333334,3.875,691.625,0.0,931.0833333333334,0.0,1059.2083333333333,714.1666666666666,10.308333333333334,59.09583333333333,0.7321875000000001
2004-12-30,0.0,877.4166666666666,4.058333333333334,697.4583333333334,0.0,1005.9583333333334,0.0,933.3333333333334,657.0833333333334,9.791666666666666,40.55833333333333,0.4866875
2004-12-31,0.0,900.3333333333334,4.075,696.375,0.0,1016.1666666666666,0.0,915.2083333333334,717.7916666666666,9.35,39.34166666666667,0.45532083333333334
2005-01-01,2.0458333333333334,1114.25,7.183333333333334,853.7916666666666,285.25,782.4583333333334,117.70833333333333,1032.625,1226.4166666666667,6.870833333333334,50.79583333333333,0.49897083333333336
2005-01-02,2.0458333333333334,956.8333333333334,5.3625,703.5416666666666,312.4583333333333,706.5416666666666,126.33333333333333,930.25,1060.4166666666667,5.758333333333333,51.87083333333334,0.4995791666666667
2005-01-03,2.4291666666666667,0.0,0.0,0.0,376.5833333333333,0.0,133.08333333333334,0.0,0.0,0.0,0.0,0.0
2005-01-04,2.4833333333333334,0.0,0.0,0.0,369.4166666666667,0.0,141.0,0.0,0.0,0.0,0.0,0.0
2005-01-05,3.016666666666667,1286.5416666666667,12.979166666666666,1039.2916666666667,460.0833333333333,543.4166666666666,141.75,1366.125,1455.0833333333333,10.820833333333333,63.125,0.8447125
2005-01-06,1.5999999999999999,1109.2083333333333,6.220833333333334,811.375,226.125,758.7916666666666,113.0,1226.5416666666667,963.4583333333334,13.445833333333333,61.07083333333333,0.9321416666666668
2005-01-07,2.6666666666666665,1192.3333333333333,10.720833333333333,965.1666666666666,398.9166666666667,690.5833333333334,121.25,1305.625,1197.2083333333333,8.454166666666667,72.05,0.7938999999999999
2005-01-08,2.8041666666666667,1243.9583333333333,10.920833333333334,988.4583333333334,427.375,653.5833333333334,136.0,1304.875,1336.5833333333333,10.383333333333333,65.75,0.8240875
2005-01-09,1.6375,1122.2083333333333,6.8125,822.5833333333334,221.95833333333334,756.625,107.95833333333333,1257.75,939.5,14.4375,58.99583333333334,0.9614458333333333
2005-01-10,1.95,1279.5833333333333,12.541666666666666,1032.375,369.25,607.7083333333334,118.58333333333333,1482.9166666666667,1295.875,13.320833333333333,68.66250000000001,1.0445833333333334
2005-01-11,2.8125,1300.0,13.779166666666667,1072.5,414.875,592.4583333333334,125.75,1449.5,1392.75,12.779166666666667,64.10416666666667,0.9414125000000001
2005-01-12,3.1374999999999997,1301.9583333333333,15.333333333333334,1135.7916666666667,535.7916666666666,556.1666666666666,142.75,1489.125,1456.0,11.966666666666667,65.6875,0.9053333333333334
2005-01-13,2.6791666666666667,1218.7916666666667,12.495833333333332,1043.7916666666667,417.0833333333333,623.7916666666666,122.58333333333333,1366.625,1308.25,9.991666666666667,69.56666666666666,0.847225
2005-01-14,3.15,1234.25,13.9625,1083.2916666666667,473.9583333333333,615.7083333333334,135.5,1365.25,1339.0416666666667,8.1,71.72916666666667,0.7729125
2005-01-15,2.5708333333333333,1153.9166666666667,10.491666666666665,977.4583333333334,408.1666666666667,692.0833333333334,142.58333333333334,1210.5,1260.625,6.429166666666667,70.20416666666667,0.6710333333333334
2005-01-16,1.5291666666666668,951.0416666666666,4.991666666666666,749.5416666666666,228.375,929.3333333333334,120.29166666666667,948.3333333333334,851.0,7.5249999999999995,47.77916666666667,0.48041666666666666
2005-01-17,2.841666666666667,1121.0416666666667,12.695833333333333,1008.9583333333334,444.5,757.0833333333334,153.41666666666666,1163.3333333333333,1326.7916666666667,6.666666666666667,46.916666666666664,0.4469125
2005-01-18,2.954166666666667,1272.0416666666667,14.633333333333333,1078.7916666666667,590.4583333333334,667.3333333333334,163.91666666666666,1306.375,1494.5833333333333,5.2875000000000005,66.27499999999999,0.6079666666666667
2005-01-19,0.7374999999999999,966.6666666666666,4.625,727.7083333333334,185.91666666666666,916.25,108.04166666666667,1072.4583333333333,762.375,7.816666666666666,64.99583333333334,0.6894999999999999
2005-01-20,2.533333333333333,1090.1666666666667,10.6,947.375,392.0833333333333,782.4583333333334,131.08333333333334,1136.75,1152.7916666666667,10.075000000000001,44.24583333333334,0.5263416666666667
2005-01-21,2.9416666666666664,1379.375,17.158333333333335,1180.9166666666667,573.2083333333334,560.3333333333334,156.41666666666666,1406.0416666666667,1756.625,9.095833333333333,59.06666666666666,0.6830458333333334
2005-01-22,1.0375,1283.25,13.904166666666667,1105.5416666666667,519.7916666666666,600.8333333333334,177.25,1283.5,1468.9166666666667,9.941666666666666,55.854166666666664,0.6523541666666667
2005-01-23,0.03333333333333333,1044.8333333333333,5.8999999999999995,795.2916666666666,226.41666666666666,846.125,136.75,998.75,1027.7083333333333,5.816666666666666,53.88333333333333,0.5014124999999999
2005-01-24,0.7125,967.375,5.420833333333333,762.0,187.08333333333334,909.1666666666666,117.33333333333333,977.4583333333334,794.9166666666666,7.675,47.88333333333333,0.4938125
2005-01-25,0.2916666666666667,856.0416666666666,2.779166666666667,611.375,141.29166666666666,1164.2916666666667,93.70833333333333,869.375,527.2916666666666,4.5125,50.97083333333333,0.43231250000000004
2005-01-26,0.3541666666666667,871.0833333333334,3.2416666666666667,636.125,155.95833333333334,1130.0416666666667,104.625,873.0416666666666,567.75,4.208333333333333,49.48333333333333,0.4119333333333333
2005-01-27,1.2583333333333333,912.0,4.345833333333333,703.375,187.0,997.0833333333334,119.875,870.9583333333334,691.625,5.270833333333333,39.612500000000004,0.35432916666666664
2005-01-28,1.4541666666666666,651.3333333333334,2.858333333333333,492.7083333333333,196.125,693.7083333333334,131.95833333333334,626.875,487.7916666666667,2.8208333333333333,34.324999999999996,0.2818875
2005-01-29,0.9958333333333332,786.375,1.9291666666666665,535.0,117.70833333333333,1041.4583333333333,86.33333333333333,739.7916666666666,434.875,2.4,45.23333333333333,0.33731249999999996
2005-01-30,0.9375,864.8333333333334,1.9666666666666668,573.8333333333334,126.375,1136.8333333333333,92.75,763.7916666666666,474.5416666666667,4.8500000000000005,37.8375,0.3249958333333333
2005-01-31,2.495833333333333,1084.5416666666667,10.970833333333333,939.875,379.25,842.2916666666666,167.70833333333334,1001.5,1184.2916666666667,7.283333333333334,31.808333333333334,0.3119541666666667
2005-02-01,2.8666666666666667,1250.1666666666667,11.987499999999999,1016.5833333333334,481.0833333333333,644.7916666666666,156.16666666666666,1184.4166666666667,1559.0833333333333,6.625,51.74166666666667,0.5041875
2005-02-02,3.35,1177.25,12.225,1024.125,437.75,664.0833333333334,155.45833333333334,1132.2083333333333,1392.875,7.6125,43.9375,0.42635
2005-02-03,2.6,1243.9166666666667,12.570833333333333,1027.0416666666667,488.2916666666667,649.75,194.16666666666666,1212.2083333333333,1528.5833333333333,7.254166666666666,50.9625,0.5132416666666667
2005-02-04,1.8499999999999999,1091.2083333333333,8.470833333333333,897.1666666666666,330.9583333333333,731.375,173.25,1081.75,1163.4166666666667,7.466666666666666,50.17916666666667,0.4960291666666667
2005-02-05,1.4333333333333333,1000.7916666666666,5.3999999999999995,775.0,262.4583333333333,845.0416666666666,158.875,926.8333333333334,923.4583333333334,5.570833333333333,46.604166666666664,0.41095
2005-02-06,1.1458333333333333,921.1666666666666,3.2875,661.4583333333334,172.83333333333334,987.875,127.70833333333333,821.75,735.875,5.304166666666666,39.6,0.3437333333333334
2005-02-07,1.3958333333333333,981.2083333333334,4.716666666666667,727.25,208.41666666666666,899.0833333333334,144.91666666666666,873.25,813.7916666666666,7.304166666666666,35.4,0.35299166666666665
2005-02-08,1.4375,707.9166666666666,3.545833333333333,514.625,232.16666666666666,654.6666666666666,145.625,640.5416666666666,582.3333333333334,6.208333333333333,25.587500000000002,0.28034166666666666
2005-02-09,1.9083333333333332,0.0,0.0,0.0,231.70833333333334,0.0,150.75,0.0,0.0,0.0,0.0,0.0
2005-02-10,2.970833333333333,0.0,0.0,0.0,352.875,0.0,166.5,0.0,0.0,0.0,0.0,0.0
2005-02-11,4.1625000000000005,183.83333333333334,1.7666666666666666,139.875,582.4583333333334,63.833333333333336,214.04166666666666,164.45833333333334,255.45833333333334,0.9958333333333332,6.7625,0.07246666666666667
2005-02-12,3.3625000000000003,1480.875,15.2125,1138.1666666666667,559.0,516.25,206.5,1368.875,1899.125,8.316666666666666,59.15,0.6482583333333333
2005-02-13,2.3333333333333335,1338.9166666666667,9.716666666666667,952.6666666666666,311.9583333333333,607.5833333333334,143.33333333333334,1322.9166666666667,1285.625,12.854166666666666,60.666666666666664,0.8578875
2005-02-14,1.6875,1018.375,8.291666666666666,875.5833333333334,216.20833333333334,776.7083333333334,131.70833333333334,1020.7916666666666,937.1666666666666,10.479166666666666,40.69583333333333,0.50375
2005-02-15,1.3958333333333333,949.0416666666666,5.629166666666666,760.5833333333334,219.45833333333334,936.9583333333334,127.66666666666667,881.125,766.3333333333334,8.9625,30.212500000000002,0.33683749999999996
2005-02-16,2.2041666666666666,1128.25,9.141666666666667,926.2083333333334,357.5833333333333,692.875,171.29166666666666,1052.3333333333333,1225.75,6.491666666666667,42.625,0.4093333333333333
2005-02-17,1.7666666666666666,1059.9166666666667,6.2250000000000005,802.4583333333334,249.79166666666666,794.7083333333334,144.04166666666666,1000.9166666666666,930.2083333333334,7.491666666666667,44.4,0.46307499999999996
2005-02-18,1.7958333333333334,1055.5416666666667,6.891666666666667,819.2083333333334,271.6666666666667,812.7916666666666,143.41666666666666,1012.5,891.0833333333334,8.504166666666666,42.18333333333333,0.46239583333333334
2005-02-19,1.7833333333333332,1083.4166666666667,6.241666666666667,809.4583333333334,277.0,770.125,164.08333333333334,997.8333333333334,1114.0833333333333,6.733333333333333,47.69166666666666,0.4547791666666667
2005-02-20,1.1875,1031.0416666666667,3.4291666666666667,667.0833333333334,144.95833333333334,891.0,106.79166666666667,987.0,737.9166666666666,8.304166666666667,54.175000000000004,0.5936166666666667
2005-02-21,1.929166666666667,1106.4583333333333,7.066666666666666,820.2083333333334,254.70833333333334,786.9583333333334,153.625,1179.4166666666667,879.75,5.75,74.3,0.6858208333333334
2005-02-22,1.9958333333333333,1083.4166666666667,7.720833333333334,842.7916666666666,284.375,795.0833333333334,169.16666666666666,1182.7916666666667,885.6666666666666,5.4125000000000005,75.1625,0.6742750000000001
2005-02-23,1.7125000000000001,1039.125,6.245833333333334,792.875,266.7083333333333,833.5416666666666,169.125,1113.0416666666667,871.625,4.320833333333334,78.37916666666666,0.6580625
2005-02-24,2.15,1141.9583333333333,8.6,891.0833333333334,365.0833333333333,724.1666666666666,194.54166666666666,1220.0416666666667,1110.6666666666667,5.270833333333333,78.72500000000001,0.7039124999999999
2005-02-25,2.4291666666666667,1129.5416666666667,9.541666666666666,937.0,296.0416666666667,697.8333333333334,142.45833333333334,1212.0416666666667,1099.7916666666667,7.920833333333333,62.69583333333333,0.6468708333333333
2005-02-26,2.341666666666667,1001.75,5.304166666666666,768.25,217.29166666666666,844.25,124.125,999.0833333333334,835.0416666666666,6.604166666666667,56.79583333333333,0.5480625
2005-02-27,1.6875,971.6666666666666,4.404166666666667,722.0416666666666,200.95833333333334,896.4166666666666,122.20833333333333,925.5,763.5416666666666,6.008333333333333,52.10833333333333,0.47575416666666664
2005-02-28,1.0250000000000001,834.25,2.6374999999999997,606.7916666666666,153.625,1149.7083333333333,97.04166666666667,750.0833333333334,445.4166666666667,2.8874999999999997,42.666666666666664,0.3272291666666667
2005-03-01,1.0208333333333333,820.1666666666666,2.9333333333333336,618.9166666666666,175.08333333333334,1191.8333333333333,95.29166666666667,699.0833333333334,482.7083333333333,1.5083333333333335,35.104166666666664,0.24000416666666669
2005-03-02,1.8,970.9166666666666,7.4624999999999995,831.125,313.5416666666667,904.5833333333334,143.45833333333334,874.375,981.9583333333334,4.654166666666667,32.0375,0.251825
2005-03-03,2.1666666666666665,1184.2916666666667,8.15,884.7083333333334,365.0833333333333,686.8333333333334,152.91666666666666,1162.4166666666667,1304.25,4.591666666666667,67.45833333333333,0.5775458333333333
2005-03-04,2.920833333333333,1214.7916666666667,11.408333333333333,994.9166666666666,426.8333333333333,650.4583333333334,163.33333333333334,1282.3333333333333,1369.75,7.1875,62.19166666666666,0.6202791666666666
2005-03-05,1.7166666666666668,1050.7083333333333,6.3625,820.0833333333334,248.95833333333334,780.5416666666666,145.70833333333334,1053.9166666666667,923.0,8.233333333333333,51.93333333333334,0.5436166666666666
2005-03-06,1.3333333333333333,947.7083333333334,3.8791666666666664,676.5833333333334,163.54166666666666,992.9583333333334,115.41666666666667,894.1666666666666,600.7083333333334,8.75,43.88333333333333,0.4782
2005-03-07,1.5541666666666665,953.9583333333334,5.1375,739.4166666666666,241.625,939.6666666666666,140.04166666666666,866.7083333333334,722.3333333333334,6.9375,39.204166666666666,0.3822125
2005-03-08,2.3833333333333333,1081.8333333333333,10.270833333333334,947.375,399.6666666666667,740.5416666666666,170.45833333333334,1048.625,1238.75,7.5249999999999995,39.19166666666667,0.36883333333333335
2005-03-09,2.620833333333333,1227.2916666666667,11.325000000000001,985.875,397.6666666666667,648.6666666666666,149.04166666666666,1236.9166666666667,1425.7916666666667,9.345833333333333,49.395833333333336,0.5727916666666667
2005-03-10,2.35,1136.9583333333333,9.9375,947.5833333333334,363.5,671.0416666666666,138.25,1166.9166666666667,1291.9166666666667,11.266666666666666,46.46666666666667,0.5438375
2005-03-11,1.6125,1121.5,9.933333333333334,915.4583333333334,379.2916666666667,643.1666666666666,159.45833333333334,1145.375,1166.1666666666667,10.6,42.90416666666667,0.5544083333333333
2005-03-12,0.6166666666666667,1116.625,5.641666666666667,779.2083333333334,239.125,722.9166666666666,130.04166666666666,1147.2916666666667,792.875,13.083333333333334,52.3125,0.7645916666666667
2005-03-13,0.65,1133.875,5.3999999999999995,758.1666666666666,241.375,769.0,124.33333333333333,1149.375,816.7083333333334,14.383333333333333,49.925000000000004,0.8071208333333333
2005-03-14,2.308333333333333,1236.7916666666667,10.799999999999999,968.625,361.7083333333333,620.1666666666666,147.41666666666666,1343.9166666666667,1245.4166666666667,14.254166666666668,52.958333333333336,0.8220333333333333
2005-03-15,2.4916666666666667,1219.0833333333333,11.216666666666667,966.7916666666666,364.75,649.875,147.16666666666666,1324.9583333333333,1196.3333333333333,15.762500000000001,47.020833333333336,0.7799166666666667
2005-03-16,2.529166666666667,1229.9166666666667,11.854166666666666,1000.875,387.375,624.9166666666666,163.16666666666666,1298.9583333333333,1323.4583333333333,16.841666666666665,43.333333333333336,0.7267625
2005-03-17,2.3916666666666666,1217.9583333333333,10.862499999999999,969.9583333333334,360.0416666666667,629.25,157.29166666666666,1282.3333333333333,1254.3333333333333,17.2625,41.604166666666664,0.7395125
2005-03-18,2.6750000000000003,1232.4166666666667,11.841666666666667,1007.2916666666666,374.9583333333333,603.3333333333334,166.25,1318.7916666666667,1257.4583333333333,15.683333333333332,45.99166666666667,0.7457625
2005-03-19,1.9124999999999999,1186.75,7.270833333333333,851.8333333333334,265.5833333333333,655.9583333333334,141.54166666666666,1277.9583333333333,1025.375,14.783333333333333,57.49166666666667,0.9382375000000001
2005-03-20,1.55,1110.6666666666667,5.529166666666666,770.6666666666666,219.16666666666666,736.0,113.58333333333333,1203.5,807.625,16.229166666666668,53.5,0.9499583333333333
2005-03-21,2.5458333333333334,1226.75,11.029166666666667,967.9583333333334,318.5416666666667,617.625,136.5,1425.875,1154.5,16.616666666666667,55.52916666666667,1.0056458333333333
2005-03-22,2.433333333333333,1197.9166666666667,10.620833333333334,958.1666666666666,290.9166666666667,638.4166666666666,123.70833333333333,1365.125,1153.9583333333333,17.108333333333334,51.50416666666666,0.9460916666666667
2005-03-23,2.8249999999999997,1273.0,13.116666666666667,1039.9166666666667,379.7083333333333,581.625,140.79166666666666,1425.0,1346.7916666666667,18.8125,44.98333333333333,0.9105208333333333
2005-03-24,2.6750000000000003,1343.4166666666667,13.3375,1052.25,417.8333333333333,555.7916666666666,135.875,1452.0416666666667,1467.75,17.166666666666668,49.56666666666667,0.95155
2005-03-25,2.504166666666667,1341.7916666666667,12.995833333333332,1051.2916666666667,369.7916666666667,549.0833333333334,137.29166666666666,1560.4583333333333,1334.7083333333333,17.6875,62.75833333333333,1.2323583333333332
2005-03-26,1.675,1216.5416666666667,8.395833333333334,910.5416666666666,252.04166666666666,590.0416666666666,106.54166666666667,1407.25,1185.875,18.954166666666666,57.9,1.2262208333333333
2005-03-27,1.3375000000000001,1106.3333333333333,4.316666666666666,723.1666666666666,184.91666666666666,726.0416666666666,92.58333333333333,1305.0416666666667,884.75,15.612499999999999,72.45,1.2701416666666667
2005-03-28,1.5,1079.6666666666667,4.908333333333333,745.1666666666666,202.70833333333334,748.125,103.04166666666667,1280.75,829.5833333333334,17.933333333333334,60.76666666666667,1.1860708333333332
2005-03-29,2.2416666666666667,1163.3333333333333,10.108333333333333,943.4166666666666,302.6666666666667,632.0833333333334,123.0,1429.9583333333333,1133.3333333333333,15.916666666666666,62.5375,1.1164625000000001
2005-03-30,1.9166666666666667,1106.0,8.991666666666667,908.7916666666666,261.2083333333333,665.8333333333334,122.125,1328.6666666666667,1067.4166666666667,17.433333333333334,54.0375,0.9967625
2005-03-31,1.3875,1008.125,5.220833333333333,749.4166666666666,185.08333333333334,795.6666666666666,100.70833333333333,1176.5416666666667,763.8333333333334,17.55,50.083333333333336,0.9519166666666666
2005-04-01,1.0625,903.2916666666666,3.4125,663.0,161.83333333333334,946.875,107.33333333333333,943.25,523.9583333333334,15.929166666666667,35.9625,0.6365291666666667
2005-04-02,0.8541666666666666,890.9583333333334,2.529166666666667,616.2916666666666,142.375,991.75,100.16666666666667,864.3333333333334,481.75,15.483333333333334,32.225,0.5461666666666667
2005-04-03,1.1416666666666666,981.375,4.316666666666666,714.7083333333334,167.66666666666666,856.1666666666666,111.125,985.1666666666666,717.0833333333334,18.383333333333333,33.69583333333333,0.6175833333333334
2005-04-04,1.9400000000000002,1090.5333333333333,8.44,862.2666666666667,263.3333333333333,745.2666666666667,122.0,1195.0666666666666,995.2666666666667,16.96,42.78666666666666,0.7247866666666667
